timestamp,equity
2026-01-02T15:00:00+00:00,99995.0
2026-01-02T15:15:00+00:00,99995.0
2026-01-02T15:30:00+00:00,99995.0
2026-01-02T15:45:00+00:00,99995.0
2026-01-02T16:00:00+00:00,99995.0
2026-01-02T16:15:00+00:00,99995.0
2026-01-02T16:30:00+00:00,99995.0
2026-01-02T16:45:00+00:00,99995.0
2026-01-02T17:00:00+00:00,99995.0
2026-01-02T17:15:00+00:00,99995.0
2026-01-02T17:30:00+00:00,99995.0
2026-01-02T17:45:00+00:00,99995.0
2026-01-02T18:00:00+00:00,99995.0
2026-01-02T18:15:00+00:00,99995.0
2026-01-02T18:30:00+00:00,99995.0
2026-01-02T18:45:00+00:00,99995.0
2026-01-02T19:00:00+00:00,99995.0
2026-01-02T19:15:00+00:00,99995.0
2026-01-02T19:30:00+00:00,99995.0
2026-01-02T19:45:00+00:00,99995.0
2026-01-02T20:00:00+00:00,99995.0
2026-01-02T20:10:00+00:00,99995.0
2026-01-05T15:00:00+00:00,99718.1
2026-01-05T15:15:00+00:00,99718.1
2026-01-05T15:30:00+00:00,99718.1
2026-01-05T15:45:00+00:00,99718.1
2026-01-05T16:00:00+00:00,99718.1
2026-01-05T16:15:00+00:00,99718.1
2026-01-05T16:30:00+00:00,99718.1
2026-01-05T16:45:00+00:00,99718.1
2026-01-05T17:00:00+00:00,99718.1
2026-01-05T17:15:00+00:00,99718.1
2026-01-05T17:30:00+00:00,99718.1
2026-01-05T17:45:00+00:00,99718.1
2026-01-05T18:00:00+00:00,99718.1
2026-01-05T18:15:00+00:00,99718.1
2026-01-05T18:30:00+00:00,99718.1
2026-01-05T18:45:00+00:00,99718.1
2026-01-05T19:00:00+00:00,99718.1
2026-01-05T19:15:00+00:00,99718.1
2026-01-05T19:30:00+00:00,99718.1
2026-01-05T19:45:00+00:00,99718.1
2026-01-05T20:00:00+00:00,99718.1
2026-01-05T20:10:00+00:00,99718.1
2026-01-06T15:00:00+00:00,99712.1
2026-01-06T15:15:00+00:00,99712.1
2026-01-06T15:30:00+00:00,99712.1
2026-01-06T15:45:00+00:00,99712.1
2026-01-06T16:00:00+00:00,99712.1
2026-01-06T16:15:00+00:00,99712.1
2026-01-06T16:30:00+00:00,99712.1
2026-01-06T16:45:00+00:00,99712.1
2026-01-06T17:00:00+00:00,99712.1
2026-01-06T17:15:00+00:00,99712.1
2026-01-06T17:30:00+00:00,99712.1
2026-01-06T17:45:00+00:00,99712.1
2026-01-06T18:00:00+00:00,99712.1
2026-01-06T18:15:00+00:00,99712.1
2026-01-06T18:30:00+00:00,99679.6
2026-01-06T18:45:00+00:00,99646.76
2026-01-06T19:00:00+00:00,99646.76
2026-01-06T19:15:00+00:00,99646.76
2026-01-06T19:30:00+00:00,99646.76
2026-01-06T19:45:00+00:00,99646.76
2026-01-06T20:00:00+00:00,99646.76
2026-01-06T20:10:00+00:00,99646.76
2026-01-07T15:00:00+00:00,99624.76
2026-01-07T15:15:00+00:00,99624.76
2026-01-07T15:30:00+00:00,99624.76
2026-01-07T15:45:00+00:00,99624.76
2026-01-07T16:00:00+00:00,99624.76
2026-01-07T16:15:00+00:00,99624.76
2026-01-07T16:30:00+00:00,99624.76
2026-01-07T16:45:00+00:00,99624.76
2026-01-07T17:00:00+00:00,99624.76
2026-01-07T17:15:00+00:00,99624.76
2026-01-07T17:30:00+00:00,99624.76
2026-01-07T17:45:00+00:00,99624.76
2026-01-07T18:00:00+00:00,99624.76
2026-01-07T18:15:00+00:00,99624.76
2026-01-07T18:30:00+00:00,99624.76
2026-01-07T18:45:00+00:00,99624.76
2026-01-07T19:00:00+00:00,99624.76
2026-01-07T19:15:00+00:00,99624.76
2026-01-07T19:30:00+00:00,99624.76
2026-01-07T19:45:00+00:00,99624.76
2026-01-07T20:00:00+00:00,99624.76
2026-01-07T20:10:00+00:00,99624.76
2026-01-08T15:00:00+00:00,99698.76
2026-01-08T15:15:00+00:00,99698.76
2026-01-08T15:30:00+00:00,99698.76
2026-01-08T15:45:00+00:00,99698.76
2026-01-08T16:00:00+00:00,99698.76
2026-01-08T16:15:00+00:00,99698.76
2026-01-08T16:30:00+00:00,99698.76
2026-01-08T16:45:00+00:00,99698.76
2026-01-08T17:00:00+00:00,99698.76
2026-01-08T17:15:00+00:00,99698.76
2026-01-08T17:30:00+00:00,99698.76
2026-01-08T17:45:00+00:00,99698.76
2026-01-08T18:00:00+00:00,99698.76
2026-01-08T18:15:00+00:00,99698.76
2026-01-08T18:30:00+00:00,99698.76
2026-01-08T18:45:00+00:00,99698.76
2026-01-08T19:00:00+00:00,99698.76
2026-01-08T19:15:00+00:00,99698.76
2026-01-08T19:30:00+00:00,99698.76
2026-01-08T19:45:00+00:00,99698.76
2026-01-08T20:00:00+00:00,99698.76
2026-01-08T20:10:00+00:00,99698.76
2026-01-09T15:00:00+00:00,99768.76
2026-01-09T15:15:00+00:00,99768.76
2026-01-09T15:30:00+00:00,99768.76
2026-01-09T15:45:00+00:00,99768.76
2026-01-09T16:00:00+00:00,99768.76
2026-01-09T16:15:00+00:00,99768.76
2026-01-09T16:30:00+00:00,99768.76
2026-01-09T16:45:00+00:00,99768.76
2026-01-09T17:00:00+00:00,99768.76
2026-01-09T17:15:00+00:00,99768.76
2026-01-09T17:30:00+00:00,99768.76
2026-01-09T17:45:00+00:00,99768.76
2026-01-09T18:00:00+00:00,99768.76
2026-01-09T18:15:00+00:00,99768.76
2026-01-09T18:30:00+00:00,99768.76
2026-01-09T18:45:00+00:00,99768.76
2026-01-09T19:00:00+00:00,99768.76
2026-01-09T19:15:00+00:00,99768.76
2026-01-09T19:30:00+00:00,99768.76
2026-01-09T19:45:00+00:00,99768.76
2026-01-09T20:00:00+00:00,99768.76
2026-01-09T20:10:00+00:00,99768.76
2026-01-12T15:00:00+00:00,99784.76
2026-01-12T15:15:00+00:00,99784.76
2026-01-12T15:30:00+00:00,99784.76
2026-01-12T15:45:00+00:00,99784.76
2026-01-12T16:00:00+00:00,99784.76
2026-01-12T16:15:00+00:00,99784.76
2026-01-12T16:30:00+00:00,99784.76
2026-01-12T16:45:00+00:00,99784.76
2026-01-12T17:00:00+00:00,99784.76
2026-01-12T17:15:00+00:00,99784.76
2026-01-12T17:30:00+00:00,99784.76
2026-01-12T17:45:00+00:00,99784.76
2026-01-12T18:00:00+00:00,99784.76
2026-01-12T18:15:00+00:00,99784.76
2026-01-12T18:30:00+00:00,99784.76
2026-01-12T18:45:00+00:00,99784.76
2026-01-12T19:00:00+00:00,99784.76
2026-01-12T19:15:00+00:00,99784.76
2026-01-12T19:30:00+00:00,99784.76
2026-01-12T19:45:00+00:00,99784.76
2026-01-12T20:00:00+00:00,99784.76
2026-01-12T20:10:00+00:00,99784.76
2026-01-13T15:00:00+00:00,99862.18
2026-01-13T15:15:00+00:00,99862.18
2026-01-13T15:30:00+00:00,99862.18
2026-01-13T15:45:00+00:00,99862.18
2026-01-13T16:00:00+00:00,99862.18
2026-01-13T16:15:00+00:00,99862.18
2026-01-13T16:30:00+00:00,99862.18
2026-01-13T16:45:00+00:00,99862.18
2026-01-13T17:00:00+00:00,99862.18
2026-01-13T17:15:00+00:00,99862.18
2026-01-13T17:30:00+00:00,99862.18
2026-01-13T17:45:00+00:00,99862.18
2026-01-13T18:00:00+00:00,99862.18
2026-01-13T18:15:00+00:00,99862.18
2026-01-13T18:30:00+00:00,99862.18
2026-01-13T18:45:00+00:00,99862.18
2026-01-13T19:00:00+00:00,99862.18
2026-01-13T19:15:00+00:00,99862.18
2026-01-13T19:30:00+00:00,99862.18
2026-01-13T19:45:00+00:00,99862.18
2026-01-13T20:00:00+00:00,99862.18
2026-01-13T20:10:00+00:00,99862.18
2026-01-14T15:00:00+00:00,99853.18
2026-01-14T15:15:00+00:00,99853.18
2026-01-14T15:30:00+00:00,99853.18
2026-01-14T15:45:00+00:00,99853.18
2026-01-14T16:00:00+00:00,99853.18
2026-01-14T16:15:00+00:00,99853.18
2026-01-14T16:30:00+00:00,99853.18
2026-01-14T16:45:00+00:00,99853.18
2026-01-14T17:00:00+00:00,99853.18
2026-01-14T17:15:00+00:00,99853.18
2026-01-14T17:30:00+00:00,99853.18
2026-01-14T17:45:00+00:00,99853.18
2026-01-14T18:00:00+00:00,99853.18
2026-01-14T18:15:00+00:00,99853.18
2026-01-14T18:30:00+00:00,99853.18
2026-01-14T18:45:00+00:00,99853.18
2026-01-14T19:00:00+00:00,99853.18
2026-01-14T19:15:00+00:00,99853.18
2026-01-14T19:30:00+00:00,99853.18
2026-01-14T19:45:00+00:00,99853.18
2026-01-14T20:00:00+00:00,99853.18
2026-01-14T20:10:00+00:00,99853.18
2026-01-15T15:00:00+00:00,99887.18
2026-01-15T15:15:00+00:00,99887.18
2026-01-15T15:30:00+00:00,99887.18
2026-01-15T15:45:00+00:00,99887.18
2026-01-15T16:00:00+00:00,99887.18
2026-01-15T16:15:00+00:00,99887.18
2026-01-15T16:30:00+00:00,99887.18
2026-01-15T16:45:00+00:00,99887.18
2026-01-15T17:00:00+00:00,99887.18
2026-01-15T17:15:00+00:00,99887.18
2026-01-15T17:30:00+00:00,99887.18
2026-01-15T17:45:00+00:00,99887.18
2026-01-15T18:00:00+00:00,99887.18
2026-01-15T18:15:00+00:00,99887.18
2026-01-15T18:30:00+00:00,99887.18
2026-01-15T18:45:00+00:00,99887.18
2026-01-15T19:00:00+00:00,99887.18
2026-01-15T19:15:00+00:00,99887.18
2026-01-15T19:30:00+00:00,99887.18
2026-01-15T19:45:00+00:00,99887.18
2026-01-15T20:00:00+00:00,99887.18
2026-01-15T20:10:00+00:00,99887.18
2026-01-16T15:00:00+00:00,100122.18
2026-01-16T15:15:00+00:00,100122.18
2026-01-16T15:30:00+00:00,100122.18
2026-01-16T15:45:00+00:00,100122.18
2026-01-16T16:00:00+00:00,100122.18
2026-01-16T16:15:00+00:00,100122.18
2026-01-16T16:30:00+00:00,100122.18
2026-01-16T16:45:00+00:00,100122.18
2026-01-16T17:00:00+00:00,100122.18
2026-01-16T17:15:00+00:00,100122.18
2026-01-16T17:30:00+00:00,100122.18
2026-01-16T17:45:00+00:00,100122.18
2026-01-16T18:00:00+00:00,100122.18
2026-01-16T18:15:00+00:00,100122.18
2026-01-16T18:30:00+00:00,100122.18
2026-01-16T18:45:00+00:00,100122.18
2026-01-16T19:00:00+00:00,100122.18
2026-01-16T19:15:00+00:00,100122.18
2026-01-16T19:30:00+00:00,100122.18
2026-01-16T19:45:00+00:00,100122.18
2026-01-16T20:00:00+00:00,100122.18
2026-01-16T20:10:00+00:00,100122.18
2026-01-20T15:00:00+00:00,99895.51
2026-01-20T15:15:00+00:00,99895.51
2026-01-20T15:30:00+00:00,99895.51
2026-01-20T15:45:00+00:00,99895.51
2026-01-20T16:00:00+00:00,99895.51
2026-01-20T16:15:00+00:00,99895.51
2026-01-20T16:30:00+00:00,99895.51
2026-01-20T16:45:00+00:00,99895.51
2026-01-20T17:00:00+00:00,99895.51
2026-01-20T17:15:00+00:00,99895.51
2026-01-20T17:30:00+00:00,99895.51
2026-01-20T17:45:00+00:00,99895.51
2026-01-20T18:00:00+00:00,99895.51
2026-01-20T18:15:00+00:00,99895.51
2026-01-20T18:30:00+00:00,99895.51
2026-01-20T18:45:00+00:00,99895.51
2026-01-20T19:00:00+00:00,99895.51
2026-01-20T19:15:00+00:00,99895.51
2026-01-20T19:30:00+00:00,99895.51
2026-01-20T19:45:00+00:00,99895.51
2026-01-20T20:00:00+00:00,99895.51
2026-01-20T20:10:00+00:00,99895.51
2026-01-21T15:00:00+00:00,99774.51
2026-01-21T15:15:00+00:00,99774.51
2026-01-21T15:30:00+00:00,99774.51
2026-01-21T15:45:00+00:00,99774.51
2026-01-21T16:00:00+00:00,99774.51
2026-01-21T16:15:00+00:00,99774.51
2026-01-21T16:30:00+00:00,99774.51
2026-01-21T16:45:00+00:00,99774.51
2026-01-21T17:00:00+00:00,99774.51
2026-01-21T17:15:00+00:00,99774.51
2026-01-21T17:30:00+00:00,99774.51
2026-01-21T17:45:00+00:00,99774.51
2026-01-21T18:00:00+00:00,99774.51
2026-01-21T18:15:00+00:00,99774.51
2026-01-21T18:30:00+00:00,99774.51
2026-01-21T18:45:00+00:00,99774.51
2026-01-21T19:00:00+00:00,99774.51
2026-01-21T19:15:00+00:00,99774.51
2026-01-21T19:30:00+00:00,99774.51
2026-01-21T19:45:00+00:00,99774.51
2026-01-21T20:00:00+00:00,99774.51
2026-01-21T20:10:00+00:00,99774.51
2026-01-22T15:00:00+00:00,99100.93
2026-01-22T15:15:00+00:00,99100.93
2026-01-22T15:30:00+00:00,99083.21
2026-01-22T15:45:00+00:00,99083.21
2026-01-22T16:00:00+00:00,99083.21
2026-01-22T16:15:00+00:00,99083.21
2026-01-22T16:30:00+00:00,99083.21
2026-01-22T16:45:00+00:00,99083.21
2026-01-22T17:00:00+00:00,99083.21
2026-01-22T17:15:00+00:00,99083.21
2026-01-22T17:30:00+00:00,99083.21
2026-01-22T17:45:00+00:00,99056.86
2026-01-22T18:00:00+00:00,99056.86
2026-01-22T18:15:00+00:00,99056.86
2026-01-22T18:30:00+00:00,99056.86
2026-01-22T18:45:00+00:00,99056.86
2026-01-22T19:00:00+00:00,99056.86
2026-01-22T19:15:00+00:00,99056.86
2026-01-22T19:30:00+00:00,99056.86
2026-01-22T19:45:00+00:00,99056.86
2026-01-22T20:00:00+00:00,99056.86
2026-01-22T20:10:00+00:00,99056.86
2026-01-23T15:00:00+00:00,99149.86
2026-01-23T15:15:00+00:00,99149.86
2026-01-23T15:30:00+00:00,99149.86
2026-01-23T15:45:00+00:00,99149.86
2026-01-23T16:00:00+00:00,99149.86
2026-01-23T16:15:00+00:00,99149.86
2026-01-23T16:30:00+00:00,99149.86
2026-01-23T16:45:00+00:00,99149.86
2026-01-23T17:00:00+00:00,99149.86
2026-01-23T17:15:00+00:00,99149.86
2026-01-23T17:30:00+00:00,99149.86
2026-01-23T17:45:00+00:00,99149.86
2026-01-23T18:00:00+00:00,99149.86
2026-01-23T18:15:00+00:00,99149.86
2026-01-23T18:30:00+00:00,99149.86
2026-01-23T18:45:00+00:00,99149.86
2026-01-23T19:00:00+00:00,99149.86
2026-01-23T19:15:00+00:00,99149.86
2026-01-23T19:30:00+00:00,99149.86
2026-01-23T19:45:00+00:00,99149.86
2026-01-23T20:00:00+00:00,99149.86
2026-01-23T20:10:00+00:00,99149.86
2026-01-26T15:00:00+00:00,99335.86
2026-01-26T15:15:00+00:00,99335.86
2026-01-26T15:30:00+00:00,99335.86
2026-01-26T15:45:00+00:00,99335.86
2026-01-26T16:00:00+00:00,99335.86
2026-01-26T16:15:00+00:00,99335.86
2026-01-26T16:30:00+00:00,99335.86
2026-01-26T16:45:00+00:00,99335.86
2026-01-26T17:00:00+00:00,99335.86
2026-01-26T17:15:00+00:00,99335.86
2026-01-26T17:30:00+00:00,99335.86
2026-01-26T17:45:00+00:00,99335.86
2026-01-26T18:00:00+00:00,99335.86
2026-01-26T18:15:00+00:00,99335.86
2026-01-26T18:30:00+00:00,99335.86
2026-01-26T18:45:00+00:00,99335.86
2026-01-26T19:00:00+00:00,99335.86
2026-01-26T19:15:00+00:00,99335.86
2026-01-26T19:30:00+00:00,99335.86
2026-01-26T19:45:00+00:00,99335.86
2026-01-26T20:00:00+00:00,99335.86
2026-01-26T20:10:00+00:00,99335.86
2026-01-27T15:00:00+00:00,99235.32
2026-01-27T15:15:00+00:00,99235.32
2026-01-27T15:30:00+00:00,99235.32
2026-01-27T15:45:00+00:00,99235.32
2026-01-27T16:00:00+00:00,99235.32
2026-01-27T16:15:00+00:00,99235.32
2026-01-27T16:30:00+00:00,99235.32
2026-01-27T16:45:00+00:00,99235.32
2026-01-27T17:00:00+00:00,99235.32
2026-01-27T17:15:00+00:00,99235.32
2026-01-27T17:30:00+00:00,99235.32
2026-01-27T17:45:00+00:00,99235.32
2026-01-27T18:00:00+00:00,99235.32
2026-01-27T18:15:00+00:00,99235.32
2026-01-27T18:30:00+00:00,99235.32
2026-01-27T18:45:00+00:00,99235.32
2026-01-27T19:00:00+00:00,99235.32
2026-01-27T19:15:00+00:00,99235.32
2026-01-27T19:30:00+00:00,99235.32
2026-01-27T19:45:00+00:00,99235.32
2026-01-27T20:00:00+00:00,99235.32
2026-01-27T20:10:00+00:00,99235.32
2026-01-28T15:00:00+00:00,99269.32
2026-01-28T15:15:00+00:00,99269.32
2026-01-28T15:30:00+00:00,99269.32
2026-01-28T15:45:00+00:00,99269.32
2026-01-28T16:00:00+00:00,99269.32
2026-01-28T16:15:00+00:00,99269.32
2026-01-28T16:30:00+00:00,99269.32
2026-01-28T16:45:00+00:00,99269.32
2026-01-28T17:00:00+00:00,99269.32
2026-01-28T17:15:00+00:00,99269.32
2026-01-28T17:30:00+00:00,99269.32
2026-01-28T17:45:00+00:00,99269.32
2026-01-28T18:00:00+00:00,99269.32
2026-01-28T18:15:00+00:00,99269.32
2026-01-28T18:30:00+00:00,99269.32
2026-01-28T18:45:00+00:00,99269.32
2026-01-28T19:00:00+00:00,99269.32
2026-01-28T19:15:00+00:00,99269.32
2026-01-28T19:30:00+00:00,99269.32
2026-01-28T19:45:00+00:00,99269.32
2026-01-28T20:00:00+00:00,99269.32
2026-01-28T20:10:00+00:00,99269.32
2026-01-29T15:00:00+00:00,99405.32
2026-01-29T15:15:00+00:00,99405.32
2026-01-29T15:30:00+00:00,99405.32
2026-01-29T15:45:00+00:00,99405.32
2026-01-29T16:00:00+00:00,99405.32
2026-01-29T16:15:00+00:00,99405.32
2026-01-29T16:30:00+00:00,99405.32
2026-01-29T16:45:00+00:00,99405.32
2026-01-29T17:00:00+00:00,99405.32
2026-01-29T17:15:00+00:00,99405.32
2026-01-29T17:30:00+00:00,99405.32
2026-01-29T17:45:00+00:00,99405.32
2026-01-29T18:00:00+00:00,99405.32
2026-01-29T18:15:00+00:00,99405.32
2026-01-29T18:30:00+00:00,99405.32
2026-01-29T18:45:00+00:00,99405.32
2026-01-29T19:00:00+00:00,99405.32
2026-01-29T19:15:00+00:00,99405.32
2026-01-29T19:30:00+00:00,99405.32
2026-01-29T19:45:00+00:00,99405.32
2026-01-29T20:00:00+00:00,99405.32
2026-01-29T20:10:00+00:00,99405.32
2026-01-30T15:00:00+00:00,99339.32
2026-01-30T15:15:00+00:00,99339.32
2026-01-30T15:30:00+00:00,99339.32
2026-01-30T15:45:00+00:00,99339.32
2026-01-30T16:00:00+00:00,99339.32
2026-01-30T16:15:00+00:00,99339.32
2026-01-30T16:30:00+00:00,99339.32
2026-01-30T16:45:00+00:00,99339.32
2026-01-30T17:00:00+00:00,99339.32
2026-01-30T17:15:00+00:00,99339.32
2026-01-30T17:30:00+00:00,99339.32
2026-01-30T17:45:00+00:00,99339.32
2026-01-30T18:00:00+00:00,99339.32
2026-01-30T18:15:00+00:00,99339.32
2026-01-30T18:30:00+00:00,99339.32
2026-01-30T18:45:00+00:00,99339.32
2026-01-30T19:00:00+00:00,99339.32
2026-01-30T19:15:00+00:00,99339.32
2026-01-30T19:30:00+00:00,99339.32
2026-01-30T19:45:00+00:00,99339.32
2026-01-30T20:00:00+00:00,99339.32
2026-01-30T20:10:00+00:00,99339.32
2026-02-02T15:00:00+00:00,99403.32
2026-02-02T15:15:00+00:00,99403.32
2026-02-02T15:30:00+00:00,99403.32
2026-02-02T15:45:00+00:00,99403.32
2026-02-02T16:00:00+00:00,99403.32
2026-02-02T16:15:00+00:00,99403.32
2026-02-02T16:30:00+00:00,99403.32
2026-02-02T16:45:00+00:00,99403.32
2026-02-02T17:00:00+00:00,99403.32
2026-02-02T17:15:00+00:00,99403.32
2026-02-02T17:30:00+00:00,99403.32
2026-02-02T17:45:00+00:00,99403.32
2026-02-02T18:00:00+00:00,99403.32
2026-02-02T18:15:00+00:00,99403.32
2026-02-02T18:30:00+00:00,99403.32
2026-02-02T18:45:00+00:00,99403.32
2026-02-02T19:00:00+00:00,99403.32
2026-02-02T19:15:00+00:00,99403.32
2026-02-02T19:30:00+00:00,99403.32
2026-02-02T19:45:00+00:00,99403.32
2026-02-02T20:00:00+00:00,99403.32
2026-02-02T20:10:00+00:00,99403.32
2026-02-03T15:00:00+00:00,99307.75
2026-02-03T15:15:00+00:00,99307.75
2026-02-03T15:30:00+00:00,99307.75
2026-02-03T15:45:00+00:00,99307.75
2026-02-03T16:00:00+00:00,99307.75
2026-02-03T16:15:00+00:00,99267.75
2026-02-03T16:30:00+00:00,99267.75
2026-02-03T16:45:00+00:00,99267.75
2026-02-03T17:00:00+00:00,99267.75
2026-02-03T17:15:00+00:00,99267.75
2026-02-03T17:30:00+00:00,99267.75
2026-02-03T17:45:00+00:00,99267.75
2026-02-03T18:00:00+00:00,99267.75
2026-02-03T18:15:00+00:00,99267.75
2026-02-03T18:30:00+00:00,99267.75
2026-02-03T18:45:00+00:00,99267.75
2026-02-03T19:00:00+00:00,99267.75
2026-02-03T19:15:00+00:00,99267.75
2026-02-03T19:30:00+00:00,99267.75
2026-02-03T19:45:00+00:00,99267.75
2026-02-03T20:00:00+00:00,99267.75
2026-02-03T20:10:00+00:00,99267.75
2026-02-04T15:00:00+00:00,98921.75
2026-02-04T15:15:00+00:00,98921.75
2026-02-04T15:30:00+00:00,98921.75
2026-02-04T15:45:00+00:00,98921.75
2026-02-04T16:00:00+00:00,98921.75
2026-02-04T16:15:00+00:00,98921.75
2026-02-04T16:30:00+00:00,98921.75
2026-02-04T16:45:00+00:00,98921.75
2026-02-04T17:00:00+00:00,98921.75
2026-02-04T17:15:00+00:00,98921.75
2026-02-04T17:30:00+00:00,98921.75
2026-02-04T17:45:00+00:00,98921.75
2026-02-04T18:00:00+00:00,98921.75
2026-02-04T18:15:00+00:00,98921.75
2026-02-04T18:30:00+00:00,98921.75
2026-02-04T18:45:00+00:00,98921.75
2026-02-04T19:00:00+00:00,98921.75
2026-02-04T19:15:00+00:00,98921.75
2026-02-04T19:30:00+00:00,98921.75
2026-02-04T19:45:00+00:00,98921.75
2026-02-04T20:00:00+00:00,98921.75
2026-02-04T20:10:00+00:00,98921.75
2026-02-05T15:00:00+00:00,99023.75
2026-02-05T15:15:00+00:00,99023.75
2026-02-05T15:30:00+00:00,99023.75
2026-02-05T15:45:00+00:00,99023.75
2026-02-05T16:00:00+00:00,99023.75
2026-02-05T16:15:00+00:00,99023.75
2026-02-05T16:30:00+00:00,99023.75
2026-02-05T16:45:00+00:00,99023.75
2026-02-05T17:00:00+00:00,99023.75
2026-02-05T17:15:00+00:00,99023.75
2026-02-05T17:30:00+00:00,99023.75
2026-02-05T17:45:00+00:00,99023.75
2026-02-05T18:00:00+00:00,99023.75
2026-02-05T18:15:00+00:00,99023.75
2026-02-05T18:30:00+00:00,99023.75
2026-02-05T18:45:00+00:00,99023.75
2026-02-05T19:00:00+00:00,99023.75
2026-02-05T19:15:00+00:00,99023.75
2026-02-05T19:30:00+00:00,99023.75
2026-02-05T19:45:00+00:00,99023.75
2026-02-05T20:00:00+00:00,99023.75
2026-02-05T20:10:00+00:00,99023.75
2026-02-06T15:00:00+00:00,98976.81
2026-02-06T15:15:00+00:00,98976.81
2026-02-06T15:30:00+00:00,98976.81
2026-02-06T15:45:00+00:00,98976.81
2026-02-06T16:00:00+00:00,98976.81
2026-02-06T16:15:00+00:00,98976.81
2026-02-06T16:30:00+00:00,98976.81
2026-02-06T16:45:00+00:00,98976.81
2026-02-06T17:00:00+00:00,98976.81
2026-02-06T17:15:00+00:00,98976.81
2026-02-06T17:30:00+00:00,98976.81
2026-02-06T17:45:00+00:00,98976.81
2026-02-06T18:00:00+00:00,98976.81
2026-02-06T18:15:00+00:00,98976.81
2026-02-06T18:30:00+00:00,98976.81
2026-02-06T18:45:00+00:00,98976.81
2026-02-06T19:00:00+00:00,98976.81
2026-02-06T19:15:00+00:00,98976.81
2026-02-06T19:30:00+00:00,98976.81
2026-02-06T19:45:00+00:00,98976.81
2026-02-06T20:00:00+00:00,98976.81
2026-02-06T20:10:00+00:00,98976.81
2026-02-09T15:00:00+00:00,98925.81
2026-02-09T15:15:00+00:00,98925.81
2026-02-09T15:30:00+00:00,98925.81
2026-02-09T15:45:00+00:00,98925.81
2026-02-09T16:00:00+00:00,98925.81
2026-02-09T16:15:00+00:00,98925.81
2026-02-09T16:30:00+00:00,98925.81
2026-02-09T16:45:00+00:00,98925.81
2026-02-09T17:00:00+00:00,98925.81
2026-02-09T17:15:00+00:00,98925.81
2026-02-09T17:30:00+00:00,98925.81
2026-02-09T17:45:00+00:00,98925.81
2026-02-09T18:00:00+00:00,98925.81
2026-02-09T18:15:00+00:00,98925.81
2026-02-09T18:30:00+00:00,98925.81
2026-02-09T18:45:00+00:00,98925.81
2026-02-09T19:00:00+00:00,98925.81
2026-02-09T19:15:00+00:00,98925.81
2026-02-09T19:30:00+00:00,98925.81
2026-02-09T19:45:00+00:00,98925.81
2026-02-09T20:00:00+00:00,98925.81
2026-02-09T20:10:00+00:00,98925.81
2026-02-10T15:00:00+00:00,98706.29
2026-02-10T15:15:00+00:00,98706.29
2026-02-10T15:30:00+00:00,98706.29
2026-02-10T15:45:00+00:00,98706.29
2026-02-10T16:00:00+00:00,98706.29
2026-02-10T16:15:00+00:00,98706.29
2026-02-10T16:30:00+00:00,98706.29
2026-02-10T16:45:00+00:00,98706.29
2026-02-10T17:00:00+00:00,98706.29
2026-02-10T17:15:00+00:00,98706.29
2026-02-10T17:30:00+00:00,98706.29
2026-02-10T17:45:00+00:00,98706.29
2026-02-10T18:00:00+00:00,98706.29
2026-02-10T18:15:00+00:00,98706.29
2026-02-10T18:30:00+00:00,98706.29
2026-02-10T18:45:00+00:00,98706.29
2026-02-10T19:00:00+00:00,98706.29
2026-02-10T19:15:00+00:00,98706.29
2026-02-10T19:30:00+00:00,98706.29
2026-02-10T19:45:00+00:00,98706.29
2026-02-10T20:00:00+00:00,98706.29
2026-02-10T20:10:00+00:00,98706.29
2026-02-11T15:00:00+00:00,98802.29
2026-02-11T15:15:00+00:00,98797.29
2026-02-11T15:30:00+00:00,98797.29
2026-02-11T15:45:00+00:00,98797.29
2026-02-11T16:00:00+00:00,98797.29
2026-02-11T16:15:00+00:00,98797.29
2026-02-11T16:30:00+00:00,98797.29
2026-02-11T16:45:00+00:00,98797.29
2026-02-11T17:00:00+00:00,98797.29
2026-02-11T17:15:00+00:00,98797.29
2026-02-11T17:30:00+00:00,98797.29
2026-02-11T17:45:00+00:00,98797.29
2026-02-11T18:00:00+00:00,98797.29
2026-02-11T18:15:00+00:00,98797.29
2026-02-11T18:30:00+00:00,98797.29
2026-02-11T18:45:00+00:00,98797.29
2026-02-11T19:00:00+00:00,98797.29
2026-02-11T19:15:00+00:00,98797.29
2026-02-11T19:30:00+00:00,98797.29
2026-02-11T19:45:00+00:00,98797.29
2026-02-11T20:00:00+00:00,98797.29
2026-02-11T20:10:00+00:00,98797.29
2026-02-12T15:00:00+00:00,98799.29
2026-02-12T15:15:00+00:00,98799.29
2026-02-12T15:30:00+00:00,98799.29
2026-02-12T15:45:00+00:00,98799.29
2026-02-12T16:00:00+00:00,98799.29
2026-02-12T16:15:00+00:00,98799.29
2026-02-12T16:30:00+00:00,98799.29
2026-02-12T16:45:00+00:00,98799.29
2026-02-12T17:00:00+00:00,98799.29
2026-02-12T17:15:00+00:00,98799.29
2026-02-12T17:30:00+00:00,98799.29
2026-02-12T17:45:00+00:00,98799.29
2026-02-12T18:00:00+00:00,98765.22
2026-02-12T18:15:00+00:00,98765.22
2026-02-12T18:30:00+00:00,98765.22
2026-02-12T18:45:00+00:00,98765.22
2026-02-12T19:00:00+00:00,98765.22
2026-02-12T19:15:00+00:00,98765.22
2026-02-12T19:30:00+00:00,98765.22
2026-02-12T19:45:00+00:00,98765.22
2026-02-12T20:00:00+00:00,98765.22
2026-02-12T20:10:00+00:00,98765.22
2026-02-13T15:00:00+00:00,98797.89
2026-02-13T15:15:00+00:00,98797.89
2026-02-13T15:30:00+00:00,98797.89
2026-02-13T15:45:00+00:00,98797.89
2026-02-13T16:00:00+00:00,98797.89
2026-02-13T16:15:00+00:00,98797.89
2026-02-13T16:30:00+00:00,98797.89
2026-02-13T16:45:00+00:00,98797.89
2026-02-13T17:00:00+00:00,98797.89
2026-02-13T17:15:00+00:00,98797.89
2026-02-13T17:30:00+00:00,98797.89
2026-02-13T17:45:00+00:00,98797.89
2026-02-13T18:00:00+00:00,98797.89
2026-02-13T18:15:00+00:00,98797.89
2026-02-13T18:30:00+00:00,98797.89
2026-02-13T18:45:00+00:00,98797.89
2026-02-13T19:00:00+00:00,98797.89
2026-02-13T19:15:00+00:00,98797.89
2026-02-13T19:30:00+00:00,98797.89
2026-02-13T19:45:00+00:00,98797.89
2026-02-13T20:00:00+00:00,98797.89
2026-02-13T20:10:00+00:00,98797.89
2026-02-17T15:00:00+00:00,98971.85
2026-02-17T15:15:00+00:00,98971.85
2026-02-17T15:30:00+00:00,98971.85
2026-02-17T15:45:00+00:00,98971.85
2026-02-17T16:00:00+00:00,98971.85
2026-02-17T16:15:00+00:00,98971.85
2026-02-17T16:30:00+00:00,98971.85
2026-02-17T16:45:00+00:00,98971.85
2026-02-17T17:00:00+00:00,98971.85
2026-02-17T17:15:00+00:00,98971.85
2026-02-17T17:30:00+00:00,98971.85
2026-02-17T17:45:00+00:00,98971.85
2026-02-17T18:00:00+00:00,98971.85
2026-02-17T18:15:00+00:00,98971.85
2026-02-17T18:30:00+00:00,98971.85
2026-02-17T18:45:00+00:00,98971.85
2026-02-17T19:00:00+00:00,98971.85
2026-02-17T19:15:00+00:00,98971.85
2026-02-17T19:30:00+00:00,98971.85
2026-02-17T19:45:00+00:00,98971.85
2026-02-17T20:00:00+00:00,98971.85
2026-02-17T20:10:00+00:00,98971.85
2026-02-18T15:00:00+00:00,99034.85
2026-02-18T15:15:00+00:00,99034.85
2026-02-18T15:30:00+00:00,99034.85
2026-02-18T15:45:00+00:00,99034.85
2026-02-18T16:00:00+00:00,99034.85
2026-02-18T16:15:00+00:00,99034.85
2026-02-18T16:30:00+00:00,99034.85
2026-02-18T16:45:00+00:00,99034.85
2026-02-18T17:00:00+00:00,99034.85
2026-02-18T17:15:00+00:00,99034.85
2026-02-18T17:30:00+00:00,99034.85
2026-02-18T17:45:00+00:00,99034.85
2026-02-18T18:00:00+00:00,99034.85
2026-02-18T18:15:00+00:00,99034.85
2026-02-18T18:30:00+00:00,99034.85
2026-02-18T18:45:00+00:00,99034.85
2026-02-18T19:00:00+00:00,99034.85
2026-02-18T19:15:00+00:00,99034.85
2026-02-18T19:30:00+00:00,99034.85
2026-02-18T19:45:00+00:00,99034.85
2026-02-18T20:00:00+00:00,99034.85
2026-02-18T20:10:00+00:00,99034.85
2026-02-19T15:00:00+00:00,99184.85
2026-02-19T15:15:00+00:00,99184.85
2026-02-19T15:30:00+00:00,99184.85
2026-02-19T15:45:00+00:00,99184.85
2026-02-19T16:00:00+00:00,99184.85
2026-02-19T16:15:00+00:00,99184.85
2026-02-19T16:30:00+00:00,99184.85
2026-02-19T16:45:00+00:00,99184.85
2026-02-19T17:00:00+00:00,99184.85
2026-02-19T17:15:00+00:00,99184.85
2026-02-19T17:30:00+00:00,99184.85
2026-02-19T17:45:00+00:00,99184.85
2026-02-19T18:00:00+00:00,99184.85
2026-02-19T18:15:00+00:00,99184.85
2026-02-19T18:30:00+00:00,99184.85
2026-02-19T18:45:00+00:00,99184.85
2026-02-19T19:00:00+00:00,99184.85
2026-02-19T19:15:00+00:00,99184.85
2026-02-19T19:30:00+00:00,99184.85
2026-02-19T19:45:00+00:00,99184.85
2026-02-19T20:00:00+00:00,99184.85
2026-02-19T20:10:00+00:00,99184.85
2026-02-20T15:00:00+00:00,99286.85
2026-02-20T15:15:00+00:00,99286.85
2026-02-20T15:30:00+00:00,99286.85
2026-02-20T15:45:00+00:00,99286.85
2026-02-20T16:00:00+00:00,99286.85
2026-02-20T16:15:00+00:00,99286.85
2026-02-20T16:30:00+00:00,99286.85
2026-02-20T16:45:00+00:00,99286.85
2026-02-20T17:00:00+00:00,99286.85
2026-02-20T17:15:00+00:00,99286.85
2026-02-20T17:30:00+00:00,99286.85
2026-02-20T17:45:00+00:00,99286.85
2026-02-20T18:00:00+00:00,99286.85
2026-02-20T18:15:00+00:00,99286.85
2026-02-20T18:30:00+00:00,99286.85
2026-02-20T18:45:00+00:00,99286.85
2026-02-20T19:00:00+00:00,99286.85
2026-02-20T19:15:00+00:00,99286.85
2026-02-20T19:30:00+00:00,99286.85
2026-02-20T19:45:00+00:00,99286.85
2026-02-20T20:00:00+00:00,99286.85
2026-02-20T20:10:00+00:00,99286.85
2026-02-23T15:00:00+00:00,99268.85
2026-02-23T15:15:00+00:00,99268.85
2026-02-23T15:30:00+00:00,99268.85
2026-02-23T15:45:00+00:00,99268.85
2026-02-23T16:00:00+00:00,99268.85
2026-02-23T16:15:00+00:00,99268.85
2026-02-23T16:30:00+00:00,99268.85
2026-02-23T16:45:00+00:00,99268.85
2026-02-23T17:00:00+00:00,99268.85
2026-02-23T17:15:00+00:00,99268.85
2026-02-23T17:30:00+00:00,99268.85
2026-02-23T17:45:00+00:00,99268.85
2026-02-23T18:00:00+00:00,99268.85
2026-02-23T18:15:00+00:00,99268.85
2026-02-23T18:30:00+00:00,99268.85
2026-02-23T18:45:00+00:00,99268.85
2026-02-23T19:00:00+00:00,99268.85
2026-02-23T19:15:00+00:00,99268.85
2026-02-23T19:30:00+00:00,99268.85
2026-02-23T19:45:00+00:00,99268.85
2026-02-23T20:00:00+00:00,99268.85
2026-02-23T20:10:00+00:00,99268.85
2026-02-24T15:00:00+00:00,99457.38
2026-02-24T15:15:00+00:00,99457.38
2026-02-24T15:30:00+00:00,99457.38
2026-02-24T15:45:00+00:00,99457.38
2026-02-24T16:00:00+00:00,99457.38
2026-02-24T16:15:00+00:00,99457.38
2026-02-24T16:30:00+00:00,99457.38
2026-02-24T16:45:00+00:00,99457.38
2026-02-24T17:00:00+00:00,99457.38
2026-02-24T17:15:00+00:00,99457.38
2026-02-24T17:30:00+00:00,99457.38
2026-02-24T17:45:00+00:00,99457.38
2026-02-24T18:00:00+00:00,99457.38
2026-02-24T18:15:00+00:00,99457.38
2026-02-24T18:30:00+00:00,99457.38
2026-02-24T18:45:00+00:00,99457.38
2026-02-24T19:00:00+00:00,99457.38
2026-02-24T19:15:00+00:00,99457.38
2026-02-24T19:30:00+00:00,99457.38
2026-02-24T19:45:00+00:00,99457.38
2026-02-24T20:00:00+00:00,99457.38
2026-02-24T20:10:00+00:00,99457.38
2026-02-25T15:00:00+00:00,99397.38
2026-02-25T15:15:00+00:00,99397.38
2026-02-25T15:30:00+00:00,99397.38
2026-02-25T15:45:00+00:00,99397.38
2026-02-25T16:00:00+00:00,99397.38
2026-02-25T16:15:00+00:00,99397.38
2026-02-25T16:30:00+00:00,99397.38
2026-02-25T16:45:00+00:00,99397.38
2026-02-25T17:00:00+00:00,99397.38
2026-02-25T17:15:00+00:00,99397.38
2026-02-25T17:30:00+00:00,99397.38
2026-02-25T17:45:00+00:00,99397.38
2026-02-25T18:00:00+00:00,99397.38
2026-02-25T18:15:00+00:00,99397.38
2026-02-25T18:30:00+00:00,99397.38
2026-02-25T18:45:00+00:00,99397.38
2026-02-25T19:00:00+00:00,99397.38
2026-02-25T19:15:00+00:00,99397.38
2026-02-25T19:30:00+00:00,99397.38
2026-02-25T19:45:00+00:00,99397.38
2026-02-25T20:00:00+00:00,99397.38
2026-02-25T20:10:00+00:00,99397.38
2026-02-26T15:00:00+00:00,99499.38
2026-02-26T15:15:00+00:00,99499.38
2026-02-26T15:30:00+00:00,99499.38
2026-02-26T15:45:00+00:00,99499.38
2026-02-26T16:00:00+00:00,99499.38
2026-02-26T16:15:00+00:00,99499.38
2026-02-26T16:30:00+00:00,99499.38
2026-02-26T16:45:00+00:00,99499.38
2026-02-26T17:00:00+00:00,99499.38
2026-02-26T17:15:00+00:00,99499.38
2026-02-26T17:30:00+00:00,99499.38
2026-02-26T17:45:00+00:00,99499.38
2026-02-26T18:00:00+00:00,99499.38
2026-02-26T18:15:00+00:00,99499.38
2026-02-26T18:30:00+00:00,99499.38
2026-02-26T18:45:00+00:00,99499.38
2026-02-26T19:00:00+00:00,99499.38
2026-02-26T19:15:00+00:00,99499.38
2026-02-26T19:30:00+00:00,99499.38
2026-02-26T19:45:00+00:00,99499.38
2026-02-26T20:00:00+00:00,99499.38
2026-02-26T20:10:00+00:00,99499.38
2026-02-27T15:00:00+00:00,99715.38
2026-02-27T15:15:00+00:00,99715.38
2026-02-27T15:30:00+00:00,99715.38
2026-02-27T15:45:00+00:00,99715.38
2026-02-27T16:00:00+00:00,99715.38
2026-02-27T16:15:00+00:00,99715.38
2026-02-27T16:30:00+00:00,99715.38
2026-02-27T16:45:00+00:00,99715.38
2026-02-27T17:00:00+00:00,99715.38
2026-02-27T17:15:00+00:00,99715.38
2026-02-27T17:30:00+00:00,99715.38
2026-02-27T17:45:00+00:00,99715.38
2026-02-27T18:00:00+00:00,99715.38
2026-02-27T18:15:00+00:00,99715.38
2026-02-27T18:30:00+00:00,99715.38
2026-02-27T18:45:00+00:00,99715.38
2026-02-27T19:00:00+00:00,99715.38
2026-02-27T19:15:00+00:00,99715.38
2026-02-27T19:30:00+00:00,99715.38
2026-02-27T19:45:00+00:00,99715.38
2026-02-27T20:00:00+00:00,99715.38
2026-02-27T20:10:00+00:00,99715.38
2026-03-02T15:00:00+00:00,99821.57
2026-03-02T15:15:00+00:00,99821.57
2026-03-02T15:30:00+00:00,99821.57
2026-03-02T15:45:00+00:00,99821.57
2026-03-02T16:00:00+00:00,99821.57
2026-03-02T16:15:00+00:00,99821.57
2026-03-02T16:30:00+00:00,99821.57
2026-03-02T16:45:00+00:00,99821.57
2026-03-02T17:00:00+00:00,99821.57
2026-03-02T17:15:00+00:00,99821.57
2026-03-02T17:30:00+00:00,99821.57
2026-03-02T17:45:00+00:00,99821.57
2026-03-02T18:00:00+00:00,99821.57
2026-03-02T18:15:00+00:00,99821.57
2026-03-02T18:30:00+00:00,99821.57
2026-03-02T18:45:00+00:00,99821.57
2026-03-02T19:00:00+00:00,99821.57
2026-03-02T19:15:00+00:00,99821.57
2026-03-02T19:30:00+00:00,99821.57
2026-03-02T19:45:00+00:00,99821.57
2026-03-02T20:00:00+00:00,99821.57
2026-03-02T20:10:00+00:00,99821.57
2026-03-03T15:00:00+00:00,99805.07
2026-03-03T15:15:00+00:00,99805.07
2026-03-03T15:30:00+00:00,99805.07
2026-03-03T15:45:00+00:00,99805.07
2026-03-03T16:00:00+00:00,99805.07
2026-03-03T16:15:00+00:00,99805.07
2026-03-03T16:30:00+00:00,99805.07
2026-03-03T16:45:00+00:00,99805.07
2026-03-03T17:00:00+00:00,99805.07
2026-03-03T17:15:00+00:00,99805.07
2026-03-03T17:30:00+00:00,99805.07
2026-03-03T17:45:00+00:00,99805.07
2026-03-03T18:00:00+00:00,99805.07
2026-03-03T18:15:00+00:00,99805.07
2026-03-03T18:30:00+00:00,99805.07
2026-03-03T18:45:00+00:00,99805.07
2026-03-03T19:00:00+00:00,99805.07
2026-03-03T19:15:00+00:00,99805.07
2026-03-03T19:30:00+00:00,99805.07
2026-03-03T19:45:00+00:00,99805.07
2026-03-03T20:00:00+00:00,99805.07
2026-03-03T20:10:00+00:00,99805.07
2026-03-04T15:00:00+00:00,99970.07
2026-03-04T15:15:00+00:00,99970.07
2026-03-04T15:30:00+00:00,99970.07
2026-03-04T15:45:00+00:00,99970.07
2026-03-04T16:00:00+00:00,99970.07
2026-03-04T16:15:00+00:00,99970.07
2026-03-04T16:30:00+00:00,99970.07
2026-03-04T16:45:00+00:00,99970.07
2026-03-04T17:00:00+00:00,99970.07
2026-03-04T17:15:00+00:00,99970.07
2026-03-04T17:30:00+00:00,99970.07
2026-03-04T17:45:00+00:00,99970.07
2026-03-04T18:00:00+00:00,99970.07
2026-03-04T18:15:00+00:00,99970.07
2026-03-04T18:30:00+00:00,99970.07
2026-03-04T18:45:00+00:00,99970.07
2026-03-04T19:00:00+00:00,99970.07
2026-03-04T19:15:00+00:00,99970.07
2026-03-04T19:30:00+00:00,99970.07
2026-03-04T19:45:00+00:00,99970.07
2026-03-04T20:00:00+00:00,99970.07
2026-03-04T20:10:00+00:00,99970.07
2026-03-05T15:00:00+00:00,100308.33
2026-03-05T15:15:00+00:00,100294.83
2026-03-05T15:30:00+00:00,100294.83
2026-03-05T15:45:00+00:00,100294.83
2026-03-05T16:00:00+00:00,100294.83
2026-03-05T16:15:00+00:00,100294.83
2026-03-05T16:30:00+00:00,100294.83
2026-03-05T16:45:00+00:00,100294.83
2026-03-05T17:00:00+00:00,100294.83
2026-03-05T17:15:00+00:00,100294.83
2026-03-05T17:30:00+00:00,100294.83
2026-03-05T17:45:00+00:00,100294.83
2026-03-05T18:00:00+00:00,100294.83
2026-03-05T18:15:00+00:00,100294.83
2026-03-05T18:30:00+00:00,100294.83
2026-03-05T18:45:00+00:00,100294.83
2026-03-05T19:00:00+00:00,100294.83
2026-03-05T19:15:00+00:00,100294.83
2026-03-05T19:30:00+00:00,100294.83
2026-03-05T19:45:00+00:00,100294.83
2026-03-05T20:00:00+00:00,100294.83
2026-03-05T20:10:00+00:00,100294.83
2026-03-06T15:00:00+00:00,100573.83
2026-03-06T15:15:00+00:00,100573.83
2026-03-06T15:30:00+00:00,100573.83
2026-03-06T15:45:00+00:00,100573.83
2026-03-06T16:00:00+00:00,100573.83
2026-03-06T16:15:00+00:00,100573.83
2026-03-06T16:30:00+00:00,100573.83
2026-03-06T16:45:00+00:00,100573.83
2026-03-06T17:00:00+00:00,100573.83
2026-03-06T17:15:00+00:00,100573.83
2026-03-06T17:30:00+00:00,100573.83
2026-03-06T17:45:00+00:00,100573.83
2026-03-06T18:00:00+00:00,100573.83
2026-03-06T18:15:00+00:00,100573.83
2026-03-06T18:30:00+00:00,100573.83
2026-03-06T18:45:00+00:00,100573.83
2026-03-06T19:00:00+00:00,100573.83
2026-03-06T19:15:00+00:00,100573.83
2026-03-06T19:30:00+00:00,100573.83
2026-03-06T19:45:00+00:00,100573.83
2026-03-06T20:00:00+00:00,100573.83
2026-03-06T20:10:00+00:00,100573.83
2026-03-09T14:00:00+00:00,100805.0
2026-03-09T14:15:00+00:00,100805.0
2026-03-09T14:30:00+00:00,100805.0
2026-03-09T14:45:00+00:00,100805.0
2026-03-09T15:00:00+00:00,100805.0
2026-03-09T15:15:00+00:00,100805.0
2026-03-09T15:30:00+00:00,100805.0
2026-03-09T15:45:00+00:00,100805.0
2026-03-09T16:00:00+00:00,100805.0
2026-03-09T16:15:00+00:00,100805.0
2026-03-09T16:30:00+00:00,100805.0
2026-03-09T16:45:00+00:00,100805.0
2026-03-09T17:00:00+00:00,100805.0
2026-03-09T17:15:00+00:00,100805.0
2026-03-09T17:30:00+00:00,100805.0
2026-03-09T17:45:00+00:00,100805.0
2026-03-09T18:00:00+00:00,100805.0
2026-03-09T18:15:00+00:00,100805.0
2026-03-09T18:30:00+00:00,100805.0
2026-03-09T18:45:00+00:00,100805.0
2026-03-09T19:00:00+00:00,100805.0
2026-03-09T19:10:00+00:00,100805.0
2026-03-10T14:00:00+00:00,100943.0
2026-03-10T14:15:00+00:00,100943.0
2026-03-10T14:30:00+00:00,100943.0
2026-03-10T14:45:00+00:00,100943.0
2026-03-10T15:00:00+00:00,100943.0
2026-03-10T15:15:00+00:00,100943.0
2026-03-10T15:30:00+00:00,100943.0
2026-03-10T15:45:00+00:00,100943.0
2026-03-10T16:00:00+00:00,100943.0
2026-03-10T16:15:00+00:00,100943.0
2026-03-10T16:30:00+00:00,100943.0
2026-03-10T16:45:00+00:00,100943.0
2026-03-10T17:00:00+00:00,100943.0
2026-03-10T17:15:00+00:00,100943.0
2026-03-10T17:30:00+00:00,100943.0
2026-03-10T17:45:00+00:00,100943.0
2026-03-10T18:00:00+00:00,100943.0
2026-03-10T18:15:00+00:00,100943.0
2026-03-10T18:30:00+00:00,100943.0
2026-03-10T18:45:00+00:00,100943.0
2026-03-10T19:00:00+00:00,100943.0
2026-03-10T19:10:00+00:00,100943.0
2026-03-11T14:00:00+00:00,101075.0
2026-03-11T14:15:00+00:00,101075.0
2026-03-11T14:30:00+00:00,101075.0
2026-03-11T14:45:00+00:00,101075.0
2026-03-11T15:00:00+00:00,101075.0
2026-03-11T15:15:00+00:00,101075.0
2026-03-11T15:30:00+00:00,101075.0
2026-03-11T15:45:00+00:00,101075.0
2026-03-11T16:00:00+00:00,101075.0
2026-03-11T16:15:00+00:00,101075.0
2026-03-11T16:30:00+00:00,101075.0
2026-03-11T16:45:00+00:00,101075.0
2026-03-11T17:00:00+00:00,101075.0
2026-03-11T17:15:00+00:00,101075.0
2026-03-11T17:30:00+00:00,101075.0
2026-03-11T17:45:00+00:00,101075.0
2026-03-11T18:00:00+00:00,101075.0
2026-03-11T18:15:00+00:00,101075.0
2026-03-11T18:30:00+00:00,101075.0
2026-03-11T18:45:00+00:00,101075.0
2026-03-11T19:00:00+00:00,101075.0
2026-03-11T19:10:00+00:00,101075.0
2026-03-12T14:00:00+00:00,101138.0
2026-03-12T14:15:00+00:00,101138.0
2026-03-12T14:30:00+00:00,101138.0
2026-03-12T14:45:00+00:00,101138.0
2026-03-12T15:00:00+00:00,101138.0
2026-03-12T15:15:00+00:00,101138.0
2026-03-12T15:30:00+00:00,101138.0
2026-03-12T15:45:00+00:00,101138.0
2026-03-12T16:00:00+00:00,101138.0
2026-03-12T16:15:00+00:00,101138.0
2026-03-12T16:30:00+00:00,101138.0
2026-03-12T16:45:00+00:00,101138.0
2026-03-12T17:00:00+00:00,101138.0
2026-03-12T17:15:00+00:00,101138.0
2026-03-12T17:30:00+00:00,101138.0
2026-03-12T17:45:00+00:00,101138.0
2026-03-12T18:00:00+00:00,101138.0
2026-03-12T18:15:00+00:00,101138.0
2026-03-12T18:30:00+00:00,101138.0
2026-03-12T18:45:00+00:00,101138.0
2026-03-12T19:00:00+00:00,101138.0
2026-03-12T19:10:00+00:00,101138.0
2026-03-13T14:00:00+00:00,101183.0
2026-03-13T14:15:00+00:00,101183.0
2026-03-13T14:30:00+00:00,101183.0
2026-03-13T14:45:00+00:00,101183.0
2026-03-13T15:00:00+00:00,101183.0
2026-03-13T15:15:00+00:00,101183.0
2026-03-13T15:30:00+00:00,101183.0
2026-03-13T15:45:00+00:00,101183.0
2026-03-13T16:00:00+00:00,101183.0
2026-03-13T16:15:00+00:00,101183.0
2026-03-13T16:30:00+00:00,101183.0
2026-03-13T16:45:00+00:00,101183.0
2026-03-13T17:00:00+00:00,101183.0
2026-03-13T17:15:00+00:00,101183.0
2026-03-13T17:30:00+00:00,101183.0
2026-03-13T17:45:00+00:00,101183.0
2026-03-13T18:00:00+00:00,101183.0
2026-03-13T18:15:00+00:00,101183.0
2026-03-13T18:30:00+00:00,101183.0
2026-03-13T18:45:00+00:00,101183.0
2026-03-13T19:00:00+00:00,101183.0
2026-03-13T19:10:00+00:00,101183.0
2026-03-16T14:00:00+00:00,101421.17
2026-03-16T14:15:00+00:00,101421.17
2026-03-16T14:30:00+00:00,101421.17
2026-03-16T14:45:00+00:00,101421.17
2026-03-16T15:00:00+00:00,101421.17
2026-03-16T15:15:00+00:00,101421.17
2026-03-16T15:30:00+00:00,101421.17
2026-03-16T15:45:00+00:00,101421.17
2026-03-16T16:00:00+00:00,101421.17
2026-03-16T16:15:00+00:00,101421.17
2026-03-16T16:30:00+00:00,101421.17
2026-03-16T16:45:00+00:00,101421.17
2026-03-16T17:00:00+00:00,101421.17
2026-03-16T17:15:00+00:00,101421.17
2026-03-16T17:30:00+00:00,101421.17
2026-03-16T17:45:00+00:00,101421.17
2026-03-16T18:00:00+00:00,101421.17
2026-03-16T18:15:00+00:00,101421.17
2026-03-16T18:30:00+00:00,101421.17
2026-03-16T18:45:00+00:00,101421.17
2026-03-16T19:00:00+00:00,101421.17
2026-03-16T19:10:00+00:00,101421.17
2026-03-17T14:00:00+00:00,101421.17
2026-03-17T14:15:00+00:00,101421.17
2026-03-17T14:30:00+00:00,101421.17
2026-03-17T14:45:00+00:00,101421.17
2026-03-17T15:00:00+00:00,101421.17
2026-03-17T15:15:00+00:00,101421.17
2026-03-17T15:30:00+00:00,101421.17
2026-03-17T15:45:00+00:00,101421.17
2026-03-17T16:00:00+00:00,101421.17
2026-03-17T16:15:00+00:00,101421.17
2026-03-17T16:30:00+00:00,101421.17
2026-03-17T16:45:00+00:00,101421.17
2026-03-17T17:00:00+00:00,101421.17
2026-03-17T17:15:00+00:00,101421.17
2026-03-17T17:30:00+00:00,101421.17
2026-03-17T17:45:00+00:00,101421.17
2026-03-17T18:00:00+00:00,101421.17
2026-03-17T18:15:00+00:00,101421.17
2026-03-17T18:30:00+00:00,101421.17
2026-03-17T18:45:00+00:00,101421.17
2026-03-17T19:00:00+00:00,101421.17
2026-03-17T19:10:00+00:00,101421.17
2026-03-18T14:00:00+00:00,101388.67
2026-03-18T14:15:00+00:00,101388.67
2026-03-18T14:30:00+00:00,101388.67
2026-03-18T14:45:00+00:00,101388.67
2026-03-18T15:00:00+00:00,101388.67
2026-03-18T15:15:00+00:00,101388.67
2026-03-18T15:30:00+00:00,101388.67
2026-03-18T15:45:00+00:00,101388.67
2026-03-18T16:00:00+00:00,101388.67
2026-03-18T16:15:00+00:00,101388.67
2026-03-18T16:30:00+00:00,101388.67
2026-03-18T16:45:00+00:00,101388.67
2026-03-18T17:00:00+00:00,101388.67
2026-03-18T17:15:00+00:00,101388.67
2026-03-18T17:30:00+00:00,101388.67
2026-03-18T17:45:00+00:00,101388.67
2026-03-18T18:00:00+00:00,101388.67
2026-03-18T18:15:00+00:00,101388.67
2026-03-18T18:30:00+00:00,101388.67
2026-03-18T18:45:00+00:00,101388.67
2026-03-18T19:00:00+00:00,101388.67
2026-03-18T19:10:00+00:00,101388.67
2026-03-19T14:00:00+00:00,101098.08
2026-03-19T14:15:00+00:00,101042.08
2026-03-19T14:30:00+00:00,101042.08
2026-03-19T14:45:00+00:00,101042.08
2026-03-19T15:00:00+00:00,101042.08
2026-03-19T15:15:00+00:00,101042.08
2026-03-19T15:30:00+00:00,101042.08
2026-03-19T15:45:00+00:00,101042.08
2026-03-19T16:00:00+00:00,101042.08
2026-03-19T16:15:00+00:00,101042.08
2026-03-19T16:30:00+00:00,101042.08
2026-03-19T16:45:00+00:00,101042.08
2026-03-19T17:00:00+00:00,101042.08
2026-03-19T17:15:00+00:00,101042.08
2026-03-19T17:30:00+00:00,101042.08
2026-03-19T17:45:00+00:00,101042.08
2026-03-19T18:00:00+00:00,101042.08
2026-03-19T18:15:00+00:00,101042.08
2026-03-19T18:30:00+00:00,101042.08
2026-03-19T18:45:00+00:00,101042.08
2026-03-19T19:00:00+00:00,101042.08
2026-03-19T19:10:00+00:00,101042.08
2026-03-20T14:00:00+00:00,101420.08
2026-03-20T14:15:00+00:00,101420.08
2026-03-20T14:30:00+00:00,101420.08
2026-03-20T14:45:00+00:00,101420.08
2026-03-20T15:00:00+00:00,101420.08
2026-03-20T15:15:00+00:00,101420.08
2026-03-20T15:30:00+00:00,101420.08
2026-03-20T15:45:00+00:00,101420.08
2026-03-20T16:00:00+00:00,101420.08
2026-03-20T16:15:00+00:00,101420.08
2026-03-20T16:30:00+00:00,101420.08
2026-03-20T16:45:00+00:00,101420.08
2026-03-20T17:00:00+00:00,101420.08
2026-03-20T17:15:00+00:00,101420.08
2026-03-20T17:30:00+00:00,101420.08
2026-03-20T17:45:00+00:00,101420.08
2026-03-20T18:00:00+00:00,101420.08
2026-03-20T18:15:00+00:00,101420.08
2026-03-20T18:30:00+00:00,101420.08
2026-03-20T18:45:00+00:00,101420.08
2026-03-20T19:00:00+00:00,101420.08
2026-03-20T19:10:00+00:00,101420.08
2026-03-23T14:00:00+00:00,100769.08
2026-03-23T14:15:00+00:00,100769.08
2026-03-23T14:30:00+00:00,100769.08
2026-03-23T14:45:00+00:00,100769.08
2026-03-23T15:00:00+00:00,100639.77
2026-03-23T15:15:00+00:00,100639.77
2026-03-23T15:30:00+00:00,100639.77
2026-03-23T15:45:00+00:00,100639.77
2026-03-23T16:00:00+00:00,100639.77
2026-03-23T16:15:00+00:00,100639.77
2026-03-23T16:30:00+00:00,100639.77
2026-03-23T16:45:00+00:00,100639.77
2026-03-23T17:00:00+00:00,100639.77
2026-03-23T17:15:00+00:00,100639.77
2026-03-23T17:30:00+00:00,100639.77
2026-03-23T17:45:00+00:00,100639.77
2026-03-23T18:00:00+00:00,100639.77
2026-03-23T18:15:00+00:00,100639.77
2026-03-23T18:30:00+00:00,100639.77
2026-03-23T18:45:00+00:00,100639.77
2026-03-23T19:00:00+00:00,100639.77
2026-03-23T19:10:00+00:00,100639.77
2026-03-24T14:00:00+00:00,100636.77
2026-03-24T14:15:00+00:00,100636.77
2026-03-24T14:30:00+00:00,100636.77
2026-03-24T14:45:00+00:00,100636.77
2026-03-24T15:00:00+00:00,100636.77
2026-03-24T15:15:00+00:00,100636.77
2026-03-24T15:30:00+00:00,100636.77
2026-03-24T15:45:00+00:00,100636.77
2026-03-24T16:00:00+00:00,100636.77
2026-03-24T16:15:00+00:00,100636.77
2026-03-24T16:30:00+00:00,100636.77
2026-03-24T16:45:00+00:00,100636.77
2026-03-24T17:00:00+00:00,100636.77
2026-03-24T17:15:00+00:00,100636.77
2026-03-24T17:30:00+00:00,100636.77
2026-03-24T17:45:00+00:00,100636.77
2026-03-24T18:00:00+00:00,100636.77
2026-03-24T18:15:00+00:00,100636.77
2026-03-24T18:30:00+00:00,100636.77
2026-03-24T18:45:00+00:00,100636.77
2026-03-24T19:00:00+00:00,100636.77
2026-03-24T19:10:00+00:00,100636.77
2026-03-25T14:00:00+00:00,100747.77
2026-03-25T14:15:00+00:00,100747.77
2026-03-25T14:30:00+00:00,100747.77
2026-03-25T14:45:00+00:00,100747.77
2026-03-25T15:00:00+00:00,100747.77
2026-03-25T15:15:00+00:00,100747.77
2026-03-25T15:30:00+00:00,100747.77
2026-03-25T15:45:00+00:00,100747.77
2026-03-25T16:00:00+00:00,100747.77
2026-03-25T16:15:00+00:00,100747.77
2026-03-25T16:30:00+00:00,100747.77
2026-03-25T16:45:00+00:00,100747.77
2026-03-25T17:00:00+00:00,100747.77
2026-03-25T17:15:00+00:00,100747.77
2026-03-25T17:30:00+00:00,100747.77
2026-03-25T17:45:00+00:00,100747.77
2026-03-25T18:00:00+00:00,100747.77
2026-03-25T18:15:00+00:00,100747.77
2026-03-25T18:30:00+00:00,100747.77
2026-03-25T18:45:00+00:00,100747.77
2026-03-25T19:00:00+00:00,100747.77
2026-03-25T19:10:00+00:00,100747.77
2026-03-26T14:00:00+00:00,100591.77
2026-03-26T14:15:00+00:00,100591.77
2026-03-26T14:30:00+00:00,100591.77
2026-03-26T14:45:00+00:00,100591.77
2026-03-26T15:00:00+00:00,100591.77
2026-03-26T15:15:00+00:00,100591.77
2026-03-26T15:30:00+00:00,100591.77
2026-03-26T15:45:00+00:00,100591.77
2026-03-26T16:00:00+00:00,100591.77
2026-03-26T16:15:00+00:00,100591.77
2026-03-26T16:30:00+00:00,100591.77
2026-03-26T16:45:00+00:00,100591.77
2026-03-26T17:00:00+00:00,100591.77
2026-03-26T17:15:00+00:00,100591.77
2026-03-26T17:30:00+00:00,100591.77
2026-03-26T17:45:00+00:00,100591.77
2026-03-26T18:00:00+00:00,100591.77
2026-03-26T18:15:00+00:00,100591.77
2026-03-26T18:30:00+00:00,100591.77
2026-03-26T18:45:00+00:00,100591.77
2026-03-26T19:00:00+00:00,100591.77
2026-03-26T19:10:00+00:00,100591.77
2026-03-27T14:00:00+00:00,100717.77
2026-03-27T14:15:00+00:00,100717.77
2026-03-27T14:30:00+00:00,100717.77
2026-03-27T14:45:00+00:00,100717.77
2026-03-27T15:00:00+00:00,100717.77
2026-03-27T15:15:00+00:00,100717.77
2026-03-27T15:30:00+00:00,100717.77
2026-03-27T15:45:00+00:00,100717.77
2026-03-27T16:00:00+00:00,100717.77
2026-03-27T16:15:00+00:00,100717.77
2026-03-27T16:30:00+00:00,100717.77
2026-03-27T16:45:00+00:00,100717.77
2026-03-27T17:00:00+00:00,100717.77
2026-03-27T17:15:00+00:00,100717.77
2026-03-27T17:30:00+00:00,100717.77
2026-03-27T17:45:00+00:00,100717.77
2026-03-27T18:00:00+00:00,100717.77
2026-03-27T18:15:00+00:00,100717.77
2026-03-27T18:30:00+00:00,100717.77
2026-03-27T18:45:00+00:00,100717.77
2026-03-27T19:00:00+00:00,100717.77
2026-03-27T19:10:00+00:00,100717.77
2026-03-30T14:00:00+00:00,101005.54
2026-03-30T14:15:00+00:00,101005.54
2026-03-30T14:30:00+00:00,101005.54
2026-03-30T14:45:00+00:00,101005.54
2026-03-30T15:00:00+00:00,101005.54
2026-03-30T15:15:00+00:00,101005.54
2026-03-30T15:30:00+00:00,101005.54
2026-03-30T15:45:00+00:00,101005.54
2026-03-30T16:00:00+00:00,101005.54
2026-03-30T16:15:00+00:00,101005.54
2026-03-30T16:30:00+00:00,101005.54
2026-03-30T16:45:00+00:00,101005.54
2026-03-30T17:00:00+00:00,101005.54
2026-03-30T17:15:00+00:00,101005.54
2026-03-30T17:30:00+00:00,101005.54
2026-03-30T17:45:00+00:00,101005.54
2026-03-30T18:00:00+00:00,101005.54
2026-03-30T18:15:00+00:00,101005.54
2026-03-30T18:30:00+00:00,101005.54
2026-03-30T18:45:00+00:00,101005.54
2026-03-30T19:00:00+00:00,100975.54
2026-03-30T19:10:00+00:00,100975.54
2026-03-31T14:00:00+00:00,100810.54
2026-03-31T14:15:00+00:00,100810.54
2026-03-31T14:30:00+00:00,100810.54
2026-03-31T14:45:00+00:00,100810.54
2026-03-31T15:00:00+00:00,100810.54
2026-03-31T15:15:00+00:00,100810.54
2026-03-31T15:30:00+00:00,100810.54
2026-03-31T15:45:00+00:00,100810.54
2026-03-31T16:00:00+00:00,100810.54
2026-03-31T16:15:00+00:00,100810.54
2026-03-31T16:30:00+00:00,100810.54
2026-03-31T16:45:00+00:00,100810.54
2026-03-31T17:00:00+00:00,100810.54
2026-03-31T17:15:00+00:00,100810.54
2026-03-31T17:30:00+00:00,100810.54
2026-03-31T17:45:00+00:00,100810.54
2026-03-31T18:00:00+00:00,100810.54
2026-03-31T18:15:00+00:00,100810.54
2026-03-31T18:30:00+00:00,100810.54
2026-03-31T18:45:00+00:00,100810.54
2026-03-31T19:00:00+00:00,100810.54
2026-03-31T19:10:00+00:00,100810.54
2026-04-01T14:00:00+00:00,100661.86
2026-04-01T14:15:00+00:00,100637.77
2026-04-01T14:30:00+00:00,100639.81
2026-04-01T14:45:00+00:00,100579.7
2026-04-01T15:00:00+00:00,100579.7
2026-04-01T15:15:00+00:00,100579.7
2026-04-01T15:30:00+00:00,100579.7
2026-04-01T15:45:00+00:00,100579.7
2026-04-01T16:00:00+00:00,100579.7
2026-04-01T16:15:00+00:00,100579.7
2026-04-01T16:30:00+00:00,100579.7
2026-04-01T16:45:00+00:00,100579.7
2026-04-01T17:00:00+00:00,100579.7
2026-04-01T17:15:00+00:00,100579.7
2026-04-01T17:30:00+00:00,100579.7
2026-04-01T17:45:00+00:00,100579.7
2026-04-01T18:00:00+00:00,100579.7
2026-04-01T18:15:00+00:00,100579.7
2026-04-01T18:30:00+00:00,100579.7
2026-04-01T18:45:00+00:00,100579.7
2026-04-01T19:00:00+00:00,100579.7
2026-04-01T19:10:00+00:00,100579.7
2026-04-02T14:00:00+00:00,100579.7
2026-04-02T14:15:00+00:00,100579.7
2026-04-02T14:30:00+00:00,100579.7
2026-04-02T14:45:00+00:00,100579.7
2026-04-02T15:00:00+00:00,100579.7
2026-04-02T15:15:00+00:00,100579.7
2026-04-02T15:30:00+00:00,100579.7
2026-04-02T15:45:00+00:00,100579.7
2026-04-02T16:00:00+00:00,100579.7
2026-04-02T16:15:00+00:00,100579.7
2026-04-02T16:30:00+00:00,100579.7
2026-04-02T16:45:00+00:00,100579.7
2026-04-02T17:00:00+00:00,100579.7
2026-04-02T17:15:00+00:00,100579.7
2026-04-02T17:30:00+00:00,100579.7
2026-04-02T17:45:00+00:00,100579.7
2026-04-02T18:00:00+00:00,100579.7
2026-04-02T18:15:00+00:00,100579.7
2026-04-02T18:30:00+00:00,100579.7
2026-04-02T18:45:00+00:00,100579.7
2026-04-02T19:00:00+00:00,100579.7
2026-04-02T19:10:00+00:00,100579.7
2026-04-06T14:00:00+00:00,100579.7
2026-04-06T14:15:00+00:00,100579.7
2026-04-06T14:30:00+00:00,100579.7
2026-04-06T14:45:00+00:00,100579.7
2026-04-06T15:00:00+00:00,100579.7
2026-04-06T15:15:00+00:00,100579.7
2026-04-06T15:30:00+00:00,100579.7
2026-04-06T15:45:00+00:00,100579.7
2026-04-06T16:00:00+00:00,100579.7
2026-04-06T16:15:00+00:00,100579.7
2026-04-06T16:30:00+00:00,100579.7
2026-04-06T16:45:00+00:00,100579.7
2026-04-06T17:00:00+00:00,100579.7
2026-04-06T17:15:00+00:00,100579.7
2026-04-06T17:30:00+00:00,100579.7
2026-04-06T17:45:00+00:00,100579.7
2026-04-06T18:00:00+00:00,100579.7
2026-04-06T18:15:00+00:00,100579.7
2026-04-06T18:30:00+00:00,100579.7
2026-04-06T18:45:00+00:00,100579.7
2026-04-06T19:00:00+00:00,100579.7
2026-04-06T19:10:00+00:00,100579.7
2026-04-07T14:00:00+00:00,100579.7
2026-04-07T14:15:00+00:00,100579.7
2026-04-07T14:30:00+00:00,100579.7
2026-04-07T14:45:00+00:00,100579.7
2026-04-07T15:00:00+00:00,100579.7
2026-04-07T15:15:00+00:00,100579.7
2026-04-07T15:30:00+00:00,100579.7
2026-04-07T15:45:00+00:00,100579.7
2026-04-07T16:00:00+00:00,100579.7
2026-04-07T16:15:00+00:00,100579.7
2026-04-07T16:30:00+00:00,100579.7
2026-04-07T16:45:00+00:00,100579.7
2026-04-07T17:00:00+00:00,100579.7
2026-04-07T17:15:00+00:00,100579.7
2026-04-07T17:30:00+00:00,100579.7
2026-04-07T17:45:00+00:00,100579.7
2026-04-07T18:00:00+00:00,100579.7
2026-04-07T18:15:00+00:00,100579.7
2026-04-07T18:30:00+00:00,100579.7
2026-04-07T18:45:00+00:00,100579.7
2026-04-07T19:00:00+00:00,100579.7
2026-04-07T19:10:00+00:00,100579.7
2026-04-08T14:00:00+00:00,100579.7
2026-04-08T14:15:00+00:00,100579.7
2026-04-08T14:30:00+00:00,100579.7
2026-04-08T14:45:00+00:00,100579.7
2026-04-08T15:00:00+00:00,100579.7
2026-04-08T15:15:00+00:00,100579.7
2026-04-08T15:30:00+00:00,100579.7
2026-04-08T15:45:00+00:00,100579.7
2026-04-08T16:00:00+00:00,100579.7
2026-04-08T16:15:00+00:00,100579.7
2026-04-08T16:30:00+00:00,100579.7
2026-04-08T16:45:00+00:00,100579.7
2026-04-08T17:00:00+00:00,100579.7
2026-04-08T17:15:00+00:00,100579.7
2026-04-08T17:30:00+00:00,100579.7
2026-04-08T17:45:00+00:00,100579.7
2026-04-08T18:00:00+00:00,100579.7
2026-04-08T18:15:00+00:00,100579.7
2026-04-08T18:30:00+00:00,100579.7
2026-04-08T18:45:00+00:00,100579.7
2026-04-08T19:00:00+00:00,100579.7
2026-04-08T19:10:00+00:00,100579.7
2026-04-09T14:00:00+00:00,100579.7
2026-04-09T14:15:00+00:00,100579.7
2026-04-09T14:30:00+00:00,100579.7
2026-04-09T14:45:00+00:00,100579.7
2026-04-09T15:00:00+00:00,100579.7
2026-04-09T15:15:00+00:00,100579.7
2026-04-09T15:30:00+00:00,100579.7
2026-04-09T15:45:00+00:00,100579.7
2026-04-09T16:00:00+00:00,100579.7
2026-04-09T16:15:00+00:00,100579.7
2026-04-09T16:30:00+00:00,100579.7
2026-04-09T16:45:00+00:00,100579.7
2026-04-09T17:00:00+00:00,100579.7
2026-04-09T17:15:00+00:00,100579.7
2026-04-09T17:30:00+00:00,100579.7
2026-04-09T17:45:00+00:00,100579.7
2026-04-09T18:00:00+00:00,100579.7
2026-04-09T18:15:00+00:00,100579.7
2026-04-09T18:30:00+00:00,100579.7
2026-04-09T18:45:00+00:00,100579.7
2026-04-09T19:00:00+00:00,100579.7
2026-04-09T19:10:00+00:00,100579.7
2026-04-10T14:00:00+00:00,100574.2
2026-04-10T14:15:00+00:00,100574.2
2026-04-10T14:30:00+00:00,100574.2
2026-04-10T14:45:00+00:00,100574.2
2026-04-10T15:00:00+00:00,100574.2
2026-04-10T15:15:00+00:00,100574.2
2026-04-10T15:30:00+00:00,100574.2
2026-04-10T15:45:00+00:00,100574.2
2026-04-10T16:00:00+00:00,100574.2
2026-04-10T16:15:00+00:00,100574.2
2026-04-10T16:30:00+00:00,100574.2
2026-04-10T16:45:00+00:00,100574.2
2026-04-10T17:00:00+00:00,100574.2
2026-04-10T17:15:00+00:00,100574.2
2026-04-10T17:30:00+00:00,100574.2
2026-04-10T17:45:00+00:00,100574.2
2026-04-10T18:00:00+00:00,100574.2
2026-04-10T18:15:00+00:00,100574.2
2026-04-10T18:30:00+00:00,100574.2
2026-04-10T18:45:00+00:00,100574.2
2026-04-10T19:00:00+00:00,100574.2
2026-04-10T19:10:00+00:00,100574.2
2026-04-13T14:00:00+00:00,100591.2
2026-04-13T14:15:00+00:00,100591.2
2026-04-13T14:30:00+00:00,100591.2
2026-04-13T14:45:00+00:00,100591.2
2026-04-13T15:00:00+00:00,100591.2
2026-04-13T15:15:00+00:00,100591.2
2026-04-13T15:30:00+00:00,100591.2
2026-04-13T15:45:00+00:00,100591.2
2026-04-13T16:00:00+00:00,100591.2
2026-04-13T16:15:00+00:00,100591.2
2026-04-13T16:30:00+00:00,100591.2
2026-04-13T16:45:00+00:00,100591.2
2026-04-13T17:00:00+00:00,100591.2
2026-04-13T17:15:00+00:00,100591.2
2026-04-13T17:30:00+00:00,100591.2
2026-04-13T17:45:00+00:00,100591.2
2026-04-13T18:00:00+00:00,100591.2
2026-04-13T18:15:00+00:00,100591.2
2026-04-13T18:30:00+00:00,100591.2
2026-04-13T18:45:00+00:00,100591.2
2026-04-13T19:00:00+00:00,100591.2
2026-04-13T19:10:00+00:00,100591.2
2026-04-14T14:00:00+00:00,100649.2
2026-04-14T14:15:00+00:00,100649.2
2026-04-14T14:30:00+00:00,100649.2
2026-04-14T14:45:00+00:00,100649.2
2026-04-14T15:00:00+00:00,100649.2
2026-04-14T15:15:00+00:00,100649.2
2026-04-14T15:30:00+00:00,100649.2
2026-04-14T15:45:00+00:00,100649.2
2026-04-14T16:00:00+00:00,100649.2
2026-04-14T16:15:00+00:00,100649.2
2026-04-14T16:30:00+00:00,100649.2
2026-04-14T16:45:00+00:00,100649.2
2026-04-14T17:00:00+00:00,100649.2
2026-04-14T17:15:00+00:00,100649.2
2026-04-14T17:30:00+00:00,100649.2
2026-04-14T17:45:00+00:00,100649.2
2026-04-14T18:00:00+00:00,100649.2
2026-04-14T18:15:00+00:00,100649.2
2026-04-14T18:30:00+00:00,100649.2
2026-04-14T18:45:00+00:00,100649.2
2026-04-14T19:00:00+00:00,100649.2
2026-04-14T19:10:00+00:00,100649.2
2026-04-15T14:00:00+00:00,100708.74
2026-04-15T14:15:00+00:00,100708.74
2026-04-15T14:30:00+00:00,100708.74
2026-04-15T14:45:00+00:00,100708.74
2026-04-15T15:00:00+00:00,100708.74
2026-04-15T15:15:00+00:00,100708.74
2026-04-15T15:30:00+00:00,100708.74
2026-04-15T15:45:00+00:00,100708.74
2026-04-15T16:00:00+00:00,100708.74
2026-04-15T16:15:00+00:00,100708.74
2026-04-15T16:30:00+00:00,100708.74
2026-04-15T16:45:00+00:00,100708.74
2026-04-15T17:00:00+00:00,100708.74
2026-04-15T17:15:00+00:00,100708.74
2026-04-15T17:30:00+00:00,100708.74
2026-04-15T17:45:00+00:00,100708.74
2026-04-15T18:00:00+00:00,100708.74
2026-04-15T18:15:00+00:00,100708.74
2026-04-15T18:30:00+00:00,100708.74
2026-04-15T18:45:00+00:00,100708.74
2026-04-15T19:00:00+00:00,100708.74
2026-04-15T19:10:00+00:00,100708.74
2026-04-16T14:00:00+00:00,100919.74
2026-04-16T14:15:00+00:00,100919.74
2026-04-16T14:30:00+00:00,100919.74
2026-04-16T14:45:00+00:00,100919.74
2026-04-16T15:00:00+00:00,100919.74
2026-04-16T15:15:00+00:00,100919.74
2026-04-16T15:30:00+00:00,100919.74
2026-04-16T15:45:00+00:00,100919.74
2026-04-16T16:00:00+00:00,100919.74
2026-04-16T16:15:00+00:00,100919.74
2026-04-16T16:30:00+00:00,100919.74
2026-04-16T16:45:00+00:00,100919.74
2026-04-16T17:00:00+00:00,100919.74
2026-04-16T17:15:00+00:00,100919.74
2026-04-16T17:30:00+00:00,100919.74
2026-04-16T17:45:00+00:00,100919.74
2026-04-16T18:00:00+00:00,100919.74
2026-04-16T18:15:00+00:00,100919.74
2026-04-16T18:30:00+00:00,100919.74
2026-04-16T18:45:00+00:00,100919.74
2026-04-16T19:00:00+00:00,100919.74
2026-04-16T19:10:00+00:00,100919.74
2026-04-17T14:00:00+00:00,100237.74
2026-04-17T14:15:00+00:00,100191.26
2026-04-17T14:30:00+00:00,100191.26
2026-04-17T14:45:00+00:00,100191.26
2026-04-17T15:00:00+00:00,100191.26
2026-04-17T15:15:00+00:00,100191.26
2026-04-17T15:30:00+00:00,100191.26
2026-04-17T15:45:00+00:00,100191.26
2026-04-17T16:00:00+00:00,100191.26
2026-04-17T16:15:00+00:00,100191.26
2026-04-17T16:30:00+00:00,100191.26
2026-04-17T16:45:00+00:00,100191.26
2026-04-17T17:00:00+00:00,100191.26
2026-04-17T17:15:00+00:00,100191.26
2026-04-17T17:30:00+00:00,100191.26
2026-04-17T17:45:00+00:00,100191.26
2026-04-17T18:00:00+00:00,100191.26
2026-04-17T18:15:00+00:00,100191.26
2026-04-17T18:30:00+00:00,100191.26
2026-04-17T18:45:00+00:00,100191.26
2026-04-17T19:00:00+00:00,100191.26
2026-04-17T19:10:00+00:00,100191.26
2026-04-20T14:00:00+00:00,100181.26
2026-04-20T14:15:00+00:00,100181.26
2026-04-20T14:30:00+00:00,100181.26
2026-04-20T14:45:00+00:00,100181.26
2026-04-20T15:00:00+00:00,100181.26
2026-04-20T15:15:00+00:00,100181.26
2026-04-20T15:30:00+00:00,100181.26
2026-04-20T15:45:00+00:00,100181.26
2026-04-20T16:00:00+00:00,100181.26
2026-04-20T16:15:00+00:00,100181.26
2026-04-20T16:30:00+00:00,100181.26
2026-04-20T16:45:00+00:00,100181.26
2026-04-20T17:00:00+00:00,100181.26
2026-04-20T17:15:00+00:00,100181.26
2026-04-20T17:30:00+00:00,100181.26
2026-04-20T17:45:00+00:00,100181.26
2026-04-20T18:00:00+00:00,100181.26
2026-04-20T18:15:00+00:00,100181.26
2026-04-20T18:30:00+00:00,100181.26
2026-04-20T18:45:00+00:00,100181.26
2026-04-20T19:00:00+00:00,100181.26
2026-04-20T19:10:00+00:00,100181.26
2026-04-21T14:00:00+00:00,100156.44
2026-04-21T14:15:00+00:00,100156.44
2026-04-21T14:30:00+00:00,100156.44
2026-04-21T14:45:00+00:00,100156.44
2026-04-21T15:00:00+00:00,100156.44
2026-04-21T15:15:00+00:00,100156.44
2026-04-21T15:30:00+00:00,100156.44
2026-04-21T15:45:00+00:00,100156.44
2026-04-21T16:00:00+00:00,100156.44
2026-04-21T16:15:00+00:00,100156.44
2026-04-21T16:30:00+00:00,100156.44
2026-04-21T16:45:00+00:00,100156.44
2026-04-21T17:00:00+00:00,100156.44
2026-04-21T17:15:00+00:00,100156.44
2026-04-21T17:30:00+00:00,100156.44
2026-04-21T17:45:00+00:00,100156.44
2026-04-21T18:00:00+00:00,100156.44
2026-04-21T18:15:00+00:00,100156.44
2026-04-21T18:30:00+00:00,100156.44
2026-04-21T18:45:00+00:00,100156.44
2026-04-21T19:00:00+00:00,100156.44
2026-04-21T19:10:00+00:00,100156.44
2026-04-22T14:00:00+00:00,100660.44
2026-04-22T14:15:00+00:00,100660.44
2026-04-22T14:30:00+00:00,100660.44
2026-04-22T14:45:00+00:00,100660.44
2026-04-22T15:00:00+00:00,100660.44
2026-04-22T15:15:00+00:00,100660.44
2026-04-22T15:30:00+00:00,100660.44
2026-04-22T15:45:00+00:00,100660.44
2026-04-22T16:00:00+00:00,100660.44
2026-04-22T16:15:00+00:00,100660.44
2026-04-22T16:30:00+00:00,100660.44
2026-04-22T16:45:00+00:00,100660.44
2026-04-22T17:00:00+00:00,100660.44
2026-04-22T17:15:00+00:00,100660.44
2026-04-22T17:30:00+00:00,100660.44
2026-04-22T17:45:00+00:00,100660.44
2026-04-22T18:00:00+00:00,100660.44
2026-04-22T18:15:00+00:00,100660.44
2026-04-22T18:30:00+00:00,100660.44
2026-04-22T18:45:00+00:00,100660.44
2026-04-22T19:00:00+00:00,100660.44
2026-04-22T19:10:00+00:00,100660.44
2026-04-23T14:00:00+00:00,100599.44
2026-04-23T14:15:00+00:00,100599.44
2026-04-23T14:30:00+00:00,100599.44
2026-04-23T14:45:00+00:00,100599.44
2026-04-23T15:00:00+00:00,100599.44
2026-04-23T15:15:00+00:00,100599.44
2026-04-23T15:30:00+00:00,100599.44
2026-04-23T15:45:00+00:00,100599.44
2026-04-23T16:00:00+00:00,100599.44
2026-04-23T16:15:00+00:00,100599.44
2026-04-23T16:30:00+00:00,100599.44
2026-04-23T16:45:00+00:00,100599.44
2026-04-23T17:00:00+00:00,100599.44
2026-04-23T17:15:00+00:00,100599.44
2026-04-23T17:30:00+00:00,100599.44
2026-04-23T17:45:00+00:00,100599.44
2026-04-23T18:00:00+00:00,100599.44
2026-04-23T18:15:00+00:00,100599.44
2026-04-23T18:30:00+00:00,100599.44
2026-04-23T18:45:00+00:00,100599.44
2026-04-23T19:00:00+00:00,100599.44
2026-04-23T19:10:00+00:00,100599.44
2026-04-24T14:00:00+00:00,101090.12
2026-04-24T14:15:00+00:00,101090.12
2026-04-24T14:30:00+00:00,101090.12
2026-04-24T14:45:00+00:00,101090.12
2026-04-24T15:00:00+00:00,101090.12
2026-04-24T15:15:00+00:00,101090.12
2026-04-24T15:30:00+00:00,101090.12
2026-04-24T15:45:00+00:00,101090.12
2026-04-24T16:00:00+00:00,101090.12
2026-04-24T16:15:00+00:00,101090.12
2026-04-24T16:30:00+00:00,101090.12
2026-04-24T16:45:00+00:00,101090.12
2026-04-24T17:00:00+00:00,101090.12
2026-04-24T17:15:00+00:00,101090.12
2026-04-24T17:30:00+00:00,101090.12
2026-04-24T17:45:00+00:00,101090.12
2026-04-24T18:00:00+00:00,101090.12
2026-04-24T18:15:00+00:00,101090.12
2026-04-24T18:30:00+00:00,101090.12
2026-04-24T18:45:00+00:00,101090.12
2026-04-24T19:00:00+00:00,101090.12
2026-04-24T19:10:00+00:00,101090.12
2026-04-27T14:00:00+00:00,101515.46
2026-04-27T14:15:00+00:00,101515.46
2026-04-27T14:30:00+00:00,101515.46
2026-04-27T14:45:00+00:00,101515.46
2026-04-27T15:00:00+00:00,101515.46
2026-04-27T15:15:00+00:00,101515.46
2026-04-27T15:30:00+00:00,101515.46
2026-04-27T15:45:00+00:00,101515.46
2026-04-27T16:00:00+00:00,101515.46
2026-04-27T16:15:00+00:00,101515.46
2026-04-27T16:30:00+00:00,101515.46
2026-04-27T16:45:00+00:00,101515.46
2026-04-27T17:00:00+00:00,101515.46
2026-04-27T17:15:00+00:00,101515.46
2026-04-27T17:30:00+00:00,101515.46
2026-04-27T17:45:00+00:00,101515.46
2026-04-27T18:00:00+00:00,101515.46
2026-04-27T18:15:00+00:00,101515.46
2026-04-27T18:30:00+00:00,101515.46
2026-04-27T18:45:00+00:00,101515.46
2026-04-27T19:00:00+00:00,101515.46
2026-04-27T19:10:00+00:00,101515.46
2026-04-28T14:00:00+00:00,101697.09
2026-04-28T14:15:00+00:00,101697.09
2026-04-28T14:30:00+00:00,101697.09
2026-04-28T14:45:00+00:00,101697.09
2026-04-28T15:00:00+00:00,101697.09
2026-04-28T15:15:00+00:00,101697.09
2026-04-28T15:30:00+00:00,101697.09
2026-04-28T15:45:00+00:00,101697.09
2026-04-28T16:00:00+00:00,101697.09
2026-04-28T16:15:00+00:00,101697.09
2026-04-28T16:30:00+00:00,101697.09
2026-04-28T16:45:00+00:00,101697.09
2026-04-28T17:00:00+00:00,101697.09
2026-04-28T17:15:00+00:00,101697.09
2026-04-28T17:30:00+00:00,101697.09
2026-04-28T17:45:00+00:00,101697.09
2026-04-28T18:00:00+00:00,101697.09
2026-04-28T18:15:00+00:00,101697.09
2026-04-28T18:30:00+00:00,101697.09
2026-04-28T18:45:00+00:00,101697.09
2026-04-28T19:00:00+00:00,101697.09
2026-04-28T19:10:00+00:00,101697.09
2026-04-29T14:00:00+00:00,101463.69
2026-04-29T14:15:00+00:00,101452.11
2026-04-29T14:30:00+00:00,101454.42
2026-04-29T14:45:00+00:00,101454.6
2026-04-29T15:00:00+00:00,101465.25
2026-04-29T15:15:00+00:00,101467.44
2026-04-29T15:30:00+00:00,101465.22
2026-04-29T15:45:00+00:00,101468.52
2026-04-29T16:00:00+00:00,101469.6
2026-04-29T16:15:00+00:00,101469.54
2026-04-29T16:30:00+00:00,101469.0
2026-04-29T16:45:00+00:00,101468.61
2026-04-29T17:00:00+00:00,101468.58
2026-04-29T17:15:00+00:00,101469.57
2026-04-29T17:30:00+00:00,101469.12
2026-04-29T17:45:00+00:00,101469.09
2026-04-29T18:00:00+00:00,101469.57
2026-04-29T18:15:00+00:00,101469.09
2026-04-29T18:30:00+00:00,101469.48
2026-04-29T18:45:00+00:00,101469.0
2026-04-29T19:00:00+00:00,101469.18
2026-04-29T19:10:00+00:00,101469.3
2026-04-30T14:00:00+00:00,101788.25
2026-04-30T14:15:00+00:00,101788.25
2026-04-30T14:30:00+00:00,101788.25
2026-04-30T14:45:00+00:00,101788.25
2026-04-30T15:00:00+00:00,101788.25
2026-04-30T15:15:00+00:00,101788.25
2026-04-30T15:30:00+00:00,101788.25
2026-04-30T15:45:00+00:00,101788.25
2026-04-30T16:00:00+00:00,101788.25
2026-04-30T16:15:00+00:00,101788.25
2026-04-30T16:30:00+00:00,101788.25
2026-04-30T16:45:00+00:00,101788.25
2026-04-30T17:00:00+00:00,101788.25
2026-04-30T17:15:00+00:00,101788.25
2026-04-30T17:30:00+00:00,101788.25
2026-04-30T17:45:00+00:00,101788.25
2026-04-30T18:00:00+00:00,101788.25
2026-04-30T18:15:00+00:00,101788.25
2026-04-30T18:30:00+00:00,101788.25
2026-04-30T18:45:00+00:00,101788.25
2026-04-30T19:00:00+00:00,101788.25
2026-04-30T19:10:00+00:00,101788.25
2026-05-01T14:00:00+00:00,102316.25
2026-05-01T14:15:00+00:00,102316.25
2026-05-01T14:30:00+00:00,102316.25
2026-05-01T14:45:00+00:00,102316.25
2026-05-01T15:00:00+00:00,102316.25
2026-05-01T15:15:00+00:00,102316.25
2026-05-01T15:30:00+00:00,102316.25
2026-05-01T15:45:00+00:00,102316.25
2026-05-01T16:00:00+00:00,102316.25
2026-05-01T16:15:00+00:00,102316.25
2026-05-01T16:30:00+00:00,102316.25
2026-05-01T16:45:00+00:00,102316.25
2026-05-01T17:00:00+00:00,102316.25
2026-05-01T17:15:00+00:00,102316.25
2026-05-01T17:30:00+00:00,102316.25
2026-05-01T17:45:00+00:00,102316.25
2026-05-01T18:00:00+00:00,102316.25
2026-05-01T18:15:00+00:00,102316.25
2026-05-01T18:30:00+00:00,102316.25
2026-05-01T18:45:00+00:00,102316.25
2026-05-01T19:00:00+00:00,102316.25
2026-05-01T19:10:00+00:00,102316.25
2026-05-04T14:00:00+00:00,102737.2
2026-05-04T14:15:00+00:00,102737.2
2026-05-04T14:30:00+00:00,102697.2
2026-05-04T14:45:00+00:00,102697.2
2026-05-04T15:00:00+00:00,102697.2
2026-05-04T15:15:00+00:00,102697.2
2026-05-04T15:30:00+00:00,102697.2
2026-05-04T15:45:00+00:00,102697.2
2026-05-04T16:00:00+00:00,102697.2
2026-05-04T16:15:00+00:00,102697.2
2026-05-04T16:30:00+00:00,102697.2
2026-05-04T16:45:00+00:00,102697.2
2026-05-04T17:00:00+00:00,102697.2
2026-05-04T17:15:00+00:00,102697.2
2026-05-04T17:30:00+00:00,102697.2
2026-05-04T17:45:00+00:00,102697.2
2026-05-04T18:00:00+00:00,102697.2
2026-05-04T18:15:00+00:00,102697.2
2026-05-04T18:30:00+00:00,102697.2
2026-05-04T18:45:00+00:00,102697.2
2026-05-04T19:00:00+00:00,102697.2
2026-05-04T19:10:00+00:00,102697.2
2026-05-05T14:00:00+00:00,102675.65
2026-05-05T14:15:00+00:00,102675.65
2026-05-05T14:30:00+00:00,102629.19
2026-05-05T14:45:00+00:00,102629.19
2026-05-05T15:00:00+00:00,102629.19
2026-05-05T15:15:00+00:00,102629.19
2026-05-05T15:30:00+00:00,102629.19
2026-05-05T15:45:00+00:00,102629.19
2026-05-05T16:00:00+00:00,102629.19
2026-05-05T16:15:00+00:00,102629.19
2026-05-05T16:30:00+00:00,102629.19
2026-05-05T16:45:00+00:00,102629.19
2026-05-05T17:00:00+00:00,102629.19
2026-05-05T17:15:00+00:00,102629.19
2026-05-05T17:30:00+00:00,102629.19
2026-05-05T17:45:00+00:00,102629.19
2026-05-05T18:00:00+00:00,102629.19
2026-05-05T18:15:00+00:00,102629.19
2026-05-05T18:30:00+00:00,102629.19
2026-05-05T18:45:00+00:00,102629.19
2026-05-05T19:00:00+00:00,102629.19
2026-05-05T19:10:00+00:00,102629.19
2026-05-06T14:00:00+00:00,101438.9
2026-05-06T14:15:00+00:00,101420.9
2026-05-06T14:30:00+00:00,101420.9
2026-05-06T14:45:00+00:00,101420.9
2026-05-06T15:00:00+00:00,101420.9
2026-05-06T15:15:00+00:00,101420.9
2026-05-06T15:30:00+00:00,101420.9
2026-05-06T15:45:00+00:00,101420.9
2026-05-06T16:00:00+00:00,101420.9
2026-05-06T16:15:00+00:00,101420.9
2026-05-06T16:30:00+00:00,101420.9
2026-05-06T16:45:00+00:00,101420.9
2026-05-06T17:00:00+00:00,101420.9
2026-05-06T17:15:00+00:00,101420.9
2026-05-06T17:30:00+00:00,101420.9
2026-05-06T17:45:00+00:00,101420.9
2026-05-06T18:00:00+00:00,101420.9
2026-05-06T18:15:00+00:00,101420.9
2026-05-06T18:30:00+00:00,101420.9
2026-05-06T18:45:00+00:00,101420.9
2026-05-06T19:00:00+00:00,101420.9
2026-05-06T19:10:00+00:00,101420.9
2026-05-07T14:00:00+00:00,101922.9
2026-05-07T14:15:00+00:00,101922.9
2026-05-07T14:30:00+00:00,101922.9
2026-05-07T14:45:00+00:00,101922.9
2026-05-07T15:00:00+00:00,101922.9
2026-05-07T15:15:00+00:00,101922.9
2026-05-07T15:30:00+00:00,101922.9
2026-05-07T15:45:00+00:00,101922.9
2026-05-07T16:00:00+00:00,101922.9
2026-05-07T16:15:00+00:00,101922.9
2026-05-07T16:30:00+00:00,101922.9
2026-05-07T16:45:00+00:00,101922.9
2026-05-07T17:00:00+00:00,101922.9
2026-05-07T17:15:00+00:00,101922.9
2026-05-07T17:30:00+00:00,101922.9
2026-05-07T17:45:00+00:00,101922.9
2026-05-07T18:00:00+00:00,101922.9
2026-05-07T18:15:00+00:00,101922.9
2026-05-07T18:30:00+00:00,101922.9
2026-05-07T18:45:00+00:00,101922.9
2026-05-07T19:00:00+00:00,101922.9
2026-05-07T19:10:00+00:00,101922.9
2026-05-08T14:00:00+00:00,102209.9
2026-05-08T14:15:00+00:00,102209.9
2026-05-08T14:30:00+00:00,102209.9
2026-05-08T14:45:00+00:00,102209.9
2026-05-08T15:00:00+00:00,102209.9
2026-05-08T15:15:00+00:00,102209.9
2026-05-08T15:30:00+00:00,102209.9
2026-05-08T15:45:00+00:00,102209.9
2026-05-08T16:00:00+00:00,102209.9
2026-05-08T16:15:00+00:00,102209.9
2026-05-08T16:30:00+00:00,102209.9
2026-05-08T16:45:00+00:00,102209.9
2026-05-08T17:00:00+00:00,102209.9
2026-05-08T17:15:00+00:00,102209.9
2026-05-08T17:30:00+00:00,102209.9
2026-05-08T17:45:00+00:00,102209.9
2026-05-08T18:00:00+00:00,102209.9
2026-05-08T18:15:00+00:00,102209.9
2026-05-08T18:30:00+00:00,102209.9
2026-05-08T18:45:00+00:00,102209.9
2026-05-08T19:00:00+00:00,102209.9
2026-05-08T19:10:00+00:00,102209.9
2026-05-11T14:00:00+00:00,102413.9
2026-05-11T14:15:00+00:00,102413.9
2026-05-11T14:30:00+00:00,102413.9
2026-05-11T14:45:00+00:00,102413.9
2026-05-11T15:00:00+00:00,102413.9
2026-05-11T15:15:00+00:00,102413.9
2026-05-11T15:30:00+00:00,102413.9
2026-05-11T15:45:00+00:00,102413.9
2026-05-11T16:00:00+00:00,102413.9
2026-05-11T16:15:00+00:00,102413.9
2026-05-11T16:30:00+00:00,102413.9
2026-05-11T16:45:00+00:00,102413.9
2026-05-11T17:00:00+00:00,102413.9
2026-05-11T17:15:00+00:00,102413.9
2026-05-11T17:30:00+00:00,102413.9
2026-05-11T17:45:00+00:00,102413.9
2026-05-11T18:00:00+00:00,102413.9
2026-05-11T18:15:00+00:00,102413.9
2026-05-11T18:30:00+00:00,102413.9
2026-05-11T18:45:00+00:00,102413.9
2026-05-11T19:00:00+00:00,102413.9
2026-05-11T19:10:00+00:00,102413.9
2026-05-12T14:00:00+00:00,102672.19
2026-05-12T14:15:00+00:00,102672.19
2026-05-12T14:30:00+00:00,102672.19
2026-05-12T14:45:00+00:00,102672.19
2026-05-12T15:00:00+00:00,102672.19
2026-05-12T15:15:00+00:00,102672.19
2026-05-12T15:30:00+00:00,102672.19
2026-05-12T15:45:00+00:00,102672.19
2026-05-12T16:00:00+00:00,102672.19
2026-05-12T16:15:00+00:00,102672.19
2026-05-12T16:30:00+00:00,102672.19
2026-05-12T16:45:00+00:00,102672.19
2026-05-12T17:00:00+00:00,102672.19
2026-05-12T17:15:00+00:00,102672.19
2026-05-12T17:30:00+00:00,102672.19
2026-05-12T17:45:00+00:00,102672.19
2026-05-12T18:00:00+00:00,102672.19
2026-05-12T18:15:00+00:00,102672.19
2026-05-12T18:30:00+00:00,102672.19
2026-05-12T18:45:00+00:00,102672.19
2026-05-12T19:00:00+00:00,102672.19
2026-05-12T19:10:00+00:00,102672.19
2026-05-13T14:00:00+00:00,103184.19
2026-05-13T14:15:00+00:00,103184.19
2026-05-13T14:30:00+00:00,103184.19
2026-05-13T14:45:00+00:00,103184.19
2026-05-13T15:00:00+00:00,103184.19
2026-05-13T15:15:00+00:00,103184.19
2026-05-13T15:30:00+00:00,103184.19
2026-05-13T15:45:00+00:00,103184.19
2026-05-13T16:00:00+00:00,103184.19
2026-05-13T16:15:00+00:00,103184.19
2026-05-13T16:30:00+00:00,103179.19
2026-05-13T16:45:00+00:00,103179.19
2026-05-13T17:00:00+00:00,103179.19
2026-05-13T17:15:00+00:00,103179.19
2026-05-13T17:30:00+00:00,103179.19
2026-05-13T17:45:00+00:00,103179.19
2026-05-13T18:00:00+00:00,103179.19
2026-05-13T18:15:00+00:00,103179.19
2026-05-13T18:30:00+00:00,103179.19
2026-05-13T18:45:00+00:00,103179.19
2026-05-13T19:00:00+00:00,103179.19
2026-05-13T19:10:00+00:00,103179.19
2026-05-14T14:00:00+00:00,103106.19
2026-05-14T14:15:00+00:00,103106.19
2026-05-14T14:30:00+00:00,103106.19
2026-05-14T14:45:00+00:00,103106.19
2026-05-14T15:00:00+00:00,103106.19
2026-05-14T15:15:00+00:00,103106.19
2026-05-14T15:30:00+00:00,103106.19
2026-05-14T15:45:00+00:00,103106.19
2026-05-14T16:00:00+00:00,103106.19
2026-05-14T16:15:00+00:00,103106.19
2026-05-14T16:30:00+00:00,103106.19
2026-05-14T16:45:00+00:00,103106.19
2026-05-14T17:00:00+00:00,103106.19
2026-05-14T17:15:00+00:00,103106.19
2026-05-14T17:30:00+00:00,103106.19
2026-05-14T17:45:00+00:00,103106.19
2026-05-14T18:00:00+00:00,103106.19
2026-05-14T18:15:00+00:00,103106.19
2026-05-14T18:30:00+00:00,103106.19
2026-05-14T18:45:00+00:00,103106.19
2026-05-14T19:00:00+00:00,103106.19
2026-05-14T19:10:00+00:00,103106.19
2026-05-15T14:00:00+00:00,102982.19
2026-05-15T14:15:00+00:00,102982.19
2026-05-15T14:30:00+00:00,102982.19
2026-05-15T14:45:00+00:00,102982.19
2026-05-15T15:00:00+00:00,102982.19
2026-05-15T15:15:00+00:00,102982.19
2026-05-15T15:30:00+00:00,102982.19
2026-05-15T15:45:00+00:00,102982.19
2026-05-15T16:00:00+00:00,102982.19
2026-05-15T16:15:00+00:00,102982.19
2026-05-15T16:30:00+00:00,102982.19
2026-05-15T16:45:00+00:00,102982.19
2026-05-15T17:00:00+00:00,102982.19
2026-05-15T17:15:00+00:00,102982.19
2026-05-15T17:30:00+00:00,102982.19
2026-05-15T17:45:00+00:00,102982.19
2026-05-15T18:00:00+00:00,102982.19
2026-05-15T18:15:00+00:00,102982.19
2026-05-15T18:30:00+00:00,102982.19
2026-05-15T18:45:00+00:00,102982.19
2026-05-15T19:00:00+00:00,102982.19
2026-05-15T19:10:00+00:00,102982.19
2026-05-18T14:00:00+00:00,102873.61
2026-05-18T14:15:00+00:00,102873.61
2026-05-18T14:30:00+00:00,102822.03
2026-05-18T14:45:00+00:00,102822.03
2026-05-18T15:00:00+00:00,102822.03
2026-05-18T15:15:00+00:00,102822.03
2026-05-18T15:30:00+00:00,102822.03
2026-05-18T15:45:00+00:00,102822.03
2026-05-18T16:00:00+00:00,102822.03
2026-05-18T16:15:00+00:00,102822.03
2026-05-18T16:30:00+00:00,102787.1
2026-05-18T16:45:00+00:00,102787.1
2026-05-18T17:00:00+00:00,102787.1
2026-05-18T17:15:00+00:00,102787.1
2026-05-18T17:30:00+00:00,102787.1
2026-05-18T17:45:00+00:00,102787.1
2026-05-18T18:00:00+00:00,102787.1
2026-05-18T18:15:00+00:00,102787.1
2026-05-18T18:30:00+00:00,102787.1
2026-05-18T18:45:00+00:00,102787.1
2026-05-18T19:00:00+00:00,102787.1
2026-05-18T19:10:00+00:00,102787.1
2026-05-19T14:00:00+00:00,103068.55
2026-05-19T14:15:00+00:00,103068.55
2026-05-19T14:30:00+00:00,103068.55
2026-05-19T14:45:00+00:00,103068.55
2026-05-19T15:00:00+00:00,103068.55
2026-05-19T15:15:00+00:00,103068.55
2026-05-19T15:30:00+00:00,103068.55
2026-05-19T15:45:00+00:00,103068.55
2026-05-19T16:00:00+00:00,103068.55
2026-05-19T16:15:00+00:00,103068.55
2026-05-19T16:30:00+00:00,103068.55
2026-05-19T16:45:00+00:00,103068.55
2026-05-19T17:00:00+00:00,103068.55
2026-05-19T17:15:00+00:00,103068.55
2026-05-19T17:30:00+00:00,103068.55
2026-05-19T17:45:00+00:00,103068.55
2026-05-19T18:00:00+00:00,103068.55
2026-05-19T18:15:00+00:00,103068.55
2026-05-19T18:30:00+00:00,103068.55
2026-05-19T18:45:00+00:00,103068.55
2026-05-19T19:00:00+00:00,103068.55
2026-05-19T19:10:00+00:00,103068.55
2026-05-20T14:00:00+00:00,102950.55
2026-05-20T14:15:00+00:00,102950.55
2026-05-20T14:30:00+00:00,102950.55
2026-05-20T14:45:00+00:00,102950.55
2026-05-20T15:00:00+00:00,102950.55
2026-05-20T15:15:00+00:00,102950.55
2026-05-20T15:30:00+00:00,102910.55
2026-05-20T15:45:00+00:00,102910.55
2026-05-20T16:00:00+00:00,102910.55
2026-05-20T16:15:00+00:00,102910.55
2026-05-20T16:30:00+00:00,102910.55
2026-05-20T16:45:00+00:00,102910.55
2026-05-20T17:00:00+00:00,102910.55
2026-05-20T17:15:00+00:00,102910.55
2026-05-20T17:30:00+00:00,102910.55
2026-05-20T17:45:00+00:00,102910.55
2026-05-20T18:00:00+00:00,102910.55
2026-05-20T18:15:00+00:00,102910.55
2026-05-20T18:30:00+00:00,102910.55
2026-05-20T18:45:00+00:00,102910.55
2026-05-20T19:00:00+00:00,102910.55
2026-05-20T19:10:00+00:00,102910.55
2026-05-21T14:00:00+00:00,102820.55
2026-05-21T14:15:00+00:00,102820.55
2026-05-21T14:30:00+00:00,102820.55
2026-05-21T14:45:00+00:00,102820.55
2026-05-21T15:00:00+00:00,102820.55
2026-05-21T15:15:00+00:00,102820.55
2026-05-21T15:30:00+00:00,102820.55
2026-05-21T15:45:00+00:00,102820.55
2026-05-21T16:00:00+00:00,102820.55
2026-05-21T16:15:00+00:00,102820.55
2026-05-21T16:30:00+00:00,102820.55
2026-05-21T16:45:00+00:00,102820.55
2026-05-21T17:00:00+00:00,102820.55
2026-05-21T17:15:00+00:00,102820.55
2026-05-21T17:30:00+00:00,102781.53
2026-05-21T17:45:00+00:00,102781.53
2026-05-21T18:00:00+00:00,102781.53
2026-05-21T18:15:00+00:00,102781.53
2026-05-21T18:30:00+00:00,102781.53
2026-05-21T18:45:00+00:00,102781.53
2026-05-21T19:00:00+00:00,102781.53
2026-05-21T19:10:00+00:00,102781.53
2026-05-22T14:00:00+00:00,102788.28
2026-05-22T14:15:00+00:00,102788.28
2026-05-22T14:30:00+00:00,102788.28
2026-05-22T14:45:00+00:00,102788.28
2026-05-22T15:00:00+00:00,102788.28
2026-05-22T15:15:00+00:00,102788.28
2026-05-22T15:30:00+00:00,102788.28
2026-05-22T15:45:00+00:00,102788.28
2026-05-22T16:00:00+00:00,102788.28
2026-05-22T16:15:00+00:00,102788.28
2026-05-22T16:30:00+00:00,102788.28
2026-05-22T16:45:00+00:00,102788.28
2026-05-22T17:00:00+00:00,102788.28
2026-05-22T17:15:00+00:00,102788.28
2026-05-22T17:30:00+00:00,102788.28
2026-05-22T17:45:00+00:00,102788.28
2026-05-22T18:00:00+00:00,102788.28
2026-05-22T18:15:00+00:00,102788.28
2026-05-22T18:30:00+00:00,102788.28
2026-05-22T18:45:00+00:00,102788.28
2026-05-22T19:00:00+00:00,102788.28
2026-05-22T19:10:00+00:00,102788.28
2026-05-26T14:00:00+00:00,102190.99
2026-05-26T14:15:00+00:00,102190.99
2026-05-26T14:30:00+00:00,102190.99
2026-05-26T14:45:00+00:00,102190.99
2026-05-26T15:00:00+00:00,102190.99
2026-05-26T15:15:00+00:00,102190.99
2026-05-26T15:30:00+00:00,102190.99
2026-05-26T15:45:00+00:00,102190.99
2026-05-26T16:00:00+00:00,102190.99
2026-05-26T16:15:00+00:00,102190.99
2026-05-26T16:30:00+00:00,102190.99
2026-05-26T16:45:00+00:00,102190.99
2026-05-26T17:00:00+00:00,102190.99
2026-05-26T17:15:00+00:00,102190.99
2026-05-26T17:30:00+00:00,102190.99
2026-05-26T17:45:00+00:00,102190.99
2026-05-26T18:00:00+00:00,102190.99
2026-05-26T18:15:00+00:00,102190.99
2026-05-26T18:30:00+00:00,102190.99
2026-05-26T18:45:00+00:00,102190.99
2026-05-26T19:00:00+00:00,102190.99
2026-05-26T19:10:00+00:00,102190.99
2026-05-27T14:00:00+00:00,102416.99
2026-05-27T14:15:00+00:00,102416.99
2026-05-27T14:30:00+00:00,102416.99
2026-05-27T14:45:00+00:00,102416.99
2026-05-27T15:00:00+00:00,102416.99
2026-05-27T15:15:00+00:00,102416.99
2026-05-27T15:30:00+00:00,102416.99
2026-05-27T15:45:00+00:00,102416.99
2026-05-27T16:00:00+00:00,102416.99
2026-05-27T16:15:00+00:00,102416.99
2026-05-27T16:30:00+00:00,102416.99
2026-05-27T16:45:00+00:00,102416.99
2026-05-27T17:00:00+00:00,102416.99
2026-05-27T17:15:00+00:00,102416.99
2026-05-27T17:30:00+00:00,102416.99
2026-05-27T17:45:00+00:00,102416.99
2026-05-27T18:00:00+00:00,102416.99
2026-05-27T18:15:00+00:00,102416.99
2026-05-27T18:30:00+00:00,102416.99
2026-05-27T18:45:00+00:00,102416.99
2026-05-27T19:00:00+00:00,102416.99
2026-05-27T19:10:00+00:00,102416.99
2026-05-28T14:00:00+00:00,102558.99
2026-05-28T14:15:00+00:00,102558.99
2026-05-28T14:30:00+00:00,102558.99
2026-05-28T14:45:00+00:00,102558.99
2026-05-28T15:00:00+00:00,102558.99
2026-05-28T15:15:00+00:00,102558.99
2026-05-28T15:30:00+00:00,102558.99
2026-05-28T15:45:00+00:00,102558.99
2026-05-28T16:00:00+00:00,102558.99
2026-05-28T16:15:00+00:00,102558.99
2026-05-28T16:30:00+00:00,102558.99
2026-05-28T16:45:00+00:00,102558.99
2026-05-28T17:00:00+00:00,102558.99
2026-05-28T17:15:00+00:00,102558.99
2026-05-28T17:30:00+00:00,102558.99
2026-05-28T17:45:00+00:00,102558.99
2026-05-28T18:00:00+00:00,102558.99
2026-05-28T18:15:00+00:00,102558.99
2026-05-28T18:30:00+00:00,102558.99
2026-05-28T18:45:00+00:00,102558.99
2026-05-28T19:00:00+00:00,102558.99
2026-05-28T19:10:00+00:00,102558.99
2026-05-29T14:00:00+00:00,102550.99
2026-05-29T14:15:00+00:00,102550.99
2026-05-29T14:30:00+00:00,102550.99
2026-05-29T14:45:00+00:00,102550.99
2026-05-29T15:00:00+00:00,102550.99
2026-05-29T15:15:00+00:00,102550.99
2026-05-29T15:30:00+00:00,102550.99
2026-05-29T15:45:00+00:00,102550.99
2026-05-29T16:00:00+00:00,102550.99
2026-05-29T16:15:00+00:00,102550.99
2026-05-29T16:30:00+00:00,102550.99
2026-05-29T16:45:00+00:00,102550.99
2026-05-29T17:00:00+00:00,102550.99
2026-05-29T17:15:00+00:00,102550.99
2026-05-29T17:30:00+00:00,102550.99
2026-05-29T17:45:00+00:00,102550.99
2026-05-29T18:00:00+00:00,102550.99
2026-05-29T18:15:00+00:00,102550.99
2026-05-29T18:30:00+00:00,102550.99
2026-05-29T18:45:00+00:00,102550.99
2026-05-29T19:00:00+00:00,102550.99
2026-05-29T19:10:00+00:00,102550.99
2026-06-01T14:00:00+00:00,102562.99
2026-06-01T14:15:00+00:00,102562.99
2026-06-01T14:30:00+00:00,102562.99
2026-06-01T14:45:00+00:00,102522.99
2026-06-01T15:00:00+00:00,102522.99
2026-06-01T15:15:00+00:00,102522.99
2026-06-01T15:30:00+00:00,102522.99
2026-06-01T15:45:00+00:00,102522.99
2026-06-01T16:00:00+00:00,102522.99
2026-06-01T16:15:00+00:00,102522.99
2026-06-01T16:30:00+00:00,102522.99
2026-06-01T16:45:00+00:00,102522.99
2026-06-01T17:00:00+00:00,102522.99
2026-06-01T17:15:00+00:00,102522.99
2026-06-01T17:30:00+00:00,102522.99
2026-06-01T17:45:00+00:00,102522.99
2026-06-01T18:00:00+00:00,102522.99
2026-06-01T18:15:00+00:00,102522.99
2026-06-01T18:30:00+00:00,102522.99
2026-06-01T18:45:00+00:00,102522.99
2026-06-01T19:00:00+00:00,102522.99
2026-06-01T19:10:00+00:00,102522.99
2026-06-02T14:00:00+00:00,102515.4
2026-06-02T14:15:00+00:00,102515.4
2026-06-02T14:30:00+00:00,102515.4
2026-06-02T14:45:00+00:00,102515.4
2026-06-02T15:00:00+00:00,102515.4
2026-06-02T15:15:00+00:00,102515.4
2026-06-02T15:30:00+00:00,102515.4
2026-06-02T15:45:00+00:00,102515.4
2026-06-02T16:00:00+00:00,102515.4
2026-06-02T16:15:00+00:00,102515.4
2026-06-02T16:30:00+00:00,102515.4
2026-06-02T16:45:00+00:00,102515.4
2026-06-02T17:00:00+00:00,102515.4
2026-06-02T17:15:00+00:00,102515.4
2026-06-02T17:30:00+00:00,102515.4
2026-06-02T17:45:00+00:00,102515.4
2026-06-02T18:00:00+00:00,102515.4
2026-06-02T18:15:00+00:00,102515.4
2026-06-02T18:30:00+00:00,102515.4
2026-06-02T18:45:00+00:00,102515.4
2026-06-02T19:00:00+00:00,102515.4
2026-06-02T19:10:00+00:00,102515.4
2026-06-03T14:00:00+00:00,102493.4
2026-06-03T14:15:00+00:00,102493.4
2026-06-03T14:30:00+00:00,102493.4
2026-06-03T14:45:00+00:00,102493.4
2026-06-03T15:00:00+00:00,102493.4
2026-06-03T15:15:00+00:00,102493.4
2026-06-03T15:30:00+00:00,102493.4
2026-06-03T15:45:00+00:00,102493.4
2026-06-03T16:00:00+00:00,102493.4
2026-06-03T16:15:00+00:00,102493.4
2026-06-03T16:30:00+00:00,102493.4
2026-06-03T16:45:00+00:00,102493.4
2026-06-03T17:00:00+00:00,102493.4
2026-06-03T17:15:00+00:00,102493.4
2026-06-03T17:30:00+00:00,102493.4
2026-06-03T17:45:00+00:00,102493.4
2026-06-03T18:00:00+00:00,102493.4
2026-06-03T18:15:00+00:00,102493.4
2026-06-03T18:30:00+00:00,102493.4
2026-06-03T18:45:00+00:00,102493.4
2026-06-03T19:00:00+00:00,102493.4
2026-06-03T19:10:00+00:00,102493.4
2026-06-04T14:00:00+00:00,102701.4
2026-06-04T14:15:00+00:00,102701.4
2026-06-04T14:30:00+00:00,102701.4
2026-06-04T14:45:00+00:00,102701.4
2026-06-04T15:00:00+00:00,102701.4
2026-06-04T15:15:00+00:00,102701.4
2026-06-04T15:30:00+00:00,102701.4
2026-06-04T15:45:00+00:00,102701.4
2026-06-04T16:00:00+00:00,102701.4
2026-06-04T16:15:00+00:00,102701.4
2026-06-04T16:30:00+00:00,102701.4
2026-06-04T16:45:00+00:00,102701.4
2026-06-04T17:00:00+00:00,102701.4
2026-06-04T17:15:00+00:00,102701.4
2026-06-04T17:30:00+00:00,102701.4
2026-06-04T17:45:00+00:00,102701.4
2026-06-04T18:00:00+00:00,102701.4
2026-06-04T18:15:00+00:00,102701.4
2026-06-04T18:30:00+00:00,102701.4
2026-06-04T18:45:00+00:00,102701.4
2026-06-04T19:00:00+00:00,102701.4
2026-06-04T19:10:00+00:00,102701.4
2026-06-05T14:00:00+00:00,101983.4
2026-06-05T14:15:00+00:00,101983.4
2026-06-05T14:30:00+00:00,101983.4
2026-06-05T14:45:00+00:00,101983.4
2026-06-05T15:00:00+00:00,101983.4
2026-06-05T15:15:00+00:00,101983.4
2026-06-05T15:30:00+00:00,101983.4
2026-06-05T15:45:00+00:00,101983.4
2026-06-05T16:00:00+00:00,101983.4
2026-06-05T16:15:00+00:00,101983.4
2026-06-05T16:30:00+00:00,101983.4
2026-06-05T16:45:00+00:00,101922.75
2026-06-05T17:00:00+00:00,101922.75
2026-06-05T17:15:00+00:00,101922.75
2026-06-05T17:30:00+00:00,101922.75
2026-06-05T17:45:00+00:00,101922.75
2026-06-05T18:00:00+00:00,101922.75
2026-06-05T18:15:00+00:00,101922.75
2026-06-05T18:30:00+00:00,101922.75
2026-06-05T18:45:00+00:00,101922.75
2026-06-05T19:00:00+00:00,101912.13
2026-06-05T19:10:00+00:00,101912.13
2026-06-08T14:00:00+00:00,102130.13
2026-06-08T14:15:00+00:00,102130.13
2026-06-08T14:30:00+00:00,102130.13
2026-06-08T14:45:00+00:00,102130.13
2026-06-08T15:00:00+00:00,102130.13
2026-06-08T15:15:00+00:00,102130.13
2026-06-08T15:30:00+00:00,102130.13
2026-06-08T15:45:00+00:00,102130.13
2026-06-08T16:00:00+00:00,102130.13
2026-06-08T16:15:00+00:00,102130.13
2026-06-08T16:30:00+00:00,102130.13
2026-06-08T16:45:00+00:00,102130.13
2026-06-08T17:00:00+00:00,102130.13
2026-06-08T17:15:00+00:00,102130.13
2026-06-08T17:30:00+00:00,102130.13
2026-06-08T17:45:00+00:00,102130.13
2026-06-08T18:00:00+00:00,102130.13
2026-06-08T18:15:00+00:00,102130.13
2026-06-08T18:30:00+00:00,102130.13
2026-06-08T18:45:00+00:00,102130.13
2026-06-08T19:00:00+00:00,102130.13
2026-06-08T19:10:00+00:00,102130.13
2026-06-09T14:00:00+00:00,101815.47
2026-06-09T14:15:00+00:00,101815.47
2026-06-09T14:30:00+00:00,101815.47
2026-06-09T14:45:00+00:00,101815.47
2026-06-09T15:00:00+00:00,101815.47
2026-06-09T15:15:00+00:00,101815.47
2026-06-09T15:30:00+00:00,101815.47
2026-06-09T15:45:00+00:00,101815.47
2026-06-09T16:00:00+00:00,101815.47
2026-06-09T16:15:00+00:00,101815.47
2026-06-09T16:30:00+00:00,101815.47
2026-06-09T16:45:00+00:00,101815.47
2026-06-09T17:00:00+00:00,101815.47
2026-06-09T17:15:00+00:00,101815.47
2026-06-09T17:30:00+00:00,101815.47
2026-06-09T17:45:00+00:00,101815.47
2026-06-09T18:00:00+00:00,101815.47
2026-06-09T18:15:00+00:00,101815.47
2026-06-09T18:30:00+00:00,101815.47
2026-06-09T18:45:00+00:00,101815.47
2026-06-09T19:00:00+00:00,101815.47
2026-06-09T19:10:00+00:00,101815.47
2026-06-10T14:00:00+00:00,101768.62
2026-06-10T14:15:00+00:00,101768.62
2026-06-10T14:30:00+00:00,101768.62
2026-06-10T14:45:00+00:00,101768.62
2026-06-10T15:00:00+00:00,101768.62
2026-06-10T15:15:00+00:00,101768.62
2026-06-10T15:30:00+00:00,101768.62
2026-06-10T15:45:00+00:00,101768.62
2026-06-10T16:00:00+00:00,101768.62
2026-06-10T16:15:00+00:00,101768.62
2026-06-10T16:30:00+00:00,101768.62
2026-06-10T16:45:00+00:00,101768.62
2026-06-10T17:00:00+00:00,101768.62
2026-06-10T17:15:00+00:00,101768.62
2026-06-10T17:30:00+00:00,101768.62
2026-06-10T17:45:00+00:00,101768.62
2026-06-10T18:00:00+00:00,101768.62
2026-06-10T18:15:00+00:00,101768.62
2026-06-10T18:30:00+00:00,101768.62
2026-06-10T18:45:00+00:00,101768.62
2026-06-10T19:00:00+00:00,101768.62
2026-06-10T19:10:00+00:00,101768.62
2026-06-11T14:00:00+00:00,102082.62
2026-06-11T14:15:00+00:00,102082.62
2026-06-11T14:30:00+00:00,102082.62
2026-06-11T14:45:00+00:00,102082.62
2026-06-11T15:00:00+00:00,102082.62
2026-06-11T15:15:00+00:00,102082.62
2026-06-11T15:30:00+00:00,102082.62
2026-06-11T15:45:00+00:00,102082.62
2026-06-11T16:00:00+00:00,102082.62
2026-06-11T16:15:00+00:00,102082.62
2026-06-11T16:30:00+00:00,102082.62
2026-06-11T16:45:00+00:00,102082.62
2026-06-11T17:00:00+00:00,102082.62
2026-06-11T17:15:00+00:00,102082.62
2026-06-11T17:30:00+00:00,102082.62
2026-06-11T17:45:00+00:00,102082.62
2026-06-11T18:00:00+00:00,102082.62
2026-06-11T18:15:00+00:00,102082.62
2026-06-11T18:30:00+00:00,102082.62
2026-06-11T18:45:00+00:00,102082.62
2026-06-11T19:00:00+00:00,102082.62
2026-06-11T19:10:00+00:00,102082.62
2026-06-12T14:00:00+00:00,102230.62
2026-06-12T14:15:00+00:00,102230.62
2026-06-12T14:30:00+00:00,102230.62
2026-06-12T14:45:00+00:00,102230.62
2026-06-12T15:00:00+00:00,102190.52
2026-06-12T15:15:00+00:00,102190.52
2026-06-12T15:30:00+00:00,102190.52
2026-06-12T15:45:00+00:00,102190.52
2026-06-12T16:00:00+00:00,102190.52
2026-06-12T16:15:00+00:00,102190.52
2026-06-12T16:30:00+00:00,102190.52
2026-06-12T16:45:00+00:00,102190.52
2026-06-12T17:00:00+00:00,102190.52
2026-06-12T17:15:00+00:00,102190.52
2026-06-12T17:30:00+00:00,102190.52
2026-06-12T17:45:00+00:00,102190.52
2026-06-12T18:00:00+00:00,102190.52
2026-06-12T18:15:00+00:00,102190.52
2026-06-12T18:30:00+00:00,102190.52
2026-06-12T18:45:00+00:00,102190.52
2026-06-12T19:00:00+00:00,102190.52
2026-06-12T19:10:00+00:00,102190.52
2026-06-15T14:00:00+00:00,102463.86
2026-06-15T14:15:00+00:00,102463.86
2026-06-15T14:30:00+00:00,102463.86
2026-06-15T14:45:00+00:00,102463.86
2026-06-15T15:00:00+00:00,102463.86
2026-06-15T15:15:00+00:00,102463.86
2026-06-15T15:30:00+00:00,102463.86
2026-06-15T15:45:00+00:00,102463.86
2026-06-15T16:00:00+00:00,102463.86
2026-06-15T16:15:00+00:00,102463.86
2026-06-15T16:30:00+00:00,102463.86
2026-06-15T16:45:00+00:00,102463.86
2026-06-15T17:00:00+00:00,102463.86
2026-06-15T17:15:00+00:00,102463.86
2026-06-15T17:30:00+00:00,102463.86
2026-06-15T17:45:00+00:00,102463.86
2026-06-15T18:00:00+00:00,102463.86
2026-06-15T18:15:00+00:00,102463.86
2026-06-15T18:30:00+00:00,102463.86
2026-06-15T18:45:00+00:00,102463.86
2026-06-15T19:00:00+00:00,102463.86
2026-06-15T19:10:00+00:00,102463.86
2026-06-16T14:00:00+00:00,102499.86
2026-06-16T14:15:00+00:00,102499.86
2026-06-16T14:30:00+00:00,102499.86
2026-06-16T14:45:00+00:00,102499.86
2026-06-16T15:00:00+00:00,102499.86
2026-06-16T15:15:00+00:00,102499.86
2026-06-16T15:30:00+00:00,102499.86
2026-06-16T15:45:00+00:00,102499.86
2026-06-16T16:00:00+00:00,102499.86
2026-06-16T16:15:00+00:00,102499.86
2026-06-16T16:30:00+00:00,102499.86
2026-06-16T16:45:00+00:00,102499.86
2026-06-16T17:00:00+00:00,102499.86
2026-06-16T17:15:00+00:00,102499.86
2026-06-16T17:30:00+00:00,102499.86
2026-06-16T17:45:00+00:00,102499.86
2026-06-16T18:00:00+00:00,102499.86
2026-06-16T18:15:00+00:00,102499.86
2026-06-16T18:30:00+00:00,102499.86
2026-06-16T18:45:00+00:00,102499.86
2026-06-16T19:00:00+00:00,102499.86
2026-06-16T19:10:00+00:00,102499.86
2026-06-17T14:00:00+00:00,102499.86
2026-06-17T14:15:00+00:00,102499.86
2026-06-17T14:30:00+00:00,102499.86
2026-06-17T14:45:00+00:00,102499.86
2026-06-17T15:00:00+00:00,102499.86
2026-06-17T15:15:00+00:00,102499.86
2026-06-17T15:30:00+00:00,102499.86
2026-06-17T15:45:00+00:00,102499.86
2026-06-17T16:00:00+00:00,102499.86
2026-06-17T16:15:00+00:00,102499.86
2026-06-17T16:30:00+00:00,102499.86
2026-06-17T16:45:00+00:00,102499.86
2026-06-17T17:00:00+00:00,102499.86
2026-06-17T17:15:00+00:00,102499.86
2026-06-17T17:30:00+00:00,102499.86
2026-06-17T17:45:00+00:00,102499.86
2026-06-17T18:00:00+00:00,102499.86
2026-06-17T18:15:00+00:00,102499.86
2026-06-17T18:30:00+00:00,102499.86
2026-06-17T18:45:00+00:00,102499.86
2026-06-17T19:00:00+00:00,102499.86
2026-06-17T19:10:00+00:00,102499.86
2026-06-18T14:00:00+00:00,102910.06
2026-06-18T14:15:00+00:00,102910.06
2026-06-18T14:30:00+00:00,102910.06
2026-06-18T14:45:00+00:00,102910.06
2026-06-18T15:00:00+00:00,102910.06
2026-06-18T15:15:00+00:00,102910.06
2026-06-18T15:30:00+00:00,102910.06
2026-06-18T15:45:00+00:00,102910.06
2026-06-18T16:00:00+00:00,102910.06
2026-06-18T16:15:00+00:00,102910.06
2026-06-18T16:30:00+00:00,102910.06
2026-06-18T16:45:00+00:00,102910.06
2026-06-18T17:00:00+00:00,102910.06
2026-06-18T17:15:00+00:00,102910.06
2026-06-18T17:30:00+00:00,102910.06
2026-06-18T17:45:00+00:00,102910.06
2026-06-18T18:00:00+00:00,102910.06
2026-06-18T18:15:00+00:00,102910.06
2026-06-18T18:30:00+00:00,102910.06
2026-06-18T18:45:00+00:00,102910.06
2026-06-18T19:00:00+00:00,102910.06
2026-06-18T19:10:00+00:00,102910.06
2026-06-22T14:00:00+00:00,102650.06
2026-06-22T14:15:00+00:00,102650.06
2026-06-22T14:30:00+00:00,102650.06
2026-06-22T14:45:00+00:00,102650.06
2026-06-22T15:00:00+00:00,102650.06
2026-06-22T15:15:00+00:00,102650.06
2026-06-22T15:30:00+00:00,102650.06
2026-06-22T15:45:00+00:00,102650.06
2026-06-22T16:00:00+00:00,102650.06
2026-06-22T16:15:00+00:00,102650.06
2026-06-22T16:30:00+00:00,102650.06
2026-06-22T16:45:00+00:00,102650.06
2026-06-22T17:00:00+00:00,102650.06
2026-06-22T17:15:00+00:00,102650.06
2026-06-22T17:30:00+00:00,102650.06
2026-06-22T17:45:00+00:00,102650.06
2026-06-22T18:00:00+00:00,102650.06
2026-06-22T18:15:00+00:00,102650.06
2026-06-22T18:30:00+00:00,102650.06
2026-06-22T18:45:00+00:00,102650.06
2026-06-22T19:00:00+00:00,102650.06
2026-06-22T19:10:00+00:00,102650.06
2026-06-23T14:00:00+00:00,102675.56
2026-06-23T14:15:00+00:00,102675.56
2026-06-23T14:30:00+00:00,102675.56
2026-06-23T14:45:00+00:00,102675.56
2026-06-23T15:00:00+00:00,102675.56
2026-06-23T15:15:00+00:00,102675.56
2026-06-23T15:30:00+00:00,102675.56
2026-06-23T15:45:00+00:00,102675.56
2026-06-23T16:00:00+00:00,102675.56
2026-06-23T16:15:00+00:00,102675.56
2026-06-23T16:30:00+00:00,102675.56
2026-06-23T16:45:00+00:00,102675.56
2026-06-23T17:00:00+00:00,102675.56
2026-06-23T17:15:00+00:00,102675.56
2026-06-23T17:30:00+00:00,102675.56
2026-06-23T17:45:00+00:00,102675.56
2026-06-23T18:00:00+00:00,102675.56
2026-06-23T18:15:00+00:00,102675.56
2026-06-23T18:30:00+00:00,102675.56
2026-06-23T18:45:00+00:00,102675.56
2026-06-23T19:00:00+00:00,102675.56
2026-06-23T19:10:00+00:00,102675.56
2026-06-24T14:00:00+00:00,102878.56
2026-06-24T14:15:00+00:00,102878.56
2026-06-24T14:30:00+00:00,102878.56
2026-06-24T14:45:00+00:00,102878.56
2026-06-24T15:00:00+00:00,102878.56
2026-06-24T15:15:00+00:00,102878.56
2026-06-24T15:30:00+00:00,102878.56
2026-06-24T15:45:00+00:00,102878.56
2026-06-24T16:00:00+00:00,102878.56
2026-06-24T16:15:00+00:00,102878.56
2026-06-24T16:30:00+00:00,102878.56
2026-06-24T16:45:00+00:00,102878.56
2026-06-24T17:00:00+00:00,102878.56
2026-06-24T17:15:00+00:00,102878.56
2026-06-24T17:30:00+00:00,102878.56
2026-06-24T17:45:00+00:00,102878.56
2026-06-24T18:00:00+00:00,102878.56
2026-06-24T18:15:00+00:00,102878.56
2026-06-24T18:30:00+00:00,102878.56
2026-06-24T18:45:00+00:00,102878.56
2026-06-24T19:00:00+00:00,102878.56
2026-06-24T19:10:00+00:00,102878.56
2026-06-25T14:00:00+00:00,102910.56
2026-06-25T14:15:00+00:00,102910.56
2026-06-25T14:30:00+00:00,102903.72
2026-06-25T14:45:00+00:00,102903.72
2026-06-25T15:00:00+00:00,102903.72
2026-06-25T15:15:00+00:00,102903.72
2026-06-25T15:30:00+00:00,102903.72
2026-06-25T15:45:00+00:00,102903.72
2026-06-25T16:00:00+00:00,102903.72
2026-06-25T16:15:00+00:00,102903.72
2026-06-25T16:30:00+00:00,102903.72
2026-06-25T16:45:00+00:00,102900.72
2026-06-25T17:00:00+00:00,102900.72
2026-06-25T17:15:00+00:00,102900.72
2026-06-25T17:30:00+00:00,102900.72
2026-06-25T17:45:00+00:00,102900.72
2026-06-25T18:00:00+00:00,102900.72
2026-06-25T18:15:00+00:00,102900.72
2026-06-25T18:30:00+00:00,102900.72
2026-06-25T18:45:00+00:00,102900.72
2026-06-25T19:00:00+00:00,102900.72
2026-06-25T19:10:00+00:00,102900.72
2026-06-26T14:00:00+00:00,103154.69
2026-06-26T14:15:00+00:00,103154.69
2026-06-26T14:30:00+00:00,103154.69
2026-06-26T14:45:00+00:00,103154.69
2026-06-26T15:00:00+00:00,103154.69
2026-06-26T15:15:00+00:00,103154.69
2026-06-26T15:30:00+00:00,103154.69
2026-06-26T15:45:00+00:00,103154.69
2026-06-26T16:00:00+00:00,103154.69
2026-06-26T16:15:00+00:00,103154.69
2026-06-26T16:30:00+00:00,103154.69
2026-06-26T16:45:00+00:00,103154.69
2026-06-26T17:00:00+00:00,103154.69
2026-06-26T17:15:00+00:00,103154.69
2026-06-26T17:30:00+00:00,103154.69
2026-06-26T17:45:00+00:00,103154.69
2026-06-26T18:00:00+00:00,103154.69
2026-06-26T18:15:00+00:00,103154.69
2026-06-26T18:30:00+00:00,103154.69
2026-06-26T18:45:00+00:00,103154.69
2026-06-26T19:00:00+00:00,103154.69
2026-06-26T19:10:00+00:00,103154.69
2026-06-29T14:00:00+00:00,103284.68
2026-06-29T14:15:00+00:00,103284.68
2026-06-29T14:30:00+00:00,103284.68
2026-06-29T14:45:00+00:00,103284.68
2026-06-29T15:00:00+00:00,103284.68
2026-06-29T15:15:00+00:00,103284.68
2026-06-29T15:30:00+00:00,103284.68
2026-06-29T15:45:00+00:00,103284.68
2026-06-29T16:00:00+00:00,103284.68
2026-06-29T16:15:00+00:00,103284.68
2026-06-29T16:30:00+00:00,103284.68
2026-06-29T16:45:00+00:00,103284.68
2026-06-29T17:00:00+00:00,103284.68
2026-06-29T17:15:00+00:00,103284.68
2026-06-29T17:30:00+00:00,103284.68
2026-06-29T17:45:00+00:00,103284.68
2026-06-29T18:00:00+00:00,103284.68
2026-06-29T18:15:00+00:00,103284.68
2026-06-29T18:30:00+00:00,103284.68
2026-06-29T18:45:00+00:00,103284.68
2026-06-29T19:00:00+00:00,103284.68
2026-06-29T19:10:00+00:00,103284.68
2026-06-30T14:00:00+00:00,103698.68
2026-06-30T14:15:00+00:00,103698.68
2026-06-30T14:30:00+00:00,103698.68
2026-06-30T14:45:00+00:00,103698.68
2026-06-30T15:00:00+00:00,103698.68
2026-06-30T15:15:00+00:00,103698.68
2026-06-30T15:30:00+00:00,103698.68
2026-06-30T15:45:00+00:00,103698.68
2026-06-30T16:00:00+00:00,103698.68
2026-06-30T16:15:00+00:00,103698.68
2026-06-30T16:30:00+00:00,103698.68
2026-06-30T16:45:00+00:00,103698.68
2026-06-30T17:00:00+00:00,103698.68
2026-06-30T17:15:00+00:00,103698.68
2026-06-30T17:30:00+00:00,103698.68
2026-06-30T17:45:00+00:00,103698.68
2026-06-30T18:00:00+00:00,103698.68
2026-06-30T18:15:00+00:00,103698.68
2026-06-30T18:30:00+00:00,103698.68
2026-06-30T18:45:00+00:00,103698.68
2026-06-30T19:00:00+00:00,103698.68
2026-06-30T19:10:00+00:00,103698.68
2026-07-01T14:00:00+00:00,104137.81
2026-07-01T14:15:00+00:00,104137.81
2026-07-01T14:30:00+00:00,104137.81
2026-07-01T14:45:00+00:00,104137.81
2026-07-01T15:00:00+00:00,104137.81
2026-07-01T15:15:00+00:00,104137.81
2026-07-01T15:30:00+00:00,104137.81
2026-07-01T15:45:00+00:00,104137.81
2026-07-01T16:00:00+00:00,104137.81
2026-07-01T16:15:00+00:00,104137.81
2026-07-01T16:30:00+00:00,104137.81
2026-07-01T16:45:00+00:00,104137.81
2026-07-01T17:00:00+00:00,104137.81
2026-07-01T17:15:00+00:00,104137.81
2026-07-01T17:30:00+00:00,104137.81
2026-07-01T17:45:00+00:00,104137.81
2026-07-01T18:00:00+00:00,104137.81
2026-07-01T18:15:00+00:00,104137.81
2026-07-01T18:30:00+00:00,104137.81
2026-07-01T18:45:00+00:00,104137.81
2026-07-01T19:00:00+00:00,104137.81
2026-07-01T19:10:00+00:00,104137.81
2026-07-02T14:00:00+00:00,104021.81
2026-07-02T14:15:00+00:00,104021.81
2026-07-02T14:30:00+00:00,104021.81
2026-07-02T14:45:00+00:00,104021.81
2026-07-02T15:00:00+00:00,104021.81
2026-07-02T15:15:00+00:00,104021.81
2026-07-02T15:30:00+00:00,104021.81
2026-07-02T15:45:00+00:00,104021.81
2026-07-02T16:00:00+00:00,104021.81
2026-07-02T16:15:00+00:00,104021.81
2026-07-02T16:30:00+00:00,104021.81
2026-07-02T16:45:00+00:00,104021.81
2026-07-02T17:00:00+00:00,104021.81
2026-07-02T17:15:00+00:00,104021.81
2026-07-02T17:30:00+00:00,104021.81
2026-07-02T17:45:00+00:00,104021.81
2026-07-02T18:00:00+00:00,104021.81
2026-07-02T18:15:00+00:00,104021.81
2026-07-02T18:30:00+00:00,104021.81
2026-07-02T18:45:00+00:00,104021.81
2026-07-02T19:00:00+00:00,104021.81
2026-07-02T19:10:00+00:00,104021.81
2026-07-06T14:00:00+00:00,104109.76
2026-07-06T14:15:00+00:00,104109.76
2026-07-06T14:30:00+00:00,104109.76
2026-07-06T14:45:00+00:00,104109.76
2026-07-06T15:00:00+00:00,104109.76
2026-07-06T15:15:00+00:00,104109.76
2026-07-06T15:30:00+00:00,104109.76
2026-07-06T15:45:00+00:00,104109.76
2026-07-06T16:00:00+00:00,104109.76
2026-07-06T16:15:00+00:00,104109.76
2026-07-06T16:30:00+00:00,104109.76
2026-07-06T16:45:00+00:00,104109.76
2026-07-06T17:00:00+00:00,104109.76
2026-07-06T17:15:00+00:00,104109.76
2026-07-06T17:30:00+00:00,104109.76
2026-07-06T17:45:00+00:00,104109.76
2026-07-06T18:00:00+00:00,104109.76
2026-07-06T18:15:00+00:00,104109.76
2026-07-06T18:30:00+00:00,104109.76
2026-07-06T18:45:00+00:00,104109.76
2026-07-06T19:00:00+00:00,104109.76
2026-07-06T19:10:00+00:00,104109.76
2026-07-07T14:00:00+00:00,104425.42
2026-07-07T14:15:00+00:00,104425.42
2026-07-07T14:30:00+00:00,104425.42
2026-07-07T14:45:00+00:00,104425.42
2026-07-07T15:00:00+00:00,104425.42
2026-07-07T15:15:00+00:00,104425.42
2026-07-07T15:30:00+00:00,104425.42
2026-07-07T15:45:00+00:00,104425.42
2026-07-07T16:00:00+00:00,104425.42
2026-07-07T16:15:00+00:00,104425.42
2026-07-07T16:30:00+00:00,104425.42
2026-07-07T16:45:00+00:00,104425.42
2026-07-07T17:00:00+00:00,104425.42
2026-07-07T17:15:00+00:00,104425.42
2026-07-07T17:30:00+00:00,104425.42
2026-07-07T17:45:00+00:00,104425.42
2026-07-07T18:00:00+00:00,104425.42
2026-07-07T18:15:00+00:00,104425.42
2026-07-07T18:30:00+00:00,104425.42
2026-07-07T18:45:00+00:00,104425.42
2026-07-07T19:00:00+00:00,104425.42
2026-07-07T19:10:00+00:00,104425.42
2026-07-08T14:00:00+00:00,104425.42
2026-07-08T14:15:00+00:00,104425.42
2026-07-08T14:30:00+00:00,104425.42
2026-07-08T14:45:00+00:00,104425.42
2026-07-08T15:00:00+00:00,104425.42
2026-07-08T15:15:00+00:00,104425.42
2026-07-08T15:30:00+00:00,104425.42
2026-07-08T15:45:00+00:00,104425.42
2026-07-08T16:00:00+00:00,104425.42
2026-07-08T16:15:00+00:00,104425.42
2026-07-08T16:30:00+00:00,104425.42
2026-07-08T16:45:00+00:00,104425.42
2026-07-08T17:00:00+00:00,104425.42
2026-07-08T17:15:00+00:00,104425.42
2026-07-08T17:30:00+00:00,104425.42
2026-07-08T17:45:00+00:00,104425.42
2026-07-08T18:00:00+00:00,104425.42
2026-07-08T18:15:00+00:00,104425.42
2026-07-08T18:30:00+00:00,104425.42
2026-07-08T18:45:00+00:00,104425.42
2026-07-08T19:00:00+00:00,104425.42
2026-07-08T19:10:00+00:00,104425.42
2026-07-09T14:00:00+00:00,104425.42
2026-07-09T14:15:00+00:00,104425.42
2026-07-09T14:30:00+00:00,104425.42
2026-07-09T14:45:00+00:00,104425.42
2026-07-09T15:00:00+00:00,104425.42
2026-07-09T15:15:00+00:00,104425.42
2026-07-09T15:30:00+00:00,104425.42
2026-07-09T15:45:00+00:00,104425.42
2026-07-09T16:00:00+00:00,104425.42
2026-07-09T16:15:00+00:00,104425.42
2026-07-09T16:30:00+00:00,104425.42
2026-07-09T16:45:00+00:00,104425.42
2026-07-09T17:00:00+00:00,104425.42
2026-07-09T17:15:00+00:00,104425.42
2026-07-09T17:30:00+00:00,104425.42
2026-07-09T17:45:00+00:00,104425.42
2026-07-09T18:00:00+00:00,104425.42
2026-07-09T18:15:00+00:00,104425.42
2026-07-09T18:30:00+00:00,104425.42
2026-07-09T18:45:00+00:00,104425.42
2026-07-09T19:00:00+00:00,104425.42
2026-07-09T19:10:00+00:00,104425.42
2026-07-10T14:00:00+00:00,104411.42
2026-07-10T14:15:00+00:00,104411.42
2026-07-10T14:30:00+00:00,104411.42
2026-07-10T14:45:00+00:00,104411.42
2026-07-10T15:00:00+00:00,104411.42
2026-07-10T15:15:00+00:00,104411.42
2026-07-10T15:30:00+00:00,104411.42
2026-07-10T15:45:00+00:00,104411.42
2026-07-10T16:00:00+00:00,104411.42
2026-07-10T16:15:00+00:00,104411.42
2026-07-10T16:30:00+00:00,104411.42
2026-07-10T16:45:00+00:00,104411.42
2026-07-10T17:00:00+00:00,104411.42
2026-07-10T17:15:00+00:00,104411.42
2026-07-10T17:30:00+00:00,104411.42
2026-07-10T17:45:00+00:00,104411.42
2026-07-10T18:00:00+00:00,104411.42
2026-07-10T18:15:00+00:00,104411.42
2026-07-10T18:30:00+00:00,104411.42
2026-07-10T18:45:00+00:00,104411.42
2026-07-10T19:00:00+00:00,104411.42
2026-07-10T19:10:00+00:00,104411.42
2026-07-13T14:00:00+00:00,104217.42
2026-07-13T14:15:00+00:00,104217.42
2026-07-13T14:30:00+00:00,104217.42
2026-07-13T14:45:00+00:00,104217.42
2026-07-13T15:00:00+00:00,104217.42
2026-07-13T15:15:00+00:00,104217.42
2026-07-13T15:30:00+00:00,104217.42
2026-07-13T15:45:00+00:00,104217.42
2026-07-13T16:00:00+00:00,104217.42
2026-07-13T16:15:00+00:00,104217.42
2026-07-13T16:30:00+00:00,104217.42
2026-07-13T16:45:00+00:00,104217.42
2026-07-13T17:00:00+00:00,104217.42
2026-07-13T17:15:00+00:00,104217.42
2026-07-13T17:30:00+00:00,104217.42
2026-07-13T17:45:00+00:00,104217.42
2026-07-13T18:00:00+00:00,104217.42
2026-07-13T18:15:00+00:00,104217.42
2026-07-13T18:30:00+00:00,104217.42
2026-07-13T18:45:00+00:00,104217.42
2026-07-13T19:00:00+00:00,104217.42
2026-07-13T19:10:00+00:00,104217.42
2026-07-14T14:00:00+00:00,104639.42
2026-07-14T14:15:00+00:00,104639.42
2026-07-14T14:30:00+00:00,104639.42
2026-07-14T14:45:00+00:00,104639.42
2026-07-14T15:00:00+00:00,104639.42
2026-07-14T15:15:00+00:00,104639.42
2026-07-14T15:30:00+00:00,104639.42
2026-07-14T15:45:00+00:00,104639.42
2026-07-14T16:00:00+00:00,104639.42
2026-07-14T16:15:00+00:00,104639.42
2026-07-14T16:30:00+00:00,104639.42
2026-07-14T16:45:00+00:00,104639.42
2026-07-14T17:00:00+00:00,104639.42
2026-07-14T17:15:00+00:00,104639.42
2026-07-14T17:30:00+00:00,104639.42
2026-07-14T17:45:00+00:00,104639.42
2026-07-14T18:00:00+00:00,104639.42
2026-07-14T18:15:00+00:00,104639.42
2026-07-14T18:30:00+00:00,104639.42
2026-07-14T18:45:00+00:00,104639.42
2026-07-14T19:00:00+00:00,104639.42
2026-07-14T19:10:00+00:00,104639.42
2026-07-15T14:00:00+00:00,104663.42
2026-07-15T14:15:00+00:00,104663.42
2026-07-15T14:30:00+00:00,104663.42
2026-07-15T14:45:00+00:00,104663.42
2026-07-15T15:00:00+00:00,104663.42
2026-07-15T15:15:00+00:00,104663.42
2026-07-15T15:30:00+00:00,104663.42
2026-07-15T15:45:00+00:00,104663.42
2026-07-15T16:00:00+00:00,104663.42
2026-07-15T16:15:00+00:00,104663.42
2026-07-15T16:30:00+00:00,104663.42
2026-07-15T16:45:00+00:00,104663.42
2026-07-15T17:00:00+00:00,104663.42
2026-07-15T17:15:00+00:00,104663.42
2026-07-15T17:30:00+00:00,104663.42
2026-07-15T17:45:00+00:00,104663.42
2026-07-15T18:00:00+00:00,104663.42
2026-07-15T18:15:00+00:00,104663.42
2026-07-15T18:30:00+00:00,104663.42
2026-07-15T18:45:00+00:00,104663.42
2026-07-15T19:00:00+00:00,104663.42
2026-07-15T19:10:00+00:00,104663.42
2026-07-16T14:00:00+00:00,104245.42
2026-07-16T14:15:00+00:00,104245.42
2026-07-16T14:30:00+00:00,104245.42
2026-07-16T14:45:00+00:00,104245.42
2026-07-16T15:00:00+00:00,104245.42
2026-07-16T15:15:00+00:00,104245.42
2026-07-16T15:30:00+00:00,104245.42
2026-07-16T15:45:00+00:00,104245.42
2026-07-16T16:00:00+00:00,104245.42
2026-07-16T16:15:00+00:00,104220.96
2026-07-16T16:30:00+00:00,104220.96
2026-07-16T16:45:00+00:00,104220.96
2026-07-16T17:00:00+00:00,104220.96
2026-07-16T17:15:00+00:00,104220.96
2026-07-16T17:30:00+00:00,104220.96
2026-07-16T17:45:00+00:00,104220.96
2026-07-16T18:00:00+00:00,104220.96
2026-07-16T18:15:00+00:00,104220.96
2026-07-16T18:30:00+00:00,104220.96
2026-07-16T18:45:00+00:00,104220.96
2026-07-16T19:00:00+00:00,104220.96
2026-07-16T19:10:00+00:00,104220.96
2026-07-17T14:00:00+00:00,104163.96
2026-07-17T14:15:00+00:00,104163.96
2026-07-17T14:30:00+00:00,104163.96
2026-07-17T14:45:00+00:00,104163.96
2026-07-17T15:00:00+00:00,104163.96
2026-07-17T15:15:00+00:00,104163.96
2026-07-17T15:30:00+00:00,104163.96
2026-07-17T15:45:00+00:00,104163.96
2026-07-17T16:00:00+00:00,104163.96
2026-07-17T16:15:00+00:00,104163.96
2026-07-17T16:30:00+00:00,104163.96
2026-07-17T16:45:00+00:00,104163.96
2026-07-17T17:00:00+00:00,104163.96
2026-07-17T17:15:00+00:00,104163.96
2026-07-17T17:30:00+00:00,104163.96
2026-07-17T17:45:00+00:00,104163.96
2026-07-17T18:00:00+00:00,104163.96
2026-07-17T18:15:00+00:00,104163.96
2026-07-17T18:30:00+00:00,104163.96
2026-07-17T18:45:00+00:00,104163.96
2026-07-17T19:00:00+00:00,104163.96
2026-07-17T19:10:00+00:00,104163.96
2026-07-20T14:00:00+00:00,104225.96
2026-07-20T14:15:00+00:00,104207.1
2026-07-20T14:30:00+00:00,104207.1
2026-07-20T14:45:00+00:00,104207.1
2026-07-20T15:00:00+00:00,104207.1
2026-07-20T15:15:00+00:00,104207.1
2026-07-20T15:30:00+00:00,104207.1
2026-07-20T15:45:00+00:00,104207.1
2026-07-20T16:00:00+00:00,104207.1
2026-07-20T16:15:00+00:00,104207.1
2026-07-20T16:30:00+00:00,104207.1
2026-07-20T16:45:00+00:00,104207.1
2026-07-20T17:00:00+00:00,104207.1
2026-07-20T17:15:00+00:00,104207.1
2026-07-20T17:30:00+00:00,104207.1
2026-07-20T17:45:00+00:00,104207.1
2026-07-20T18:00:00+00:00,104207.1
2026-07-20T18:15:00+00:00,104207.1
2026-07-20T18:30:00+00:00,104207.1
2026-07-20T18:45:00+00:00,104207.1
2026-07-20T19:00:00+00:00,104207.1
2026-07-20T19:10:00+00:00,104207.1
2026-07-21T14:00:00+00:00,104321.92
2026-07-21T14:15:00+00:00,104308.96
2026-07-21T14:30:00+00:00,104302.48
2026-07-21T14:45:00+00:00,104313.68
2026-07-21T15:00:00+00:00,104313.46
2026-07-21T15:15:00+00:00,104310.8
2026-07-21T15:30:00+00:00,104299.94
2026-07-21T15:45:00+00:00,104299.18
2026-07-21T16:00:00+00:00,104296.24
2026-07-21T16:15:00+00:00,104286.44
2026-07-21T16:30:00+00:00,104271.98
2026-07-21T16:45:00+00:00,104269.54
2026-07-21T17:00:00+00:00,104265.5
2026-07-21T17:15:00+00:00,104277.68
2026-07-21T17:30:00+00:00,104283.2
2026-07-21T17:45:00+00:00,104283.9
2026-07-21T18:00:00+00:00,104291.0
2026-07-21T18:15:00+00:00,104300.48
2026-07-21T18:30:00+00:00,104295.92
2026-07-21T18:45:00+00:00,104296.7
2026-07-21T19:00:00+00:00,104298.86
2026-07-21T19:10:00+00:00,104299.54
2026-07-22T14:00:00+00:00,104349.71
2026-07-22T14:15:00+00:00,104349.71
2026-07-22T14:30:00+00:00,104349.71
2026-07-22T14:45:00+00:00,104349.71
2026-07-22T15:00:00+00:00,104349.71
2026-07-22T15:15:00+00:00,104349.71
2026-07-22T15:30:00+00:00,104349.71
2026-07-22T15:45:00+00:00,104349.71
2026-07-22T16:00:00+00:00,104349.71
2026-07-22T16:15:00+00:00,104349.71
2026-07-22T16:30:00+00:00,104349.71
2026-07-22T16:45:00+00:00,104349.71
2026-07-22T17:00:00+00:00,104349.71
2026-07-22T17:15:00+00:00,104349.71
2026-07-22T17:30:00+00:00,104349.71
2026-07-22T17:45:00+00:00,104349.71
2026-07-22T18:00:00+00:00,104349.71
2026-07-22T18:15:00+00:00,104349.71
2026-07-22T18:30:00+00:00,104349.71
2026-07-22T18:45:00+00:00,104349.71
2026-07-22T19:00:00+00:00,104349.71
2026-07-22T19:10:00+00:00,104349.71
2026-07-23T14:00:00+00:00,104690.71
2026-07-23T14:15:00+00:00,104690.71
2026-07-23T14:30:00+00:00,104690.71
2026-07-23T14:45:00+00:00,104690.71
2026-07-23T15:00:00+00:00,104690.71
2026-07-23T15:15:00+00:00,104690.71
2026-07-23T15:30:00+00:00,104690.71
2026-07-23T15:45:00+00:00,104690.71
2026-07-23T16:00:00+00:00,104690.71
2026-07-23T16:15:00+00:00,104690.71
2026-07-23T16:30:00+00:00,104690.71
2026-07-23T16:45:00+00:00,104690.71
2026-07-23T17:00:00+00:00,104690.71
2026-07-23T17:15:00+00:00,104690.71
2026-07-23T17:30:00+00:00,104690.71
2026-07-23T17:45:00+00:00,104690.71
2026-07-23T18:00:00+00:00,104690.71
2026-07-23T18:15:00+00:00,104690.71
2026-07-23T18:30:00+00:00,104690.71
2026-07-23T18:45:00+00:00,104690.71
2026-07-23T19:00:00+00:00,104690.71
2026-07-23T19:10:00+00:00,104690.71
2026-07-24T14:00:00+00:00,104634.71
2026-07-24T14:15:00+00:00,104634.71
2026-07-24T14:30:00+00:00,104609.85
2026-07-24T14:45:00+00:00,104609.85
2026-07-24T15:00:00+00:00,104609.85
2026-07-24T15:15:00+00:00,104609.85
2026-07-24T15:30:00+00:00,104609.85
2026-07-24T15:45:00+00:00,104609.85
2026-07-24T16:00:00+00:00,104609.85
2026-07-24T16:15:00+00:00,104609.85
2026-07-24T16:30:00+00:00,104609.85
2026-07-24T16:45:00+00:00,104609.85
2026-07-24T17:00:00+00:00,104609.85
2026-07-24T17:15:00+00:00,104609.85
2026-07-24T17:30:00+00:00,104609.85
2026-07-24T17:45:00+00:00,104609.85
2026-07-24T18:00:00+00:00,104609.85
2026-07-24T18:15:00+00:00,104609.85
2026-07-24T18:30:00+00:00,104609.85
2026-07-24T18:45:00+00:00,104609.85
2026-07-24T19:00:00+00:00,104609.85
2026-07-24T19:10:00+00:00,104609.85
2026-07-27T14:00:00+00:00,104538.66
2026-07-27T14:15:00+00:00,104538.66
2026-07-27T14:30:00+00:00,104538.66
2026-07-27T14:45:00+00:00,104538.66
2026-07-27T15:00:00+00:00,104538.66
2026-07-27T15:15:00+00:00,104538.66
2026-07-27T15:30:00+00:00,104538.66
2026-07-27T15:45:00+00:00,104538.66
2026-07-27T16:00:00+00:00,104538.66
2026-07-27T16:15:00+00:00,104538.66
2026-07-27T16:30:00+00:00,104538.66
2026-07-27T16:45:00+00:00,104538.66
2026-07-27T17:00:00+00:00,104538.66
2026-07-27T17:15:00+00:00,104538.66
2026-07-27T17:30:00+00:00,104538.66
2026-07-27T17:45:00+00:00,104538.66
2026-07-27T18:00:00+00:00,104538.66
2026-07-27T18:15:00+00:00,104538.66
2026-07-27T18:30:00+00:00,104538.66
2026-07-27T18:45:00+00:00,104538.66
2026-07-27T19:00:00+00:00,104538.66
2026-07-27T19:10:00+00:00,104538.66
2026-07-28T14:00:00+00:00,104460.85
2026-07-28T14:15:00+00:00,104460.85
2026-07-28T14:30:00+00:00,104460.85
2026-07-28T14:45:00+00:00,104460.85
2026-07-28T15:00:00+00:00,104460.85
2026-07-28T15:15:00+00:00,104460.85
2026-07-28T15:30:00+00:00,104460.85
2026-07-28T15:45:00+00:00,104460.85
2026-07-28T16:00:00+00:00,104460.85
2026-07-28T16:15:00+00:00,104460.85
2026-07-28T16:30:00+00:00,104460.85
2026-07-28T16:45:00+00:00,104460.85
2026-07-28T17:00:00+00:00,104460.85
2026-07-28T17:15:00+00:00,104460.85
2026-07-28T17:30:00+00:00,104460.85
2026-07-28T17:45:00+00:00,104460.85
2026-07-28T18:00:00+00:00,104460.85
2026-07-28T18:15:00+00:00,104460.85
2026-07-28T18:30:00+00:00,104460.85
2026-07-28T18:45:00+00:00,104460.85
2026-07-28T19:00:00+00:00,104460.85
2026-07-28T19:10:00+00:00,104460.85
2026-07-29T14:00:00+00:00,104498.85
2026-07-29T14:15:00+00:00,104498.85
2026-07-29T14:30:00+00:00,104498.85
2026-07-29T14:45:00+00:00,104498.85
2026-07-29T15:00:00+00:00,104498.85
2026-07-29T15:15:00+00:00,104498.85
2026-07-29T15:30:00+00:00,104498.85
2026-07-29T15:45:00+00:00,104498.85
2026-07-29T16:00:00+00:00,104498.85
2026-07-29T16:15:00+00:00,104475.25
2026-07-29T16:30:00+00:00,104475.25
2026-07-29T16:45:00+00:00,104475.25
2026-07-29T17:00:00+00:00,104475.25
2026-07-29T17:15:00+00:00,104475.25
2026-07-29T17:30:00+00:00,104475.25
2026-07-29T17:45:00+00:00,104475.25
2026-07-29T18:00:00+00:00,104475.25
2026-07-29T18:15:00+00:00,104475.25
2026-07-29T18:30:00+00:00,104475.25
2026-07-29T18:45:00+00:00,104475.25
2026-07-29T19:00:00+00:00,104475.25
2026-07-29T19:10:00+00:00,104475.25
2026-07-30T14:00:00+00:00,104839.56
2026-07-30T14:15:00+00:00,104839.56
2026-07-30T14:30:00+00:00,104839.56
2026-07-30T14:45:00+00:00,104839.56
2026-07-30T15:00:00+00:00,104839.56
2026-07-30T15:15:00+00:00,104839.56
2026-07-30T15:30:00+00:00,104839.56
2026-07-30T15:45:00+00:00,104839.56
2026-07-30T16:00:00+00:00,104839.56
2026-07-30T16:15:00+00:00,104839.56
2026-07-30T16:30:00+00:00,104839.56
2026-07-30T16:45:00+00:00,104839.56
2026-07-30T17:00:00+00:00,104839.56
2026-07-30T17:15:00+00:00,104839.56
2026-07-30T17:30:00+00:00,104839.56
2026-07-30T17:45:00+00:00,104839.56
2026-07-30T18:00:00+00:00,104839.56
2026-07-30T18:15:00+00:00,104839.56
2026-07-30T18:30:00+00:00,104839.56
2026-07-30T18:45:00+00:00,104839.56
2026-07-30T19:00:00+00:00,104839.56
2026-07-30T19:10:00+00:00,104827.56
2026-07-31T14:00:00+00:00,105360.56
2026-07-31T14:15:00+00:00,105360.56
2026-07-31T14:30:00+00:00,105360.56
2026-07-31T14:45:00+00:00,105360.56
2026-07-31T15:00:00+00:00,105360.56
2026-07-31T15:15:00+00:00,105360.56
2026-07-31T15:30:00+00:00,105360.56
2026-07-31T15:45:00+00:00,105360.56
2026-07-31T16:00:00+00:00,105360.56
2026-07-31T16:15:00+00:00,105360.56
2026-07-31T16:30:00+00:00,105360.56
2026-07-31T16:45:00+00:00,105360.56
2026-07-31T17:00:00+00:00,105360.56
2026-07-31T17:15:00+00:00,105360.56
2026-07-31T17:30:00+00:00,105360.56
2026-07-31T17:45:00+00:00,105360.56
2026-07-31T18:00:00+00:00,105360.56
2026-07-31T18:15:00+00:00,105360.56
2026-07-31T18:30:00+00:00,105360.56
2026-07-31T18:45:00+00:00,105360.56
2026-07-31T19:00:00+00:00,105360.56
2026-07-31T19:10:00+00:00,105360.56
2026-08-03T14:00:00+00:00,103927.44
2026-08-03T14:15:00+00:00,103927.44
2026-08-03T14:30:00+00:00,103927.44
2026-08-03T14:45:00+00:00,103927.44
2026-08-03T15:00:00+00:00,103927.44
2026-08-03T15:15:00+00:00,103927.44
2026-08-03T15:30:00+00:00,103927.44
2026-08-03T15:45:00+00:00,103927.44
2026-08-03T16:00:00+00:00,103927.44
2026-08-03T16:15:00+00:00,103927.44
2026-08-03T16:30:00+00:00,103927.44
2026-08-03T16:45:00+00:00,103927.44
2026-08-03T17:00:00+00:00,103927.44
2026-08-03T17:15:00+00:00,103927.44
2026-08-03T17:30:00+00:00,103927.44
2026-08-03T17:45:00+00:00,103927.44
2026-08-03T18:00:00+00:00,103927.44
2026-08-03T18:15:00+00:00,103927.44
2026-08-03T18:30:00+00:00,103927.44
2026-08-03T18:45:00+00:00,103927.44
2026-08-03T19:00:00+00:00,103927.44
2026-08-03T19:10:00+00:00,103927.44
2026-08-04T14:00:00+00:00,102455.46
2026-08-04T14:15:00+00:00,102437.85
2026-08-04T14:30:00+00:00,102437.85
2026-08-04T14:45:00+00:00,102437.85
2026-08-04T15:00:00+00:00,102437.85
2026-08-04T15:15:00+00:00,102437.85
2026-08-04T15:30:00+00:00,102437.85
2026-08-04T15:45:00+00:00,102437.85
2026-08-04T16:00:00+00:00,102437.85
2026-08-04T16:15:00+00:00,102437.85
2026-08-04T16:30:00+00:00,102437.85
2026-08-04T16:45:00+00:00,102437.85
2026-08-04T17:00:00+00:00,102437.85
2026-08-04T17:15:00+00:00,102437.85
2026-08-04T17:30:00+00:00,102437.85
2026-08-04T17:45:00+00:00,102437.85
2026-08-04T18:00:00+00:00,102437.85
2026-08-04T18:15:00+00:00,102437.85
2026-08-04T18:30:00+00:00,102437.85
2026-08-04T18:45:00+00:00,102437.85
2026-08-04T19:00:00+00:00,102437.85
2026-08-04T19:10:00+00:00,102437.85
2026-08-05T14:00:00+00:00,102422.35
2026-08-05T14:15:00+00:00,102422.35
2026-08-05T14:30:00+00:00,102422.35
2026-08-05T14:45:00+00:00,102422.35
2026-08-05T15:00:00+00:00,102382.35
2026-08-05T15:15:00+00:00,102382.35
2026-08-05T15:30:00+00:00,102382.35
2026-08-05T15:45:00+00:00,102382.35
2026-08-05T16:00:00+00:00,102382.35
2026-08-05T16:15:00+00:00,102382.35
2026-08-05T16:30:00+00:00,102382.35
2026-08-05T16:45:00+00:00,102382.35
2026-08-05T17:00:00+00:00,102382.35
2026-08-05T17:15:00+00:00,102382.35
2026-08-05T17:30:00+00:00,102382.35
2026-08-05T17:45:00+00:00,102382.35
2026-08-05T18:00:00+00:00,102382.35
2026-08-05T18:15:00+00:00,102382.35
2026-08-05T18:30:00+00:00,102382.35
2026-08-05T18:45:00+00:00,102382.35
2026-08-05T19:00:00+00:00,102382.35
2026-08-05T19:10:00+00:00,102382.35
2026-08-06T14:00:00+00:00,102600.35
2026-08-06T14:15:00+00:00,102600.35
2026-08-06T14:30:00+00:00,102600.35
2026-08-06T14:45:00+00:00,102600.35
2026-08-06T15:00:00+00:00,102600.35
2026-08-06T15:15:00+00:00,102600.35
2026-08-06T15:30:00+00:00,102600.35
2026-08-06T15:45:00+00:00,102600.35
2026-08-06T16:00:00+00:00,102600.35
2026-08-06T16:15:00+00:00,102600.35
2026-08-06T16:30:00+00:00,102600.35
2026-08-06T16:45:00+00:00,102600.35
2026-08-06T17:00:00+00:00,102600.35
2026-08-06T17:15:00+00:00,102600.35
2026-08-06T17:30:00+00:00,102600.35
2026-08-06T17:45:00+00:00,102600.35
2026-08-06T18:00:00+00:00,102600.35
2026-08-06T18:15:00+00:00,102600.35
2026-08-06T18:30:00+00:00,102600.35
2026-08-06T18:45:00+00:00,102600.35
2026-08-06T19:00:00+00:00,102600.35
2026-08-06T19:10:00+00:00,102600.35
2026-08-07T14:00:00+00:00,103052.35
2026-08-07T14:15:00+00:00,103052.35
2026-08-07T14:30:00+00:00,103052.35
2026-08-07T14:45:00+00:00,103052.35
2026-08-07T15:00:00+00:00,103052.35
2026-08-07T15:15:00+00:00,103052.35
2026-08-07T15:30:00+00:00,103052.35
2026-08-07T15:45:00+00:00,103052.35
2026-08-07T16:00:00+00:00,103052.35
2026-08-07T16:15:00+00:00,103052.35
2026-08-07T16:30:00+00:00,103052.35
2026-08-07T16:45:00+00:00,103052.35
2026-08-07T17:00:00+00:00,103052.35
2026-08-07T17:15:00+00:00,103052.35
2026-08-07T17:30:00+00:00,103052.35
2026-08-07T17:45:00+00:00,103052.35
2026-08-07T18:00:00+00:00,103052.35
2026-08-07T18:15:00+00:00,103052.35
2026-08-07T18:30:00+00:00,103052.35
2026-08-07T18:45:00+00:00,103052.35
2026-08-07T19:00:00+00:00,103052.35
2026-08-07T19:10:00+00:00,103052.35
2026-08-10T14:00:00+00:00,102239.99
2026-08-10T14:15:00+00:00,102226.76
2026-08-10T14:30:00+00:00,102265.28
2026-08-10T14:45:00+00:00,102274.01
2026-08-10T15:00:00+00:00,102253.16
2026-08-10T15:15:00+00:00,102278.81
2026-08-10T15:30:00+00:00,102287.93
2026-08-10T15:45:00+00:00,102246.77
2026-08-10T16:00:00+00:00,102265.07
2026-08-10T16:15:00+00:00,102256.58
2026-08-10T16:30:00+00:00,102239.54
2026-08-10T16:45:00+00:00,102215.84
2026-08-10T17:00:00+00:00,102224.09
2026-08-10T17:15:00+00:00,102218.66
2026-08-10T17:30:00+00:00,102214.94
2026-08-10T17:45:00+00:00,102208.16
2026-08-10T18:00:00+00:00,102214.37
2026-08-10T18:15:00+00:00,102194.72
2026-08-10T18:30:00+00:00,102195.77
2026-08-10T18:45:00+00:00,102197.03
2026-08-10T19:00:00+00:00,102206.48
2026-08-10T19:10:00+00:00,102211.58
2026-08-11T14:00:00+00:00,102441.78
2026-08-11T14:15:00+00:00,102441.78
2026-08-11T14:30:00+00:00,102441.78
2026-08-11T14:45:00+00:00,102441.78
2026-08-11T15:00:00+00:00,102441.78
2026-08-11T15:15:00+00:00,102441.78
2026-08-11T15:30:00+00:00,102441.78
2026-08-11T15:45:00+00:00,102441.78
2026-08-11T16:00:00+00:00,102441.78
2026-08-11T16:15:00+00:00,102441.78
2026-08-11T16:30:00+00:00,102441.78
2026-08-11T16:45:00+00:00,102441.78
2026-08-11T17:00:00+00:00,102441.78
2026-08-11T17:15:00+00:00,102441.78
2026-08-11T17:30:00+00:00,102441.78
2026-08-11T17:45:00+00:00,102441.78
2026-08-11T18:00:00+00:00,102441.78
2026-08-11T18:15:00+00:00,102441.78
2026-08-11T18:30:00+00:00,102441.78
2026-08-11T18:45:00+00:00,102441.78
2026-08-11T19:00:00+00:00,102441.78
2026-08-11T19:10:00+00:00,102441.78
2026-08-12T14:00:00+00:00,102595.78
2026-08-12T14:15:00+00:00,102595.78
2026-08-12T14:30:00+00:00,102595.78
2026-08-12T14:45:00+00:00,102595.78
2026-08-12T15:00:00+00:00,102595.78
2026-08-12T15:15:00+00:00,102595.78
2026-08-12T15:30:00+00:00,102595.78
2026-08-12T15:45:00+00:00,102595.78
2026-08-12T16:00:00+00:00,102595.78
2026-08-12T16:15:00+00:00,102595.78
2026-08-12T16:30:00+00:00,102595.78
2026-08-12T16:45:00+00:00,102595.78
2026-08-12T17:00:00+00:00,102595.78
2026-08-12T17:15:00+00:00,102595.78
2026-08-12T17:30:00+00:00,102595.78
2026-08-12T17:45:00+00:00,102595.78
2026-08-12T18:00:00+00:00,102595.78
2026-08-12T18:15:00+00:00,102595.78
2026-08-12T18:30:00+00:00,102595.78
2026-08-12T18:45:00+00:00,102595.78
2026-08-12T19:00:00+00:00,102595.78
2026-08-12T19:10:00+00:00,102595.78
2026-08-13T14:00:00+00:00,102516.73
2026-08-13T14:15:00+00:00,102516.73
2026-08-13T14:30:00+00:00,102516.73
2026-08-13T14:45:00+00:00,102516.73
2026-08-13T15:00:00+00:00,102516.73
2026-08-13T15:15:00+00:00,102516.73
2026-08-13T15:30:00+00:00,102516.73
2026-08-13T15:45:00+00:00,102516.73
2026-08-13T16:00:00+00:00,102516.73
2026-08-13T16:15:00+00:00,102516.73
2026-08-13T16:30:00+00:00,102516.73
2026-08-13T16:45:00+00:00,102516.73
2026-08-13T17:00:00+00:00,102516.73
2026-08-13T17:15:00+00:00,102516.73
2026-08-13T17:30:00+00:00,102516.73
2026-08-13T17:45:00+00:00,102516.73
2026-08-13T18:00:00+00:00,102516.73
2026-08-13T18:15:00+00:00,102516.73
2026-08-13T18:30:00+00:00,102516.73
2026-08-13T18:45:00+00:00,102516.73
2026-08-13T19:00:00+00:00,102516.73
2026-08-13T19:10:00+00:00,102516.73
2026-08-14T14:00:00+00:00,102674.73
2026-08-14T14:15:00+00:00,102674.73
2026-08-14T14:30:00+00:00,102674.73
2026-08-14T14:45:00+00:00,102674.73
2026-08-14T15:00:00+00:00,102674.73
2026-08-14T15:15:00+00:00,102674.73
2026-08-14T15:30:00+00:00,102674.73
2026-08-14T15:45:00+00:00,102674.73
2026-08-14T16:00:00+00:00,102674.73
2026-08-14T16:15:00+00:00,102674.73
2026-08-14T16:30:00+00:00,102674.73
2026-08-14T16:45:00+00:00,102674.73
2026-08-14T17:00:00+00:00,102674.73
2026-08-14T17:15:00+00:00,102674.73
2026-08-14T17:30:00+00:00,102674.73
2026-08-14T17:45:00+00:00,102674.73
2026-08-14T18:00:00+00:00,102674.73
2026-08-14T18:15:00+00:00,102674.73
2026-08-14T18:30:00+00:00,102674.73
2026-08-14T18:45:00+00:00,102674.73
2026-08-14T19:00:00+00:00,102674.73
2026-08-14T19:10:00+00:00,102674.73
2026-08-17T14:00:00+00:00,102832.73
2026-08-17T14:15:00+00:00,102832.73
2026-08-17T14:30:00+00:00,102832.73
2026-08-17T14:45:00+00:00,102832.73
2026-08-17T15:00:00+00:00,102832.73
2026-08-17T15:15:00+00:00,102823.86
2026-08-17T15:30:00+00:00,102823.86
2026-08-17T15:45:00+00:00,102823.86
2026-08-17T16:00:00+00:00,102823.86
2026-08-17T16:15:00+00:00,102823.86
2026-08-17T16:30:00+00:00,102823.86
2026-08-17T16:45:00+00:00,102823.86
2026-08-17T17:00:00+00:00,102823.86
2026-08-17T17:15:00+00:00,102823.86
2026-08-17T17:30:00+00:00,102823.86
2026-08-17T17:45:00+00:00,102823.86
2026-08-17T18:00:00+00:00,102823.86
2026-08-17T18:15:00+00:00,102823.86
2026-08-17T18:30:00+00:00,102823.86
2026-08-17T18:45:00+00:00,102823.86
2026-08-17T19:00:00+00:00,102823.86
2026-08-17T19:10:00+00:00,102823.86
2026-08-18T14:00:00+00:00,102775.86
2026-08-18T14:15:00+00:00,102775.86
2026-08-18T14:30:00+00:00,102775.86
2026-08-18T14:45:00+00:00,102775.86
2026-08-18T15:00:00+00:00,102775.86
2026-08-18T15:15:00+00:00,102775.86
2026-08-18T15:30:00+00:00,102775.86
2026-08-18T15:45:00+00:00,102775.86
2026-08-18T16:00:00+00:00,102775.86
2026-08-18T16:15:00+00:00,102775.86
2026-08-18T16:30:00+00:00,102775.86
2026-08-18T16:45:00+00:00,102775.86
2026-08-18T17:00:00+00:00,102775.86
2026-08-18T17:15:00+00:00,102775.86
2026-08-18T17:30:00+00:00,102775.86
2026-08-18T17:45:00+00:00,102775.86
2026-08-18T18:00:00+00:00,102775.86
2026-08-18T18:15:00+00:00,102775.86
2026-08-18T18:30:00+00:00,102775.86
2026-08-18T18:45:00+00:00,102775.86
2026-08-18T19:00:00+00:00,102775.86
2026-08-18T19:10:00+00:00,102775.86
2026-08-19T14:00:00+00:00,102667.36
2026-08-19T14:15:00+00:00,102667.36
2026-08-19T14:30:00+00:00,102667.36
2026-08-19T14:45:00+00:00,102667.36
2026-08-19T15:00:00+00:00,102667.36
2026-08-19T15:15:00+00:00,102667.36
2026-08-19T15:30:00+00:00,102667.36
2026-08-19T15:45:00+00:00,102649.81
2026-08-19T16:00:00+00:00,102649.81
2026-08-19T16:15:00+00:00,102649.81
2026-08-19T16:30:00+00:00,102649.81
2026-08-19T16:45:00+00:00,102649.81
2026-08-19T17:00:00+00:00,102649.81
2026-08-19T17:15:00+00:00,102649.81
2026-08-19T17:30:00+00:00,102649.81
2026-08-19T17:45:00+00:00,102649.81
2026-08-19T18:00:00+00:00,102649.81
2026-08-19T18:15:00+00:00,102649.81
2026-08-19T18:30:00+00:00,102649.81
2026-08-19T18:45:00+00:00,102649.81
2026-08-19T19:00:00+00:00,102649.81
2026-08-19T19:10:00+00:00,102649.81
2026-08-20T14:00:00+00:00,102568.81
2026-08-20T14:15:00+00:00,102568.81
2026-08-20T14:30:00+00:00,102568.81
2026-08-20T14:45:00+00:00,102568.81
2026-08-20T15:00:00+00:00,102568.81
2026-08-20T15:15:00+00:00,102568.81
2026-08-20T15:30:00+00:00,102568.81
2026-08-20T15:45:00+00:00,102568.81
2026-08-20T16:00:00+00:00,102568.81
2026-08-20T16:15:00+00:00,102568.81
2026-08-20T16:30:00+00:00,102568.81
2026-08-20T16:45:00+00:00,102568.81
2026-08-20T17:00:00+00:00,102568.81
2026-08-20T17:15:00+00:00,102568.81
2026-08-20T17:30:00+00:00,102568.81
2026-08-20T17:45:00+00:00,102568.81
2026-08-20T18:00:00+00:00,102568.81
2026-08-20T18:15:00+00:00,102568.81
2026-08-20T18:30:00+00:00,102568.81
2026-08-20T18:45:00+00:00,102568.81
2026-08-20T19:00:00+00:00,102568.81
2026-08-20T19:10:00+00:00,102568.81
2026-08-21T14:00:00+00:00,103178.81
2026-08-21T14:15:00+00:00,103178.81
2026-08-21T14:30:00+00:00,103178.81
2026-08-21T14:45:00+00:00,103178.81
2026-08-21T15:00:00+00:00,103178.81
2026-08-21T15:15:00+00:00,103178.81
2026-08-21T15:30:00+00:00,103178.81
2026-08-21T15:45:00+00:00,103178.81
2026-08-21T16:00:00+00:00,103178.81
2026-08-21T16:15:00+00:00,103178.81
2026-08-21T16:30:00+00:00,103178.81
2026-08-21T16:45:00+00:00,103178.81
2026-08-21T17:00:00+00:00,103178.81
2026-08-21T17:15:00+00:00,103178.81
2026-08-21T17:30:00+00:00,103178.81
2026-08-21T17:45:00+00:00,103178.81
2026-08-21T18:00:00+00:00,103178.81
2026-08-21T18:15:00+00:00,103178.81
2026-08-21T18:30:00+00:00,103178.81
2026-08-21T18:45:00+00:00,103178.81
2026-08-21T19:00:00+00:00,103178.81
2026-08-21T19:10:00+00:00,103119.39