timestamp,equity
2026-02-02T15:00:00+00:00,100000.0
2026-02-02T15:15:00+00:00,100000.0
2026-02-02T15:30:00+00:00,100000.0
2026-02-02T15:45:00+00:00,100000.0
2026-02-02T16:00:00+00:00,100000.0
2026-02-02T16:15:00+00:00,100000.0
2026-02-02T16:30:00+00:00,100000.0
2026-02-02T16:45:00+00:00,100000.0
2026-02-02T17:00:00+00:00,100000.0
2026-02-02T17:15:00+00:00,99985.0
2026-02-02T17:30:00+00:00,100029.64
2026-02-02T17:45:00+00:00,100028.14
2026-02-02T18:00:00+00:00,100029.64
2026-02-02T18:15:00+00:00,100041.22
2026-02-02T18:30:00+00:00,100045.9
2026-02-02T18:45:00+00:00,100044.22
2026-02-02T19:00:00+00:00,100046.92
2026-02-02T19:15:00+00:00,100048.66
2026-02-02T19:30:00+00:00,100050.94
2026-02-02T19:45:00+00:00,100045.3
2026-02-02T20:00:00+00:00,100050.52
2026-02-02T20:10:00+00:00,100045.96
2026-02-03T15:00:00+00:00,100025.08
2026-02-03T15:15:00+00:00,100022.26
2026-02-03T15:30:00+00:00,100010.32
2026-02-03T15:45:00+00:00,100018.12
2026-02-03T16:00:00+00:00,100000.36
2026-02-03T16:15:00+00:00,99973.16
2026-02-03T16:30:00+00:00,99975.32
2026-02-03T16:45:00+00:00,99977.78
2026-02-03T17:00:00+00:00,99987.62
2026-02-03T17:15:00+00:00,100000.64
2026-02-03T17:30:00+00:00,100005.02
2026-02-03T17:45:00+00:00,100007.0
2026-02-03T18:00:00+00:00,100008.2
2026-02-03T18:15:00+00:00,100012.7
2026-02-03T18:30:00+00:00,100014.26
2026-02-03T18:45:00+00:00,100015.46
2026-02-03T19:00:00+00:00,100017.08
2026-02-03T19:15:00+00:00,100016.3
2026-02-03T19:30:00+00:00,100018.16
2026-02-03T19:45:00+00:00,100017.92
2026-02-03T20:00:00+00:00,100015.28
2026-02-03T20:10:00+00:00,100016.18
2026-02-04T15:00:00+00:00,99594.48
2026-02-04T15:15:00+00:00,99570.78
2026-02-04T15:30:00+00:00,99583.68
2026-02-04T15:45:00+00:00,99587.58
2026-02-04T16:00:00+00:00,99616.86
2026-02-04T16:15:00+00:00,99638.34
2026-02-04T16:30:00+00:00,99653.76
2026-02-04T16:45:00+00:00,99680.82
2026-02-04T17:00:00+00:00,99667.38
2026-02-04T17:15:00+00:00,99657.18
2026-02-04T17:30:00+00:00,99701.46
2026-02-04T17:45:00+00:00,99708.18
2026-02-04T18:00:00+00:00,99703.68
2026-02-04T18:15:00+00:00,99679.76
2026-02-04T18:30:00+00:00,99640.26
2026-02-04T18:45:00+00:00,99641.28
2026-02-04T19:00:00+00:00,99640.56
2026-02-04T19:15:00+00:00,99641.52
2026-02-04T19:30:00+00:00,99635.46
2026-02-04T19:45:00+00:00,99621.72
2026-02-04T20:00:00+00:00,99595.86
2026-02-04T20:10:00+00:00,99600.3
2026-02-05T15:00:00+00:00,99743.74
2026-02-05T15:15:00+00:00,100134.78
2026-02-05T15:30:00+00:00,100176.07
2026-02-05T15:45:00+00:00,100202.66
2026-02-05T16:00:00+00:00,100206.42
2026-02-05T16:15:00+00:00,100208.72
2026-02-05T16:30:00+00:00,100212.82
2026-02-05T16:45:00+00:00,100214.6
2026-02-05T17:00:00+00:00,100216.5
2026-02-05T17:15:00+00:00,100220.14
2026-02-05T17:30:00+00:00,100220.34
2026-02-05T17:45:00+00:00,100220.52
2026-02-05T18:00:00+00:00,100227.42
2026-02-05T18:15:00+00:00,100231.92
2026-02-05T18:30:00+00:00,100234.82
2026-02-05T18:45:00+00:00,100238.24
2026-02-05T19:00:00+00:00,100235.16
2026-02-05T19:15:00+00:00,100240.34
2026-02-05T19:30:00+00:00,100240.9
2026-02-05T19:45:00+00:00,100267.73
2026-02-05T20:00:00+00:00,100282.8
2026-02-05T20:10:00+00:00,100286.94
2026-02-06T15:00:00+00:00,100320.92
2026-02-06T15:15:00+00:00,100320.92
2026-02-06T15:30:00+00:00,100320.92
2026-02-06T15:45:00+00:00,100320.92
2026-02-06T16:00:00+00:00,100320.92
2026-02-06T16:15:00+00:00,100320.92
2026-02-06T16:30:00+00:00,100320.92
2026-02-06T16:45:00+00:00,100320.92
2026-02-06T17:00:00+00:00,100320.92
2026-02-06T17:15:00+00:00,100320.92
2026-02-06T17:30:00+00:00,100320.92
2026-02-06T17:45:00+00:00,100320.92
2026-02-06T18:00:00+00:00,100320.92
2026-02-06T18:15:00+00:00,100320.92
2026-02-06T18:30:00+00:00,100320.92
2026-02-06T18:45:00+00:00,100320.92
2026-02-06T19:00:00+00:00,100320.92
2026-02-06T19:15:00+00:00,100320.92
2026-02-06T19:30:00+00:00,100320.92
2026-02-06T19:45:00+00:00,100320.92
2026-02-06T20:00:00+00:00,100320.92
2026-02-06T20:10:00+00:00,100320.92
2026-02-09T15:00:00+00:00,100151.88
2026-02-09T15:15:00+00:00,100151.88
2026-02-09T15:30:00+00:00,100151.88
2026-02-09T15:45:00+00:00,100151.88
2026-02-09T16:00:00+00:00,100151.88
2026-02-09T16:15:00+00:00,100151.88
2026-02-09T16:30:00+00:00,100151.88
2026-02-09T16:45:00+00:00,100151.88
2026-02-09T17:00:00+00:00,100151.88
2026-02-09T17:15:00+00:00,100151.88
2026-02-09T17:30:00+00:00,100151.88
2026-02-09T17:45:00+00:00,100151.88
2026-02-09T18:00:00+00:00,100151.88
2026-02-09T18:15:00+00:00,100151.88
2026-02-09T18:30:00+00:00,100151.88
2026-02-09T18:45:00+00:00,100151.88
2026-02-09T19:00:00+00:00,100151.88
2026-02-09T19:15:00+00:00,100151.88
2026-02-09T19:30:00+00:00,100151.88
2026-02-09T19:45:00+00:00,100151.88
2026-02-09T20:00:00+00:00,100151.88
2026-02-09T20:10:00+00:00,100151.88
2026-02-10T15:00:00+00:00,100173.95
2026-02-10T15:15:00+00:00,100173.95
2026-02-10T15:30:00+00:00,100173.95
2026-02-10T15:45:00+00:00,100173.95
2026-02-10T16:00:00+00:00,100173.95
2026-02-10T16:15:00+00:00,100173.95
2026-02-10T16:30:00+00:00,100173.95
2026-02-10T16:45:00+00:00,100173.95
2026-02-10T17:00:00+00:00,100173.95
2026-02-10T17:15:00+00:00,100173.95
2026-02-10T17:30:00+00:00,100173.95
2026-02-10T17:45:00+00:00,100173.95
2026-02-10T18:00:00+00:00,100173.95
2026-02-10T18:15:00+00:00,100173.95
2026-02-10T18:30:00+00:00,100173.95
2026-02-10T18:45:00+00:00,100173.95
2026-02-10T19:00:00+00:00,100173.95
2026-02-10T19:15:00+00:00,100173.95
2026-02-10T19:30:00+00:00,100173.95
2026-02-10T19:45:00+00:00,100173.95
2026-02-10T20:00:00+00:00,100173.95
2026-02-10T20:10:00+00:00,100173.95
2026-02-11T15:00:00+00:00,100206.67
2026-02-11T15:15:00+00:00,100216.87
2026-02-11T15:30:00+00:00,100222.99
2026-02-11T15:45:00+00:00,100218.85
2026-02-11T16:00:00+00:00,100224.97
2026-02-11T16:15:00+00:00,100225.21
2026-02-11T16:30:00+00:00,100227.55
2026-02-11T16:45:00+00:00,100229.71
2026-02-11T17:00:00+00:00,100230.55
2026-02-11T17:15:00+00:00,100231.51
2026-02-11T17:30:00+00:00,100232.53
2026-02-11T17:45:00+00:00,100233.49
2026-02-11T18:00:00+00:00,100234.45
2026-02-11T18:15:00+00:00,100235.35
2026-02-11T18:30:00+00:00,100235.71
2026-02-11T18:45:00+00:00,100234.87
2026-02-11T19:00:00+00:00,100237.63
2026-02-11T19:15:00+00:00,100237.63
2026-02-11T19:30:00+00:00,100239.73
2026-02-11T19:45:00+00:00,100239.37
2026-02-11T20:00:00+00:00,100242.01
2026-02-11T20:10:00+00:00,100242.67
2026-02-12T15:00:00+00:00,100062.45
2026-02-12T15:15:00+00:00,100062.45
2026-02-12T15:30:00+00:00,100062.45
2026-02-12T15:45:00+00:00,100062.45
2026-02-12T16:00:00+00:00,100056.45
2026-02-12T16:15:00+00:00,100127.49
2026-02-12T16:30:00+00:00,100150.68
2026-02-12T16:45:00+00:00,100150.68
2026-02-12T17:00:00+00:00,100150.68
2026-02-12T17:15:00+00:00,100150.68
2026-02-12T17:30:00+00:00,100150.68
2026-02-12T17:45:00+00:00,100150.68
2026-02-12T18:00:00+00:00,100110.73
2026-02-12T18:15:00+00:00,100110.73
2026-02-12T18:30:00+00:00,100110.73
2026-02-12T18:45:00+00:00,100110.73
2026-02-12T19:00:00+00:00,100106.23
2026-02-12T19:15:00+00:00,100052.08
2026-02-12T19:30:00+00:00,99986.64
2026-02-12T19:45:00+00:00,99986.64
2026-02-12T20:00:00+00:00,99986.64
2026-02-12T20:10:00+00:00,99986.64
2026-02-13T15:00:00+00:00,100240.14
2026-02-13T15:15:00+00:00,100198.46
2026-02-13T15:30:00+00:00,100198.46
2026-02-13T15:45:00+00:00,100198.46
2026-02-13T16:00:00+00:00,100198.46
2026-02-13T16:15:00+00:00,100198.46
2026-02-13T16:30:00+00:00,100198.46
2026-02-13T16:45:00+00:00,100198.46
2026-02-13T17:00:00+00:00,100198.46
2026-02-13T17:15:00+00:00,100198.46
2026-02-13T17:30:00+00:00,100198.46
2026-02-13T17:45:00+00:00,100198.46
2026-02-13T18:00:00+00:00,100198.46
2026-02-13T18:15:00+00:00,100198.46
2026-02-13T18:30:00+00:00,100198.46
2026-02-13T18:45:00+00:00,100198.46
2026-02-13T19:00:00+00:00,100198.46
2026-02-13T19:15:00+00:00,100198.46
2026-02-13T19:30:00+00:00,100198.46
2026-02-13T19:45:00+00:00,100198.46
2026-02-13T20:00:00+00:00,100198.46
2026-02-13T20:10:00+00:00,100198.46
2026-02-17T15:00:00+00:00,100598.62
2026-02-17T15:15:00+00:00,100598.62
2026-02-17T15:30:00+00:00,100598.62
2026-02-17T15:45:00+00:00,100598.62
2026-02-17T16:00:00+00:00,100598.62
2026-02-17T16:15:00+00:00,100598.62
2026-02-17T16:30:00+00:00,100598.62
2026-02-17T16:45:00+00:00,100598.62
2026-02-17T17:00:00+00:00,100598.62
2026-02-17T17:15:00+00:00,100598.62
2026-02-17T17:30:00+00:00,100598.62
2026-02-17T17:45:00+00:00,100598.62
2026-02-17T18:00:00+00:00,100598.62
2026-02-17T18:15:00+00:00,100598.62
2026-02-17T18:30:00+00:00,100598.62
2026-02-17T18:45:00+00:00,100598.62
2026-02-17T19:00:00+00:00,100598.62
2026-02-17T19:15:00+00:00,100598.62
2026-02-17T19:30:00+00:00,100598.62
2026-02-17T19:45:00+00:00,100598.62
2026-02-17T20:00:00+00:00,100598.62
2026-02-17T20:10:00+00:00,100598.62
2026-02-18T15:00:00+00:00,100726.58
2026-02-18T15:15:00+00:00,100722.58
2026-02-18T15:30:00+00:00,100727.34
2026-02-18T15:45:00+00:00,100726.58
2026-02-18T16:00:00+00:00,100727.86
2026-02-18T16:15:00+00:00,100724.98
2026-02-18T16:30:00+00:00,100729.98
2026-02-18T16:45:00+00:00,100730.82
2026-02-18T17:00:00+00:00,100729.82
2026-02-18T17:15:00+00:00,100720.74
2026-02-18T17:30:00+00:00,100722.1
2026-02-18T17:45:00+00:00,100725.06
2026-02-18T18:00:00+00:00,100721.14
2026-02-18T18:15:00+00:00,100723.94
2026-02-18T18:30:00+00:00,100729.18
2026-02-18T18:45:00+00:00,100730.5
2026-02-18T19:00:00+00:00,100734.3
2026-02-18T19:15:00+00:00,100739.26
2026-02-18T19:30:00+00:00,100722.74
2026-02-18T19:45:00+00:00,100697.82
2026-02-18T20:00:00+00:00,100676.73
2026-02-18T20:10:00+00:00,100682.85
2026-02-19T15:00:00+00:00,100738.81
2026-02-19T15:15:00+00:00,100740.33
2026-02-19T15:30:00+00:00,100747.73
2026-02-19T15:45:00+00:00,100746.17
2026-02-19T16:00:00+00:00,100743.73
2026-02-19T16:15:00+00:00,100743.77
2026-02-19T16:30:00+00:00,100752.97
2026-02-19T16:45:00+00:00,100755.77
2026-02-19T17:00:00+00:00,100759.21
2026-02-19T17:15:00+00:00,100755.25
2026-02-19T17:30:00+00:00,100753.05
2026-02-19T17:45:00+00:00,100750.85
2026-02-19T18:00:00+00:00,100751.17
2026-02-19T18:15:00+00:00,100751.05
2026-02-19T18:30:00+00:00,100752.09
2026-02-19T18:45:00+00:00,100747.73
2026-02-19T19:00:00+00:00,100749.93
2026-02-19T19:15:00+00:00,100740.01
2026-02-19T19:30:00+00:00,100742.01
2026-02-19T19:45:00+00:00,100748.65
2026-02-19T20:00:00+00:00,100750.29
2026-02-19T20:10:00+00:00,100745.45
2026-02-20T15:00:00+00:00,100895.53
2026-02-20T15:15:00+00:00,100895.53
2026-02-20T15:30:00+00:00,100895.53
2026-02-20T15:45:00+00:00,100895.53
2026-02-20T16:00:00+00:00,100895.53
2026-02-20T16:15:00+00:00,100895.53
2026-02-20T16:30:00+00:00,100895.53
2026-02-20T16:45:00+00:00,100895.53
2026-02-20T17:00:00+00:00,100895.53
2026-02-20T17:15:00+00:00,100895.53
2026-02-20T17:30:00+00:00,100895.53
2026-02-20T17:45:00+00:00,100895.53
2026-02-20T18:00:00+00:00,100895.53
2026-02-20T18:15:00+00:00,100895.53
2026-02-20T18:30:00+00:00,100895.53
2026-02-20T18:45:00+00:00,100895.53
2026-02-20T19:00:00+00:00,100895.53
2026-02-20T19:15:00+00:00,100895.53
2026-02-20T19:30:00+00:00,100895.53
2026-02-20T19:45:00+00:00,100895.53
2026-02-20T20:00:00+00:00,100895.53
2026-02-20T20:10:00+00:00,100895.53
2026-02-23T15:00:00+00:00,99910.26
2026-02-23T15:15:00+00:00,99849.92
2026-02-23T15:30:00+00:00,99843.42
2026-02-23T15:45:00+00:00,99916.61
2026-02-23T16:00:00+00:00,99872.97
2026-02-23T16:15:00+00:00,99872.97
2026-02-23T16:30:00+00:00,99872.97
2026-02-23T16:45:00+00:00,99872.97
2026-02-23T17:00:00+00:00,99872.97
2026-02-23T17:15:00+00:00,99872.97
2026-02-23T17:30:00+00:00,99872.97
2026-02-23T17:45:00+00:00,99872.97
2026-02-23T18:00:00+00:00,99872.97
2026-02-23T18:15:00+00:00,99872.97
2026-02-23T18:30:00+00:00,99872.97
2026-02-23T18:45:00+00:00,99866.47
2026-02-23T19:00:00+00:00,99870.63
2026-02-23T19:15:00+00:00,99856.89
2026-02-23T19:30:00+00:00,99856.89
2026-02-23T19:45:00+00:00,99856.89
2026-02-23T20:00:00+00:00,99856.89
2026-02-23T20:10:00+00:00,99856.89
2026-02-24T15:00:00+00:00,99982.47
2026-02-24T15:15:00+00:00,99982.47
2026-02-24T15:30:00+00:00,99982.47
2026-02-24T15:45:00+00:00,99982.47
2026-02-24T16:00:00+00:00,99982.47
2026-02-24T16:15:00+00:00,99982.47
2026-02-24T16:30:00+00:00,99982.47
2026-02-24T16:45:00+00:00,99982.47
2026-02-24T17:00:00+00:00,99982.47
2026-02-24T17:15:00+00:00,99982.47
2026-02-24T17:30:00+00:00,99982.47
2026-02-24T17:45:00+00:00,99982.47
2026-02-24T18:00:00+00:00,99982.47
2026-02-24T18:15:00+00:00,99982.47
2026-02-24T18:30:00+00:00,99982.47
2026-02-24T18:45:00+00:00,99982.47
2026-02-24T19:00:00+00:00,99982.47
2026-02-24T19:15:00+00:00,99982.47
2026-02-24T19:30:00+00:00,99982.47
2026-02-24T19:45:00+00:00,99982.47
2026-02-24T20:00:00+00:00,99982.47
2026-02-24T20:10:00+00:00,99982.47
2026-02-25T15:00:00+00:00,99942.47
2026-02-25T15:15:00+00:00,99942.47
2026-02-25T15:30:00+00:00,99942.47
2026-02-25T15:45:00+00:00,99942.47
2026-02-25T16:00:00+00:00,99942.47
2026-02-25T16:15:00+00:00,99942.47
2026-02-25T16:30:00+00:00,99942.47
2026-02-25T16:45:00+00:00,99942.47
2026-02-25T17:00:00+00:00,99942.47
2026-02-25T17:15:00+00:00,99942.47
2026-02-25T17:30:00+00:00,99942.47
2026-02-25T17:45:00+00:00,99942.47
2026-02-25T18:00:00+00:00,99942.47
2026-02-25T18:15:00+00:00,99942.47
2026-02-25T18:30:00+00:00,99942.47
2026-02-25T18:45:00+00:00,99942.47
2026-02-25T19:00:00+00:00,99942.47
2026-02-25T19:15:00+00:00,99942.47
2026-02-25T19:30:00+00:00,99942.47
2026-02-25T19:45:00+00:00,99942.47
2026-02-25T20:00:00+00:00,99942.47
2026-02-25T20:10:00+00:00,99942.47
2026-02-26T15:00:00+00:00,100010.47
2026-02-26T15:15:00+00:00,100010.47
2026-02-26T15:30:00+00:00,100010.47
2026-02-26T15:45:00+00:00,100010.47
2026-02-26T16:00:00+00:00,100010.47
2026-02-26T16:15:00+00:00,100010.47
2026-02-26T16:30:00+00:00,100010.47
2026-02-26T16:45:00+00:00,100010.47
2026-02-26T17:00:00+00:00,100010.47
2026-02-26T17:15:00+00:00,100010.47
2026-02-26T17:30:00+00:00,100010.47
2026-02-26T17:45:00+00:00,100010.47
2026-02-26T18:00:00+00:00,100010.47
2026-02-26T18:15:00+00:00,100010.47
2026-02-26T18:30:00+00:00,100010.47
2026-02-26T18:45:00+00:00,100010.47
2026-02-26T19:00:00+00:00,100010.47
2026-02-26T19:15:00+00:00,100010.47
2026-02-26T19:30:00+00:00,100010.47
2026-02-26T19:45:00+00:00,100010.47
2026-02-26T20:00:00+00:00,100010.47
2026-02-26T20:10:00+00:00,100010.47
2026-02-27T15:00:00+00:00,100154.47
2026-02-27T15:15:00+00:00,100154.47
2026-02-27T15:30:00+00:00,100154.47
2026-02-27T15:45:00+00:00,100154.47
2026-02-27T16:00:00+00:00,100154.47
2026-02-27T16:15:00+00:00,100154.47
2026-02-27T16:30:00+00:00,100154.47
2026-02-27T16:45:00+00:00,100154.47
2026-02-27T17:00:00+00:00,100154.47
2026-02-27T17:15:00+00:00,100154.47
2026-02-27T17:30:00+00:00,100154.47
2026-02-27T17:45:00+00:00,100154.47
2026-02-27T18:00:00+00:00,100154.47
2026-02-27T18:15:00+00:00,100154.47
2026-02-27T18:30:00+00:00,100154.47
2026-02-27T18:45:00+00:00,100154.47
2026-02-27T19:00:00+00:00,100154.47
2026-02-27T19:15:00+00:00,100154.47
2026-02-27T19:30:00+00:00,100154.47
2026-02-27T19:45:00+00:00,100154.47
2026-02-27T20:00:00+00:00,100154.47
2026-02-27T20:10:00+00:00,100154.47
2026-03-02T15:00:00+00:00,100225.15
2026-03-02T15:15:00+00:00,100225.15
2026-03-02T15:30:00+00:00,100220.15
2026-03-02T15:45:00+00:00,100267.85
2026-03-02T16:00:00+00:00,100260.46
2026-03-02T16:15:00+00:00,100260.46
2026-03-02T16:30:00+00:00,100260.46
2026-03-02T16:45:00+00:00,100260.46
2026-03-02T17:00:00+00:00,100260.46
2026-03-02T17:15:00+00:00,100260.46
2026-03-02T17:30:00+00:00,100260.46
2026-03-02T17:45:00+00:00,100260.46
2026-03-02T18:00:00+00:00,100260.46
2026-03-02T18:15:00+00:00,100260.46
2026-03-02T18:30:00+00:00,100255.46
2026-03-02T18:45:00+00:00,100251.56
2026-03-02T19:00:00+00:00,100248.15
2026-03-02T19:15:00+00:00,100248.15
2026-03-02T19:30:00+00:00,100248.15
2026-03-02T19:45:00+00:00,100248.15
2026-03-02T20:00:00+00:00,100248.15
2026-03-02T20:10:00+00:00,100248.15
2026-03-03T15:00:00+00:00,100201.15
2026-03-03T15:15:00+00:00,100201.15
2026-03-03T15:30:00+00:00,100131.15
2026-03-03T15:45:00+00:00,101361.61
2026-03-03T16:00:00+00:00,101361.61
2026-03-03T16:15:00+00:00,101361.61
2026-03-03T16:30:00+00:00,101361.61
2026-03-03T16:45:00+00:00,101361.61
2026-03-03T17:00:00+00:00,101361.61
2026-03-03T17:15:00+00:00,101361.61
2026-03-03T17:30:00+00:00,101361.61
2026-03-03T17:45:00+00:00,101361.61
2026-03-03T18:00:00+00:00,101361.61
2026-03-03T18:15:00+00:00,101361.61
2026-03-03T18:30:00+00:00,101361.61
2026-03-03T18:45:00+00:00,101321.61
2026-03-03T19:00:00+00:00,101731.41
2026-03-03T19:15:00+00:00,101733.01
2026-03-03T19:30:00+00:00,101734.21
2026-03-03T19:45:00+00:00,101729.81
2026-03-03T20:00:00+00:00,101732.41
2026-03-03T20:10:00+00:00,101733.41
2026-03-04T15:00:00+00:00,102238.21
2026-03-04T15:15:00+00:00,102238.81
2026-03-04T15:30:00+00:00,102237.81
2026-03-04T15:45:00+00:00,102241.01
2026-03-04T16:00:00+00:00,102238.81
2026-03-04T16:15:00+00:00,102241.61
2026-03-04T16:30:00+00:00,102243.21
2026-03-04T16:45:00+00:00,102243.01
2026-03-04T17:00:00+00:00,102241.41
2026-03-04T17:15:00+00:00,102240.81
2026-03-04T17:30:00+00:00,102243.41
2026-03-04T17:45:00+00:00,102242.61
2026-03-04T18:00:00+00:00,102243.21
2026-03-04T18:15:00+00:00,102245.21
2026-03-04T18:30:00+00:00,102246.21
2026-03-04T18:45:00+00:00,102246.21
2026-03-04T19:00:00+00:00,102246.81
2026-03-04T19:15:00+00:00,102244.81
2026-03-04T19:30:00+00:00,102245.21
2026-03-04T19:45:00+00:00,102246.61
2026-03-04T20:00:00+00:00,102248.01
2026-03-04T20:10:00+00:00,102247.81
2026-03-05T15:00:00+00:00,102564.4
2026-03-05T15:15:00+00:00,102535.8
2026-03-05T15:30:00+00:00,102519.4
2026-03-05T15:45:00+00:00,102522.2
2026-03-05T16:00:00+00:00,102525.2
2026-03-05T16:15:00+00:00,102515.4
2026-03-05T16:30:00+00:00,102517.8
2026-03-05T16:45:00+00:00,102528.6
2026-03-05T17:00:00+00:00,102533.6
2026-03-05T17:15:00+00:00,102529.2
2026-03-05T17:30:00+00:00,102530.2
2026-03-05T17:45:00+00:00,102520.0
2026-03-05T18:00:00+00:00,102526.6
2026-03-05T18:15:00+00:00,102530.6
2026-03-05T18:30:00+00:00,102519.8
2026-03-05T18:45:00+00:00,102525.4
2026-03-05T19:00:00+00:00,102525.2
2026-03-05T19:15:00+00:00,102530.6
2026-03-05T19:30:00+00:00,102523.0
2026-03-05T19:45:00+00:00,102525.8
2026-03-05T20:00:00+00:00,102525.8
2026-03-05T20:10:00+00:00,102531.2
2026-03-06T15:00:00+00:00,103200.93
2026-03-06T15:15:00+00:00,103200.93
2026-03-06T15:30:00+00:00,103200.93
2026-03-06T15:45:00+00:00,103200.93
2026-03-06T16:00:00+00:00,103200.93
2026-03-06T16:15:00+00:00,103200.93
2026-03-06T16:30:00+00:00,103200.93
2026-03-06T16:45:00+00:00,103200.93
2026-03-06T17:00:00+00:00,103200.93
2026-03-06T17:15:00+00:00,103200.93
2026-03-06T17:30:00+00:00,103200.93
2026-03-06T17:45:00+00:00,103200.93
2026-03-06T18:00:00+00:00,103200.93
2026-03-06T18:15:00+00:00,103200.93
2026-03-06T18:30:00+00:00,103200.93
2026-03-06T18:45:00+00:00,103200.93
2026-03-06T19:00:00+00:00,103200.93
2026-03-06T19:15:00+00:00,103200.93
2026-03-06T19:30:00+00:00,103200.93
2026-03-06T19:45:00+00:00,103200.93
2026-03-06T20:00:00+00:00,103200.93
2026-03-06T20:10:00+00:00,103200.93
2026-03-09T14:00:00+00:00,103675.47
2026-03-09T14:15:00+00:00,103675.47
2026-03-09T14:30:00+00:00,103675.47
2026-03-09T14:45:00+00:00,103675.47
2026-03-09T15:00:00+00:00,103675.47
2026-03-09T15:15:00+00:00,103675.47
2026-03-09T15:30:00+00:00,103675.47
2026-03-09T15:45:00+00:00,103675.47
2026-03-09T16:00:00+00:00,103675.47
2026-03-09T16:15:00+00:00,103675.47
2026-03-09T16:30:00+00:00,103675.47
2026-03-09T16:45:00+00:00,103675.47
2026-03-09T17:00:00+00:00,103675.47
2026-03-09T17:15:00+00:00,103675.47
2026-03-09T17:30:00+00:00,103675.47
2026-03-09T17:45:00+00:00,103675.47
2026-03-09T18:00:00+00:00,103675.47
2026-03-09T18:15:00+00:00,103675.47
2026-03-09T18:30:00+00:00,103675.47
2026-03-09T18:45:00+00:00,103675.47
2026-03-09T19:00:00+00:00,103675.47
2026-03-09T19:10:00+00:00,103675.47
2026-03-10T14:00:00+00:00,103854.95
2026-03-10T14:15:00+00:00,103857.98
2026-03-10T14:30:00+00:00,103831.76
2026-03-10T14:45:00+00:00,103825.82
2026-03-10T15:00:00+00:00,103823.63
2026-03-10T15:15:00+00:00,103814.69
2026-03-10T15:30:00+00:00,103814.78
2026-03-10T15:45:00+00:00,103790.51
2026-03-10T16:00:00+00:00,103795.13
2026-03-10T16:15:00+00:00,103818.2
2026-03-10T16:30:00+00:00,103823.21
2026-03-10T16:45:00+00:00,103812.8
2026-03-10T17:00:00+00:00,103805.18
2026-03-10T17:15:00+00:00,103791.32
2026-03-10T17:30:00+00:00,103783.83
2026-03-10T17:45:00+00:00,103888.51
2026-03-10T18:00:00+00:00,103857.4
2026-03-10T18:15:00+00:00,103888.82
2026-03-10T18:30:00+00:00,104014.37
2026-03-10T18:45:00+00:00,104023.37
2026-03-10T19:00:00+00:00,104019.47
2026-03-10T19:10:00+00:00,104027.54
2026-03-11T14:00:00+00:00,104144.97
2026-03-11T14:15:00+00:00,104144.97
2026-03-11T14:30:00+00:00,104144.97
2026-03-11T14:45:00+00:00,104144.97
2026-03-11T15:00:00+00:00,104144.97
2026-03-11T15:15:00+00:00,104144.97
2026-03-11T15:30:00+00:00,104144.97
2026-03-11T15:45:00+00:00,104144.97
2026-03-11T16:00:00+00:00,104144.97
2026-03-11T16:15:00+00:00,104144.97
2026-03-11T16:30:00+00:00,104144.97
2026-03-11T16:45:00+00:00,104144.97
2026-03-11T17:00:00+00:00,104144.97
2026-03-11T17:15:00+00:00,104144.97
2026-03-11T17:30:00+00:00,104144.97
2026-03-11T17:45:00+00:00,104144.97
2026-03-11T18:00:00+00:00,104144.97
2026-03-11T18:15:00+00:00,104137.97
2026-03-11T18:30:00+00:00,104148.33
2026-03-11T18:45:00+00:00,104131.72
2026-03-11T19:00:00+00:00,104131.72
2026-03-11T19:10:00+00:00,104131.72
2026-03-12T14:00:00+00:00,104179.72
2026-03-12T14:15:00+00:00,104179.72
2026-03-12T14:30:00+00:00,104179.72
2026-03-12T14:45:00+00:00,104179.72
2026-03-12T15:00:00+00:00,104179.72
2026-03-12T15:15:00+00:00,104179.72
2026-03-12T15:30:00+00:00,104179.72
2026-03-12T15:45:00+00:00,104179.72
2026-03-12T16:00:00+00:00,104179.72
2026-03-12T16:15:00+00:00,104179.72
2026-03-12T16:30:00+00:00,104179.72
2026-03-12T16:45:00+00:00,104179.72
2026-03-12T17:00:00+00:00,104179.72
2026-03-12T17:15:00+00:00,104179.72
2026-03-12T17:30:00+00:00,104179.72
2026-03-12T17:45:00+00:00,104179.72
2026-03-12T18:00:00+00:00,104179.72
2026-03-12T18:15:00+00:00,104179.72
2026-03-12T18:30:00+00:00,104179.72
2026-03-12T18:45:00+00:00,104179.72
2026-03-12T19:00:00+00:00,104179.72
2026-03-12T19:10:00+00:00,104179.72
2026-03-13T14:00:00+00:00,104385.72
2026-03-13T14:15:00+00:00,104385.72
2026-03-13T14:30:00+00:00,104385.72
2026-03-13T14:45:00+00:00,104385.72
2026-03-13T15:00:00+00:00,104385.72
2026-03-13T15:15:00+00:00,104385.72
2026-03-13T15:30:00+00:00,104385.72
2026-03-13T15:45:00+00:00,104385.72
2026-03-13T16:00:00+00:00,104385.72
2026-03-13T16:15:00+00:00,104385.72
2026-03-13T16:30:00+00:00,104385.72
2026-03-13T16:45:00+00:00,104385.72
2026-03-13T17:00:00+00:00,104385.72
2026-03-13T17:15:00+00:00,104385.72
2026-03-13T17:30:00+00:00,104385.72
2026-03-13T17:45:00+00:00,104385.72
2026-03-13T18:00:00+00:00,104385.72
2026-03-13T18:15:00+00:00,104385.72
2026-03-13T18:30:00+00:00,104385.72
2026-03-13T18:45:00+00:00,104385.72
2026-03-13T19:00:00+00:00,104385.72
2026-03-13T19:10:00+00:00,104385.72
2026-03-16T14:00:00+00:00,104904.6
2026-03-16T14:15:00+00:00,104889.26
2026-03-16T14:30:00+00:00,104889.26
2026-03-16T14:45:00+00:00,104889.26
2026-03-16T15:00:00+00:00,104889.26
2026-03-16T15:15:00+00:00,104889.26
2026-03-16T15:30:00+00:00,104889.26
2026-03-16T15:45:00+00:00,104889.26
2026-03-16T16:00:00+00:00,104889.26
2026-03-16T16:15:00+00:00,104889.26
2026-03-16T16:30:00+00:00,104889.26
2026-03-16T16:45:00+00:00,104889.26
2026-03-16T17:00:00+00:00,104889.26
2026-03-16T17:15:00+00:00,104889.26
2026-03-16T17:30:00+00:00,104889.26
2026-03-16T17:45:00+00:00,104889.26
2026-03-16T18:00:00+00:00,104889.26
2026-03-16T18:15:00+00:00,104889.26
2026-03-16T18:30:00+00:00,104881.76
2026-03-16T18:45:00+00:00,105096.48
2026-03-16T19:00:00+00:00,105096.48
2026-03-16T19:10:00+00:00,105096.48
2026-03-17T14:00:00+00:00,104937.48
2026-03-17T14:15:00+00:00,104845.34
2026-03-17T14:30:00+00:00,104845.34
2026-03-17T14:45:00+00:00,104845.34
2026-03-17T15:00:00+00:00,104845.34
2026-03-17T15:15:00+00:00,104845.34
2026-03-17T15:30:00+00:00,104845.34
2026-03-17T15:45:00+00:00,104764.3
2026-03-17T16:00:00+00:00,104764.3
2026-03-17T16:15:00+00:00,104764.3
2026-03-17T16:30:00+00:00,104764.3
2026-03-17T16:45:00+00:00,104764.3
2026-03-17T17:00:00+00:00,104764.3
2026-03-17T17:15:00+00:00,104764.3
2026-03-17T17:30:00+00:00,104764.3
2026-03-17T17:45:00+00:00,104760.3
2026-03-17T18:00:00+00:00,104593.66
2026-03-17T18:15:00+00:00,104593.66
2026-03-17T18:30:00+00:00,104593.66
2026-03-17T18:45:00+00:00,104593.66
2026-03-17T19:00:00+00:00,104593.66
2026-03-17T19:10:00+00:00,104593.66
2026-03-18T14:00:00+00:00,104536.16
2026-03-18T14:15:00+00:00,104536.16
2026-03-18T14:30:00+00:00,104516.16
2026-03-18T14:45:00+00:00,104516.16
2026-03-18T15:00:00+00:00,104516.16
2026-03-18T15:15:00+00:00,104516.16
2026-03-18T15:30:00+00:00,104516.16
2026-03-18T15:45:00+00:00,104516.16
2026-03-18T16:00:00+00:00,104516.16
2026-03-18T16:15:00+00:00,104516.16
2026-03-18T16:30:00+00:00,104516.16
2026-03-18T16:45:00+00:00,104516.16
2026-03-18T17:00:00+00:00,104516.16
2026-03-18T17:15:00+00:00,104516.16
2026-03-18T17:30:00+00:00,104516.16
2026-03-18T17:45:00+00:00,104516.16
2026-03-18T18:00:00+00:00,104516.16
2026-03-18T18:15:00+00:00,104516.16
2026-03-18T18:30:00+00:00,104516.16
2026-03-18T18:45:00+00:00,104516.16
2026-03-18T19:00:00+00:00,104516.16
2026-03-18T19:10:00+00:00,104516.16
2026-03-19T14:00:00+00:00,104416.98
2026-03-19T14:15:00+00:00,104376.98
2026-03-19T14:30:00+00:00,104376.98
2026-03-19T14:45:00+00:00,104340.98
2026-03-19T15:00:00+00:00,104340.98
2026-03-19T15:15:00+00:00,104340.98
2026-03-19T15:30:00+00:00,104340.98
2026-03-19T15:45:00+00:00,104340.98
2026-03-19T16:00:00+00:00,104340.98
2026-03-19T16:15:00+00:00,104340.98
2026-03-19T16:30:00+00:00,104340.98
2026-03-19T16:45:00+00:00,104340.98
2026-03-19T17:00:00+00:00,104340.98
2026-03-19T17:15:00+00:00,104340.98
2026-03-19T17:30:00+00:00,104340.98
2026-03-19T17:45:00+00:00,104340.98
2026-03-19T18:00:00+00:00,104340.98
2026-03-19T18:15:00+00:00,104340.98
2026-03-19T18:30:00+00:00,104340.98
2026-03-19T18:45:00+00:00,104340.98
2026-03-19T19:00:00+00:00,104340.98
2026-03-19T19:10:00+00:00,104340.98
2026-03-20T14:00:00+00:00,104262.98
2026-03-20T14:15:00+00:00,104262.98
2026-03-20T14:30:00+00:00,104262.98
2026-03-20T14:45:00+00:00,104262.98
2026-03-20T15:00:00+00:00,104262.98
2026-03-20T15:15:00+00:00,104262.98
2026-03-20T15:30:00+00:00,104262.98
2026-03-20T15:45:00+00:00,104262.98
2026-03-20T16:00:00+00:00,104262.98
2026-03-20T16:15:00+00:00,104262.98
2026-03-20T16:30:00+00:00,104262.98
2026-03-20T16:45:00+00:00,104262.98
2026-03-20T17:00:00+00:00,104262.98
2026-03-20T17:15:00+00:00,104262.98
2026-03-20T17:30:00+00:00,104262.98
2026-03-20T17:45:00+00:00,104262.98
2026-03-20T18:00:00+00:00,104262.98
2026-03-20T18:15:00+00:00,104262.98
2026-03-20T18:30:00+00:00,104262.98
2026-03-20T18:45:00+00:00,104262.98
2026-03-20T19:00:00+00:00,104262.98
2026-03-20T19:10:00+00:00,104262.98
2026-03-23T14:00:00+00:00,104436.98
2026-03-23T14:15:00+00:00,104436.98
2026-03-23T14:30:00+00:00,104436.98
2026-03-23T14:45:00+00:00,104436.98
2026-03-23T15:00:00+00:00,104225.95
2026-03-23T15:15:00+00:00,109063.3
2026-03-23T15:30:00+00:00,109063.3
2026-03-23T15:45:00+00:00,109063.3
2026-03-23T16:00:00+00:00,109063.3
2026-03-23T16:15:00+00:00,109063.3
2026-03-23T16:30:00+00:00,109047.05
2026-03-23T16:45:00+00:00,109047.05
2026-03-23T17:00:00+00:00,109047.05
2026-03-23T17:15:00+00:00,109047.05
2026-03-23T17:30:00+00:00,109047.05
2026-03-23T17:45:00+00:00,109047.05
2026-03-23T18:00:00+00:00,109047.05
2026-03-23T18:15:00+00:00,109047.05
2026-03-23T18:30:00+00:00,109047.05
2026-03-23T18:45:00+00:00,109047.05
2026-03-23T19:00:00+00:00,109047.05
2026-03-23T19:10:00+00:00,109047.05
2026-03-24T14:00:00+00:00,108876.02
2026-03-24T14:15:00+00:00,108880.5
2026-03-24T14:30:00+00:00,108878.82
2026-03-24T14:45:00+00:00,108877.07
2026-03-24T15:00:00+00:00,108891.49
2026-03-24T15:15:00+00:00,108872.42
2026-03-24T15:30:00+00:00,108877.18
2026-03-24T15:45:00+00:00,108876.69
2026-03-24T16:00:00+00:00,108869.83
2026-03-24T16:15:00+00:00,108869.34
2026-03-24T16:30:00+00:00,108877.88
2026-03-24T16:45:00+00:00,108879.14
2026-03-24T17:00:00+00:00,108877.74
2026-03-24T17:15:00+00:00,108862.83
2026-03-24T17:30:00+00:00,108869.62
2026-03-24T17:45:00+00:00,108860.31
2026-03-24T18:00:00+00:00,108878.65
2026-03-24T18:15:00+00:00,108874.31
2026-03-24T18:30:00+00:00,108881.03
2026-03-24T18:45:00+00:00,108886.63
2026-03-24T19:00:00+00:00,108887.54
2026-03-24T19:10:00+00:00,108890.41
2026-03-25T14:00:00+00:00,109176.42
2026-03-25T14:15:00+00:00,109146.21
2026-03-25T14:30:00+00:00,109144.24
2026-03-25T14:45:00+00:00,109124.34
2026-03-25T15:00:00+00:00,109135.38
2026-03-25T15:15:00+00:00,109170.09
2026-03-25T15:30:00+00:00,109144.7
2026-03-25T15:45:00+00:00,109158.74
2026-03-25T16:00:00+00:00,109148.17
2026-03-25T16:15:00+00:00,109165.03
2026-03-25T16:30:00+00:00,109162.2
2026-03-25T16:45:00+00:00,109163.97
2026-03-25T17:00:00+00:00,109165.67
2026-03-25T17:15:00+00:00,109176.3
2026-03-25T17:30:00+00:00,109173.85
2026-03-25T17:45:00+00:00,109159.73
2026-03-25T18:00:00+00:00,109170.2
2026-03-25T18:15:00+00:00,109183.37
2026-03-25T18:30:00+00:00,109180.25
2026-03-25T18:45:00+00:00,109197.84
2026-03-25T19:00:00+00:00,109216.81
2026-03-25T19:10:00+00:00,109282.28
2026-03-26T14:00:00+00:00,109335.49
2026-03-26T14:15:00+00:00,109335.49
2026-03-26T14:30:00+00:00,109335.49
2026-03-26T14:45:00+00:00,109335.49
2026-03-26T15:00:00+00:00,109335.49
2026-03-26T15:15:00+00:00,109335.49
2026-03-26T15:30:00+00:00,109335.49
2026-03-26T15:45:00+00:00,109335.49
2026-03-26T16:00:00+00:00,109335.49
2026-03-26T16:15:00+00:00,109335.49
2026-03-26T16:30:00+00:00,109335.49
2026-03-26T16:45:00+00:00,109335.49
2026-03-26T17:00:00+00:00,109335.49
2026-03-26T17:15:00+00:00,109335.49
2026-03-26T17:30:00+00:00,109335.49
2026-03-26T17:45:00+00:00,109335.49
2026-03-26T18:00:00+00:00,109335.49
2026-03-26T18:15:00+00:00,109335.49
2026-03-26T18:30:00+00:00,109335.49
2026-03-26T18:45:00+00:00,109335.49
2026-03-26T19:00:00+00:00,109335.49
2026-03-26T19:10:00+00:00,109335.49
2026-03-27T14:00:00+00:00,109432.57
2026-03-27T14:15:00+00:00,109437.61
2026-03-27T14:30:00+00:00,109431.52
2026-03-27T14:45:00+00:00,109433.83
2026-03-27T15:00:00+00:00,109406.51
2026-03-27T15:15:00+00:00,109406.79
2026-03-27T15:30:00+00:00,109431.22
2026-03-27T15:45:00+00:00,109428.56
2026-03-27T16:00:00+00:00,109410.36
2026-03-27T16:15:00+00:00,109406.65
2026-03-27T16:30:00+00:00,109404.13
2026-03-27T16:45:00+00:00,109407.84
2026-03-27T17:00:00+00:00,109398.25
2026-03-27T17:15:00+00:00,109397.76
2026-03-27T17:30:00+00:00,109375.64
2026-03-27T17:45:00+00:00,109371.79
2026-03-27T18:00:00+00:00,109369.48
2026-03-27T18:15:00+00:00,109365.49
2026-03-27T18:30:00+00:00,109374.38
2026-03-27T18:45:00+00:00,109383.06
2026-03-27T19:00:00+00:00,109382.43
2026-03-27T19:10:00+00:00,109363.6
2026-03-30T14:00:00+00:00,110031.35
2026-03-30T14:15:00+00:00,110031.35
2026-03-30T14:30:00+00:00,110031.35
2026-03-30T14:45:00+00:00,110031.35
2026-03-30T15:00:00+00:00,110031.35
2026-03-30T15:15:00+00:00,110031.35
2026-03-30T15:30:00+00:00,110031.35
2026-03-30T15:45:00+00:00,110031.35
2026-03-30T16:00:00+00:00,110031.35
2026-03-30T16:15:00+00:00,110031.35
2026-03-30T16:30:00+00:00,110031.35
2026-03-30T16:45:00+00:00,110031.35
2026-03-30T17:00:00+00:00,110031.35
2026-03-30T17:15:00+00:00,110031.35
2026-03-30T17:30:00+00:00,110031.35
2026-03-30T17:45:00+00:00,110031.35
2026-03-30T18:00:00+00:00,110031.35
2026-03-30T18:15:00+00:00,110031.35
2026-03-30T18:30:00+00:00,110031.35
2026-03-30T18:45:00+00:00,110031.35
2026-03-30T19:00:00+00:00,110011.35
2026-03-30T19:10:00+00:00,110011.35
2026-03-31T14:00:00+00:00,108381.35
2026-03-31T14:15:00+00:00,108381.35
2026-03-31T14:30:00+00:00,108381.35
2026-03-31T14:45:00+00:00,108381.35
2026-03-31T15:00:00+00:00,108381.35
2026-03-31T15:15:00+00:00,108381.35
2026-03-31T15:30:00+00:00,108381.35
2026-03-31T15:45:00+00:00,108381.35
2026-03-31T16:00:00+00:00,108381.35
2026-03-31T16:15:00+00:00,108381.35
2026-03-31T16:30:00+00:00,108381.35
2026-03-31T16:45:00+00:00,108381.35
2026-03-31T17:00:00+00:00,108381.35
2026-03-31T17:15:00+00:00,108381.35
2026-03-31T17:30:00+00:00,108381.35
2026-03-31T17:45:00+00:00,108381.35
2026-03-31T18:00:00+00:00,108381.35
2026-03-31T18:15:00+00:00,108381.35
2026-03-31T18:30:00+00:00,108381.35
2026-03-31T18:45:00+00:00,108381.35
2026-03-31T19:00:00+00:00,108381.35
2026-03-31T19:10:00+00:00,108381.35
2026-04-01T14:00:00+00:00,109328.01
2026-04-01T14:15:00+00:00,109301.07
2026-04-01T14:30:00+00:00,109303.73
2026-04-01T14:45:00+00:00,109255.62
2026-04-01T15:00:00+00:00,109214.91
2026-04-01T15:15:00+00:00,109214.91
2026-04-01T15:30:00+00:00,109214.91
2026-04-01T15:45:00+00:00,109214.91
2026-04-01T16:00:00+00:00,109214.91
2026-04-01T16:15:00+00:00,109214.91
2026-04-01T16:30:00+00:00,109214.91
2026-04-01T16:45:00+00:00,109214.91
2026-04-01T17:00:00+00:00,109214.91
2026-04-01T17:15:00+00:00,109214.91
2026-04-01T17:30:00+00:00,109214.91
2026-04-01T17:45:00+00:00,109214.91
2026-04-01T18:00:00+00:00,109214.91
2026-04-01T18:15:00+00:00,109214.91
2026-04-01T18:30:00+00:00,109214.91
2026-04-01T18:45:00+00:00,109214.91
2026-04-01T19:00:00+00:00,109214.91
2026-04-01T19:10:00+00:00,109214.91
2026-04-02T14:00:00+00:00,109673.62
2026-04-02T14:15:00+00:00,109673.62
2026-04-02T14:30:00+00:00,109673.62
2026-04-02T14:45:00+00:00,109635.62
2026-04-02T15:00:00+00:00,109635.62
2026-04-02T15:15:00+00:00,109635.62
2026-04-02T15:30:00+00:00,109635.62
2026-04-02T15:45:00+00:00,109635.62
2026-04-02T16:00:00+00:00,109635.62
2026-04-02T16:15:00+00:00,109635.62
2026-04-02T16:30:00+00:00,109635.62
2026-04-02T16:45:00+00:00,109635.62
2026-04-02T17:00:00+00:00,109635.62
2026-04-02T17:15:00+00:00,109635.62
2026-04-02T17:30:00+00:00,109635.62
2026-04-02T17:45:00+00:00,109635.62
2026-04-02T18:00:00+00:00,109635.62
2026-04-02T18:15:00+00:00,109635.62
2026-04-02T18:30:00+00:00,109635.62
2026-04-02T18:45:00+00:00,109635.62
2026-04-02T19:00:00+00:00,109635.62
2026-04-02T19:10:00+00:00,109635.62
2026-04-06T14:00:00+00:00,109882.62
2026-04-06T14:15:00+00:00,109882.62
2026-04-06T14:30:00+00:00,109882.62
2026-04-06T14:45:00+00:00,109882.62
2026-04-06T15:00:00+00:00,109882.62
2026-04-06T15:15:00+00:00,109882.62
2026-04-06T15:30:00+00:00,109882.62
2026-04-06T15:45:00+00:00,109882.62
2026-04-06T16:00:00+00:00,109882.62
2026-04-06T16:15:00+00:00,109882.62
2026-04-06T16:30:00+00:00,109882.62
2026-04-06T16:45:00+00:00,109882.62
2026-04-06T17:00:00+00:00,109882.62
2026-04-06T17:15:00+00:00,109882.62
2026-04-06T17:30:00+00:00,109882.62
2026-04-06T17:45:00+00:00,109882.62
2026-04-06T18:00:00+00:00,109882.62
2026-04-06T18:15:00+00:00,109882.62
2026-04-06T18:30:00+00:00,109882.62
2026-04-06T18:45:00+00:00,109882.62
2026-04-06T19:00:00+00:00,109882.62
2026-04-06T19:10:00+00:00,109882.62
2026-04-07T14:00:00+00:00,109616.62
2026-04-07T14:15:00+00:00,109616.62
2026-04-07T14:30:00+00:00,109578.62
2026-04-07T14:45:00+00:00,109578.62
2026-04-07T15:00:00+00:00,109578.62
2026-04-07T15:15:00+00:00,109578.62
2026-04-07T15:30:00+00:00,109578.62
2026-04-07T15:45:00+00:00,109578.62
2026-04-07T16:00:00+00:00,109578.62
2026-04-07T16:15:00+00:00,109578.62
2026-04-07T16:30:00+00:00,109578.62
2026-04-07T16:45:00+00:00,109578.62
2026-04-07T17:00:00+00:00,109578.62
2026-04-07T17:15:00+00:00,109578.62
2026-04-07T17:30:00+00:00,109578.62
2026-04-07T17:45:00+00:00,109578.62
2026-04-07T18:00:00+00:00,109578.62
2026-04-07T18:15:00+00:00,109578.62
2026-04-07T18:30:00+00:00,109578.62
2026-04-07T18:45:00+00:00,109578.62
2026-04-07T19:00:00+00:00,109578.62
2026-04-07T19:10:00+00:00,109578.62
2026-04-08T14:00:00+00:00,109682.6
2026-04-08T14:15:00+00:00,109682.6
2026-04-08T14:30:00+00:00,109682.6
2026-04-08T14:45:00+00:00,109682.6
2026-04-08T15:00:00+00:00,109682.6
2026-04-08T15:15:00+00:00,109682.6
2026-04-08T15:30:00+00:00,109682.6
2026-04-08T15:45:00+00:00,109646.6
2026-04-08T16:00:00+00:00,109646.6
2026-04-08T16:15:00+00:00,109646.6
2026-04-08T16:30:00+00:00,109646.6
2026-04-08T16:45:00+00:00,109646.6
2026-04-08T17:00:00+00:00,109646.6
2026-04-08T17:15:00+00:00,109646.6
2026-04-08T17:30:00+00:00,109646.6
2026-04-08T17:45:00+00:00,109646.6
2026-04-08T18:00:00+00:00,109646.6
2026-04-08T18:15:00+00:00,109646.6
2026-04-08T18:30:00+00:00,109646.6
2026-04-08T18:45:00+00:00,109646.6
2026-04-08T19:00:00+00:00,109646.6
2026-04-08T19:10:00+00:00,109646.6
2026-04-09T14:00:00+00:00,109868.98
2026-04-09T14:15:00+00:00,109757.69
2026-04-09T14:30:00+00:00,109745.45
2026-04-09T14:45:00+00:00,109753.37
2026-04-09T15:00:00+00:00,109758.77
2026-04-09T15:15:00+00:00,109760.53
2026-04-09T15:30:00+00:00,109771.85
2026-04-09T15:45:00+00:00,110123.3
2026-04-09T16:00:00+00:00,110122.04
2026-04-09T16:15:00+00:00,110122.4
2026-04-09T16:30:00+00:00,110121.86
2026-04-09T16:45:00+00:00,110127.62
2026-04-09T17:00:00+00:00,110129.6
2026-04-09T17:15:00+00:00,110127.44
2026-04-09T17:30:00+00:00,110129.24
2026-04-09T17:45:00+00:00,110128.88
2026-04-09T18:00:00+00:00,110130.86
2026-04-09T18:15:00+00:00,110133.9
2026-04-09T18:30:00+00:00,110027.56
2026-04-09T18:45:00+00:00,109930.46
2026-04-09T19:00:00+00:00,109931.54
2026-04-09T19:10:00+00:00,109929.56
2026-04-10T14:00:00+00:00,110057.25
2026-04-10T14:15:00+00:00,110057.25
2026-04-10T14:30:00+00:00,110057.25
2026-04-10T14:45:00+00:00,110057.25
2026-04-10T15:00:00+00:00,110057.25
2026-04-10T15:15:00+00:00,110057.25
2026-04-10T15:30:00+00:00,110057.25
2026-04-10T15:45:00+00:00,110057.25
2026-04-10T16:00:00+00:00,110057.25
2026-04-10T16:15:00+00:00,110057.25
2026-04-10T16:30:00+00:00,110057.25
2026-04-10T16:45:00+00:00,110057.25
2026-04-10T17:00:00+00:00,110057.25
2026-04-10T17:15:00+00:00,110057.25
2026-04-10T17:30:00+00:00,110057.25
2026-04-10T17:45:00+00:00,110057.25
2026-04-10T18:00:00+00:00,110057.25
2026-04-10T18:15:00+00:00,110057.25
2026-04-10T18:30:00+00:00,110057.25
2026-04-10T18:45:00+00:00,110057.25
2026-04-10T19:00:00+00:00,110057.25
2026-04-10T19:10:00+00:00,110057.25
2026-04-13T14:00:00+00:00,109751.25
2026-04-13T14:15:00+00:00,109595.7
2026-04-13T14:30:00+00:00,109595.7
2026-04-13T14:45:00+00:00,109595.7
2026-04-13T15:00:00+00:00,109595.7
2026-04-13T15:15:00+00:00,109595.7
2026-04-13T15:30:00+00:00,109595.7
2026-04-13T15:45:00+00:00,109595.7
2026-04-13T16:00:00+00:00,109595.7
2026-04-13T16:15:00+00:00,109595.7
2026-04-13T16:30:00+00:00,109595.7
2026-04-13T16:45:00+00:00,109595.7
2026-04-13T17:00:00+00:00,109595.7
2026-04-13T17:15:00+00:00,109595.7
2026-04-13T17:30:00+00:00,109595.7
2026-04-13T17:45:00+00:00,109595.7
2026-04-13T18:00:00+00:00,109595.7
2026-04-13T18:15:00+00:00,109589.2
2026-04-13T18:30:00+00:00,109533.04
2026-04-13T18:45:00+00:00,109518.39
2026-04-13T19:00:00+00:00,109518.39
2026-04-13T19:10:00+00:00,109518.39
2026-04-14T14:00:00+00:00,109339.96
2026-04-14T14:15:00+00:00,109485.83
2026-04-14T14:30:00+00:00,109490.71
2026-04-14T14:45:00+00:00,109483.27
2026-04-14T15:00:00+00:00,109481.67
2026-04-14T15:15:00+00:00,109492.07
2026-04-14T15:30:00+00:00,109627.47
2026-04-14T15:45:00+00:00,109630.19
2026-04-14T16:00:00+00:00,109635.63
2026-04-14T16:15:00+00:00,109638.27
2026-04-14T16:30:00+00:00,109631.47
2026-04-14T16:45:00+00:00,109638.99
2026-04-14T17:00:00+00:00,109646.91
2026-04-14T17:15:00+00:00,109642.43
2026-04-14T17:30:00+00:00,109630.51
2026-04-14T17:45:00+00:00,109625.71
2026-04-14T18:00:00+00:00,109428.86
2026-04-14T18:15:00+00:00,109422.54
2026-04-14T18:30:00+00:00,109438.86
2026-04-14T18:45:00+00:00,109438.46
2026-04-14T19:00:00+00:00,109435.18
2026-04-14T19:10:00+00:00,109429.1
2026-04-15T14:00:00+00:00,109891.66
2026-04-15T14:15:00+00:00,109860.42
2026-04-15T14:30:00+00:00,109842.82
2026-04-15T14:45:00+00:00,109843.86
2026-04-15T15:00:00+00:00,109831.5
2026-04-15T15:15:00+00:00,109829.96
2026-04-15T15:30:00+00:00,109898.89
2026-04-15T15:45:00+00:00,109913.76
2026-04-15T16:00:00+00:00,109920.44
2026-04-15T16:15:00+00:00,109890.12
2026-04-15T16:30:00+00:00,109906.08
2026-04-15T16:45:00+00:00,109966.28
2026-04-15T17:00:00+00:00,109976.6
2026-04-15T17:15:00+00:00,109973.76
2026-04-15T17:30:00+00:00,109972.94
2026-04-15T17:45:00+00:00,110063.54
2026-04-15T18:00:00+00:00,109929.81
2026-04-15T18:15:00+00:00,109892.93
2026-04-15T18:30:00+00:00,109893.85
2026-04-15T18:45:00+00:00,109901.05
2026-04-15T19:00:00+00:00,109893.85
2026-04-15T19:10:00+00:00,109890.65
2026-04-16T14:00:00+00:00,110108.21
2026-04-16T14:15:00+00:00,110050.77
2026-04-16T14:30:00+00:00,110081.29
2026-04-16T14:45:00+00:00,110058.66
2026-04-16T15:00:00+00:00,110065.74
2026-04-16T15:15:00+00:00,110006.42
2026-04-16T15:30:00+00:00,110045.7
2026-04-16T15:45:00+00:00,110019.42
2026-04-16T16:00:00+00:00,109985.74
2026-04-16T16:15:00+00:00,109981.06
2026-04-16T16:30:00+00:00,110033.1
2026-04-16T16:45:00+00:00,110063.58
2026-04-16T17:00:00+00:00,110091.66
2026-04-16T17:15:00+00:00,110120.26
2026-04-16T17:30:00+00:00,110101.86
2026-04-16T17:45:00+00:00,110102.74
2026-04-16T18:00:00+00:00,110106.54
2026-04-16T18:15:00+00:00,110111.6
2026-04-16T18:30:00+00:00,110066.82
2026-04-16T18:45:00+00:00,110054.02
2026-04-16T19:00:00+00:00,110048.46
2026-04-16T19:10:00+00:00,110038.66
2026-04-17T14:00:00+00:00,109536.63
2026-04-17T14:15:00+00:00,109525.93
2026-04-17T14:30:00+00:00,109525.93
2026-04-17T14:45:00+00:00,109492.73
2026-04-17T15:00:00+00:00,109492.73
2026-04-17T15:15:00+00:00,109487.73
2026-04-17T15:30:00+00:00,109249.65
2026-04-17T15:45:00+00:00,109249.65
2026-04-17T16:00:00+00:00,109249.65
2026-04-17T16:15:00+00:00,109249.65
2026-04-17T16:30:00+00:00,109249.65
2026-04-17T16:45:00+00:00,109249.65
2026-04-17T17:00:00+00:00,109249.65
2026-04-17T17:15:00+00:00,109249.65
2026-04-17T17:30:00+00:00,109249.65
2026-04-17T17:45:00+00:00,109249.65
2026-04-17T18:00:00+00:00,109249.65
2026-04-17T18:15:00+00:00,109249.65
2026-04-17T18:30:00+00:00,109249.65
2026-04-17T18:45:00+00:00,109249.65
2026-04-17T19:00:00+00:00,109249.65
2026-04-17T19:10:00+00:00,109249.65
2026-04-20T14:00:00+00:00,109298.65
2026-04-20T14:15:00+00:00,109294.15
2026-04-20T14:30:00+00:00,109204.96
2026-04-20T14:45:00+00:00,109204.96
2026-04-20T15:00:00+00:00,109204.96
2026-04-20T15:15:00+00:00,109204.96
2026-04-20T15:30:00+00:00,109204.96
2026-04-20T15:45:00+00:00,109204.96
2026-04-20T16:00:00+00:00,109204.96
2026-04-20T16:15:00+00:00,109204.96
2026-04-20T16:30:00+00:00,109204.96
2026-04-20T16:45:00+00:00,109204.96
2026-04-20T17:00:00+00:00,109204.96
2026-04-20T17:15:00+00:00,109204.96
2026-04-20T17:30:00+00:00,109204.96
2026-04-20T17:45:00+00:00,109204.96
2026-04-20T18:00:00+00:00,109204.96
2026-04-20T18:15:00+00:00,109204.96
2026-04-20T18:30:00+00:00,109197.96
2026-04-20T18:45:00+00:00,109237.65
2026-04-20T19:00:00+00:00,109268.5
2026-04-20T19:10:00+00:00,109268.5
2026-04-21T14:00:00+00:00,109014.96
2026-04-21T14:15:00+00:00,108949.28
2026-04-21T14:30:00+00:00,108944.28
2026-04-21T14:45:00+00:00,109045.11
2026-04-21T15:00:00+00:00,109045.11
2026-04-21T15:15:00+00:00,109045.11
2026-04-21T15:30:00+00:00,109045.11
2026-04-21T15:45:00+00:00,109045.11
2026-04-21T16:00:00+00:00,109045.11
2026-04-21T16:15:00+00:00,109045.11
2026-04-21T16:30:00+00:00,109045.11
2026-04-21T16:45:00+00:00,109045.11
2026-04-21T17:00:00+00:00,109045.11
2026-04-21T17:15:00+00:00,109045.11
2026-04-21T17:30:00+00:00,109045.11
2026-04-21T17:45:00+00:00,109039.11
2026-04-21T18:00:00+00:00,109156.38
2026-04-21T18:15:00+00:00,109156.38
2026-04-21T18:30:00+00:00,109156.38
2026-04-21T18:45:00+00:00,109156.38
2026-04-21T19:00:00+00:00,109156.38
2026-04-21T19:10:00+00:00,109156.38
2026-04-22T14:00:00+00:00,109565.88
2026-04-22T14:15:00+00:00,109508.38
2026-04-22T14:30:00+00:00,109735.54
2026-04-22T14:45:00+00:00,109745.74
2026-04-22T15:00:00+00:00,109748.14
2026-04-22T15:15:00+00:00,109746.74
2026-04-22T15:30:00+00:00,109740.54
2026-04-22T15:45:00+00:00,109751.94
2026-04-22T16:00:00+00:00,109749.94
2026-04-22T16:15:00+00:00,109748.94
2026-04-22T16:30:00+00:00,109758.14
2026-04-22T16:45:00+00:00,109760.14
2026-04-22T17:00:00+00:00,109759.54
2026-04-22T17:15:00+00:00,109751.74
2026-04-22T17:30:00+00:00,109753.94
2026-04-22T17:45:00+00:00,109754.94
2026-04-22T18:00:00+00:00,109759.54
2026-04-22T18:15:00+00:00,109759.34
2026-04-22T18:30:00+00:00,109764.94
2026-04-22T18:45:00+00:00,109761.14
2026-04-22T19:00:00+00:00,109771.94
2026-04-22T19:10:00+00:00,109767.34
2026-04-23T14:00:00+00:00,109350.24
2026-04-23T14:15:00+00:00,109350.24
2026-04-23T14:30:00+00:00,109350.24
2026-04-23T14:45:00+00:00,109350.24
2026-04-23T15:00:00+00:00,109350.24
2026-04-23T15:15:00+00:00,109350.24
2026-04-23T15:30:00+00:00,109350.24
2026-04-23T15:45:00+00:00,109350.24
2026-04-23T16:00:00+00:00,109350.24
2026-04-23T16:15:00+00:00,109350.24
2026-04-23T16:30:00+00:00,109350.24
2026-04-23T16:45:00+00:00,109350.24
2026-04-23T17:00:00+00:00,109350.24
2026-04-23T17:15:00+00:00,109350.24
2026-04-23T17:30:00+00:00,109350.24
2026-04-23T17:45:00+00:00,109342.74
2026-04-23T18:00:00+00:00,109342.74
2026-04-23T18:15:00+00:00,109342.74
2026-04-23T18:30:00+00:00,109342.74
2026-04-23T18:45:00+00:00,109342.74
2026-04-23T19:00:00+00:00,109342.74
2026-04-23T19:10:00+00:00,109342.74
2026-04-24T14:00:00+00:00,110250.37
2026-04-24T14:15:00+00:00,110338.56
2026-04-24T14:30:00+00:00,110347.05
2026-04-24T14:45:00+00:00,110339.99
2026-04-24T15:00:00+00:00,110336.92
2026-04-24T15:15:00+00:00,110332.49
2026-04-24T15:30:00+00:00,110337.57
2026-04-24T15:45:00+00:00,110306.24
2026-04-24T16:00:00+00:00,110281.89
2026-04-24T16:15:00+00:00,110308.91
2026-04-24T16:30:00+00:00,110292.27
2026-04-24T16:45:00+00:00,110314.53
2026-04-24T17:00:00+00:00,110308.26
2026-04-24T17:15:00+00:00,110320.67
2026-04-24T17:30:00+00:00,110336.39
2026-04-24T17:45:00+00:00,110325.95
2026-04-24T18:00:00+00:00,110314.73
2026-04-24T18:15:00+00:00,110329.29
2026-04-24T18:30:00+00:00,110346.09
2026-04-24T18:45:00+00:00,110335.96
2026-04-24T19:00:00+00:00,110334.59
2026-04-24T19:10:00+00:00,110340.8
2026-04-27T14:00:00+00:00,110917.7
2026-04-27T14:15:00+00:00,110931.01
2026-04-27T14:30:00+00:00,110932.14
2026-04-27T14:45:00+00:00,110885.65
2026-04-27T15:00:00+00:00,110900.94
2026-04-27T15:15:00+00:00,110906.77
2026-04-27T15:30:00+00:00,110905.89
2026-04-27T15:45:00+00:00,110908.2
2026-04-27T16:00:00+00:00,110906.0
2026-04-27T16:15:00+00:00,110908.31
2026-04-27T16:30:00+00:00,110913.04
2026-04-27T16:45:00+00:00,110918.43
2026-04-27T17:00:00+00:00,110920.74
2026-04-27T17:15:00+00:00,110926.46
2026-04-27T17:30:00+00:00,110919.01
2026-04-27T17:45:00+00:00,110916.09
2026-04-27T18:00:00+00:00,110918.17
2026-04-27T18:15:00+00:00,110920.92
2026-04-27T18:30:00+00:00,110863.14
2026-04-27T18:45:00+00:00,111260.63
2026-04-27T19:00:00+00:00,111262.83
2026-04-27T19:10:00+00:00,111264.26
2026-04-28T14:00:00+00:00,111099.29
2026-04-28T14:15:00+00:00,111099.29
2026-04-28T14:30:00+00:00,111099.29
2026-04-28T14:45:00+00:00,111099.29
2026-04-28T15:00:00+00:00,111099.29
2026-04-28T15:15:00+00:00,111099.29
2026-04-28T15:30:00+00:00,111099.29
2026-04-28T15:45:00+00:00,111099.29
2026-04-28T16:00:00+00:00,111061.29
2026-04-28T16:15:00+00:00,111061.29
2026-04-28T16:30:00+00:00,111061.29
2026-04-28T16:45:00+00:00,111061.29
2026-04-28T17:00:00+00:00,111061.29
2026-04-28T17:15:00+00:00,111061.29
2026-04-28T17:30:00+00:00,111061.29
2026-04-28T17:45:00+00:00,111061.29
2026-04-28T18:00:00+00:00,111061.29
2026-04-28T18:15:00+00:00,111061.29
2026-04-28T18:30:00+00:00,111061.29
2026-04-28T18:45:00+00:00,111061.29
2026-04-28T19:00:00+00:00,111061.29
2026-04-28T19:10:00+00:00,111061.29
2026-04-29T14:00:00+00:00,111006.21
2026-04-29T14:15:00+00:00,111201.71
2026-04-29T14:30:00+00:00,111170.44
2026-04-29T14:45:00+00:00,111168.16
2026-04-29T15:00:00+00:00,111154.2
2026-04-29T15:15:00+00:00,111179.6
2026-04-29T15:30:00+00:00,111179.02
2026-04-29T15:45:00+00:00,111174.1
2026-04-29T16:00:00+00:00,111197.08
2026-04-29T16:15:00+00:00,111188.7
2026-04-29T16:30:00+00:00,111207.62
2026-04-29T16:45:00+00:00,111211.7
2026-04-29T17:00:00+00:00,111214.14
2026-04-29T17:15:00+00:00,111215.68
2026-04-29T17:30:00+00:00,111216.54
2026-04-29T17:45:00+00:00,111215.16
2026-04-29T18:00:00+00:00,111200.72
2026-04-29T18:15:00+00:00,111033.34
2026-04-29T18:30:00+00:00,110037.85
2026-04-29T18:45:00+00:00,110047.91
2026-04-29T19:00:00+00:00,110039.89
2026-04-29T19:10:00+00:00,110044.53
2026-04-30T14:00:00+00:00,109736.73
2026-04-30T14:15:00+00:00,109698.15
2026-04-30T14:30:00+00:00,109575.37
2026-04-30T14:45:00+00:00,110056.57
2026-04-30T15:00:00+00:00,110014.57
2026-04-30T15:15:00+00:00,109982.97
2026-04-30T15:30:00+00:00,109986.17
2026-04-30T15:45:00+00:00,110017.17
2026-04-30T16:00:00+00:00,110002.57
2026-04-30T16:15:00+00:00,109973.17
2026-04-30T16:30:00+00:00,109989.77
2026-04-30T16:45:00+00:00,109997.97
2026-04-30T17:00:00+00:00,110014.37
2026-04-30T17:15:00+00:00,109996.37
2026-04-30T17:30:00+00:00,109894.1
2026-04-30T17:45:00+00:00,109832.81
2026-04-30T18:00:00+00:00,109831.01
2026-04-30T18:15:00+00:00,109826.61
2026-04-30T18:30:00+00:00,109810.61
2026-04-30T18:45:00+00:00,109805.41
2026-04-30T19:00:00+00:00,109800.41
2026-04-30T19:10:00+00:00,109718.44
2026-05-01T14:00:00+00:00,110103.44
2026-05-01T14:15:00+00:00,110103.44
2026-05-01T14:30:00+00:00,110103.44
2026-05-01T14:45:00+00:00,110073.44
2026-05-01T15:00:00+00:00,110065.3
2026-05-01T15:15:00+00:00,110065.3
2026-05-01T15:30:00+00:00,110065.3
2026-05-01T15:45:00+00:00,110065.3
2026-05-01T16:00:00+00:00,110065.3
2026-05-01T16:15:00+00:00,110065.3
2026-05-01T16:30:00+00:00,110065.3
2026-05-01T16:45:00+00:00,110065.3
2026-05-01T17:00:00+00:00,110065.3
2026-05-01T17:15:00+00:00,110065.3
2026-05-01T17:30:00+00:00,110065.3
2026-05-01T17:45:00+00:00,110054.8
2026-05-01T18:00:00+00:00,109887.77
2026-05-01T18:15:00+00:00,110018.81
2026-05-01T18:30:00+00:00,110018.81
2026-05-01T18:45:00+00:00,110018.81
2026-05-01T19:00:00+00:00,110018.81
2026-05-01T19:10:00+00:00,110018.81
2026-05-04T14:00:00+00:00,110454.33
2026-05-04T14:15:00+00:00,110454.33
2026-05-04T14:30:00+00:00,110454.33
2026-05-04T14:45:00+00:00,110454.33
2026-05-04T15:00:00+00:00,110449.33
2026-05-04T15:15:00+00:00,110637.44
2026-05-04T15:30:00+00:00,110637.44
2026-05-04T15:45:00+00:00,110637.44
2026-05-04T16:00:00+00:00,110637.44
2026-05-04T16:15:00+00:00,110637.44
2026-05-04T16:30:00+00:00,110637.44
2026-05-04T16:45:00+00:00,110637.44
2026-05-04T17:00:00+00:00,110637.44
2026-05-04T17:15:00+00:00,110637.44
2026-05-04T17:30:00+00:00,110637.44
2026-05-04T17:45:00+00:00,110637.44
2026-05-04T18:00:00+00:00,110632.94
2026-05-04T18:15:00+00:00,110619.44
2026-05-04T18:30:00+00:00,110746.85
2026-05-04T18:45:00+00:00,110835.12
2026-05-04T19:00:00+00:00,110779.12
2026-05-04T19:10:00+00:00,110779.12
2026-05-05T14:00:00+00:00,110793.46
2026-05-05T14:15:00+00:00,110793.53
2026-05-05T14:30:00+00:00,110794.37
2026-05-05T14:45:00+00:00,110795.49
2026-05-05T15:00:00+00:00,110749.97
2026-05-05T15:15:00+00:00,110868.9
2026-05-05T15:30:00+00:00,110869.46
2026-05-05T15:45:00+00:00,110869.32
2026-05-05T16:00:00+00:00,110870.16
2026-05-05T16:15:00+00:00,110870.44
2026-05-05T16:30:00+00:00,110870.93
2026-05-05T16:45:00+00:00,110871.56
2026-05-05T17:00:00+00:00,110872.12
2026-05-05T17:15:00+00:00,110872.68
2026-05-05T17:30:00+00:00,110865.89
2026-05-05T17:45:00+00:00,110802.33
2026-05-05T18:00:00+00:00,110819.88
2026-05-05T18:15:00+00:00,110820.23
2026-05-05T18:30:00+00:00,110820.44
2026-05-05T18:45:00+00:00,110820.93
2026-05-05T19:00:00+00:00,110821.14
2026-05-05T19:10:00+00:00,110821.56
2026-05-06T14:00:00+00:00,109999.98
2026-05-06T14:15:00+00:00,109979.64
2026-05-06T14:30:00+00:00,109979.64
2026-05-06T14:45:00+00:00,109979.64
2026-05-06T15:00:00+00:00,109974.64
2026-05-06T15:15:00+00:00,110017.5
2026-05-06T15:30:00+00:00,110017.5
2026-05-06T15:45:00+00:00,110017.5
2026-05-06T16:00:00+00:00,110017.5
2026-05-06T16:15:00+00:00,110017.5
2026-05-06T16:30:00+00:00,110017.5
2026-05-06T16:45:00+00:00,110017.5
2026-05-06T17:00:00+00:00,110017.5
2026-05-06T17:15:00+00:00,110017.5
2026-05-06T17:30:00+00:00,110017.5
2026-05-06T17:45:00+00:00,110005.0
2026-05-06T18:00:00+00:00,109839.36
2026-05-06T18:15:00+00:00,109839.36
2026-05-06T18:30:00+00:00,109834.36
2026-05-06T18:45:00+00:00,109823.29
2026-05-06T19:00:00+00:00,109823.29
2026-05-06T19:10:00+00:00,109823.29
2026-05-07T14:00:00+00:00,110217.32
2026-05-07T14:15:00+00:00,110168.46
2026-05-07T14:30:00+00:00,110121.85
2026-05-07T14:45:00+00:00,110115.24
2026-05-07T15:00:00+00:00,110227.81
2026-05-07T15:15:00+00:00,110232.76
2026-05-07T15:30:00+00:00,110185.62
2026-05-07T15:45:00+00:00,110187.6
2026-05-07T16:00:00+00:00,110188.81
2026-05-07T16:15:00+00:00,110183.97
2026-05-07T16:30:00+00:00,110190.24
2026-05-07T16:45:00+00:00,110189.36
2026-05-07T17:00:00+00:00,110188.92
2026-05-07T17:15:00+00:00,110188.37
2026-05-07T17:30:00+00:00,110173.52
2026-05-07T17:45:00+00:00,110182.87
2026-05-07T18:00:00+00:00,110193.87
2026-05-07T18:15:00+00:00,110193.87
2026-05-07T18:30:00+00:00,110189.86
2026-05-07T18:45:00+00:00,110321.49
2026-05-07T19:00:00+00:00,110332.49
2026-05-07T19:10:00+00:00,110332.49
2026-05-08T14:00:00+00:00,110586.39
2026-05-08T14:15:00+00:00,110586.39
2026-05-08T14:30:00+00:00,110586.39
2026-05-08T14:45:00+00:00,110586.39
2026-05-08T15:00:00+00:00,110586.39
2026-05-08T15:15:00+00:00,110586.39
2026-05-08T15:30:00+00:00,110586.39
2026-05-08T15:45:00+00:00,110586.39
2026-05-08T16:00:00+00:00,110586.39
2026-05-08T16:15:00+00:00,110586.39
2026-05-08T16:30:00+00:00,110586.39
2026-05-08T16:45:00+00:00,110586.39
2026-05-08T17:00:00+00:00,110586.39
2026-05-08T17:15:00+00:00,110586.39
2026-05-08T17:30:00+00:00,110586.39
2026-05-08T17:45:00+00:00,110586.39
2026-05-08T18:00:00+00:00,110586.39
2026-05-08T18:15:00+00:00,110586.39
2026-05-08T18:30:00+00:00,110586.39
2026-05-08T18:45:00+00:00,110586.39
2026-05-08T19:00:00+00:00,110586.39
2026-05-08T19:10:00+00:00,110586.39
2026-05-11T14:00:00+00:00,110900.4
2026-05-11T14:15:00+00:00,110900.4
2026-05-11T14:30:00+00:00,110900.4
2026-05-11T14:45:00+00:00,110900.4
2026-05-11T15:00:00+00:00,110900.4
2026-05-11T15:15:00+00:00,110900.4
2026-05-11T15:30:00+00:00,110900.4
2026-05-11T15:45:00+00:00,110900.4
2026-05-11T16:00:00+00:00,110900.4
2026-05-11T16:15:00+00:00,110900.4
2026-05-11T16:30:00+00:00,110900.4
2026-05-11T16:45:00+00:00,110900.4
2026-05-11T17:00:00+00:00,110900.4
2026-05-11T17:15:00+00:00,110900.4
2026-05-11T17:30:00+00:00,110896.4
2026-05-11T17:45:00+00:00,111021.75
2026-05-11T18:00:00+00:00,111021.75
2026-05-11T18:15:00+00:00,111014.75
2026-05-11T18:30:00+00:00,110985.63
2026-05-11T18:45:00+00:00,110964.68
2026-05-11T19:00:00+00:00,110964.68
2026-05-11T19:10:00+00:00,110964.68
2026-05-12T14:00:00+00:00,111098.22
2026-05-12T14:15:00+00:00,111098.22
2026-05-12T14:30:00+00:00,111098.22
2026-05-12T14:45:00+00:00,111098.22
2026-05-12T15:00:00+00:00,111098.22
2026-05-12T15:15:00+00:00,111080.22
2026-05-12T15:30:00+00:00,111080.22
2026-05-12T15:45:00+00:00,111080.22
2026-05-12T16:00:00+00:00,111080.22
2026-05-12T16:15:00+00:00,111080.22
2026-05-12T16:30:00+00:00,111080.22
2026-05-12T16:45:00+00:00,111080.22
2026-05-12T17:00:00+00:00,111080.22
2026-05-12T17:15:00+00:00,111080.22
2026-05-12T17:30:00+00:00,111080.22
2026-05-12T17:45:00+00:00,111080.22
2026-05-12T18:00:00+00:00,111080.22
2026-05-12T18:15:00+00:00,111080.22
2026-05-12T18:30:00+00:00,111080.22
2026-05-12T18:45:00+00:00,111080.22
2026-05-12T19:00:00+00:00,111080.22
2026-05-12T19:10:00+00:00,111080.22
2026-05-13T14:00:00+00:00,111553.81
2026-05-13T14:15:00+00:00,111602.45
2026-05-13T14:30:00+00:00,111636.16
2026-05-13T14:45:00+00:00,111636.16
2026-05-13T15:00:00+00:00,111609.15
2026-05-13T15:15:00+00:00,111382.57
2026-05-13T15:30:00+00:00,111352.06
2026-05-13T15:45:00+00:00,111619.86
2026-05-13T16:00:00+00:00,111628.47
2026-05-13T16:15:00+00:00,111629.87
2026-05-13T16:30:00+00:00,111629.41
2026-05-13T16:45:00+00:00,111632.38
2026-05-13T17:00:00+00:00,111635.42
2026-05-13T17:15:00+00:00,111635.98
2026-05-13T17:30:00+00:00,111635.28
2026-05-13T17:45:00+00:00,111641.82
2026-05-13T18:00:00+00:00,111648.25
2026-05-13T18:15:00+00:00,111632.48
2026-05-13T18:30:00+00:00,111346.02
2026-05-13T18:45:00+00:00,111348.63
2026-05-13T19:00:00+00:00,111351.97
2026-05-13T19:10:00+00:00,111352.02
2026-05-14T14:00:00+00:00,110948.8
2026-05-14T14:15:00+00:00,110739.78
2026-05-14T14:30:00+00:00,110739.78
2026-05-14T14:45:00+00:00,110739.78
2026-05-14T15:00:00+00:00,110739.78
2026-05-14T15:15:00+00:00,110739.78
2026-05-14T15:30:00+00:00,110739.78
2026-05-14T15:45:00+00:00,110739.78
2026-05-14T16:00:00+00:00,110739.78
2026-05-14T16:15:00+00:00,110739.78
2026-05-14T16:30:00+00:00,110739.78
2026-05-14T16:45:00+00:00,110739.78
2026-05-14T17:00:00+00:00,110739.78
2026-05-14T17:15:00+00:00,110739.78
2026-05-14T17:30:00+00:00,110739.78
2026-05-14T17:45:00+00:00,110739.78
2026-05-14T18:00:00+00:00,110739.78
2026-05-14T18:15:00+00:00,110739.78
2026-05-14T18:30:00+00:00,110739.78
2026-05-14T18:45:00+00:00,110739.78
2026-05-14T19:00:00+00:00,110739.78
2026-05-14T19:10:00+00:00,110739.78
2026-05-15T14:00:00+00:00,109899.42
2026-05-15T14:15:00+00:00,109899.42
2026-05-15T14:30:00+00:00,109863.42
2026-05-15T14:45:00+00:00,109863.42
2026-05-15T15:00:00+00:00,109863.42
2026-05-15T15:15:00+00:00,109863.42
2026-05-15T15:30:00+00:00,109863.42
2026-05-15T15:45:00+00:00,109863.42
2026-05-15T16:00:00+00:00,109863.42
2026-05-15T16:15:00+00:00,109863.42
2026-05-15T16:30:00+00:00,109863.42
2026-05-15T16:45:00+00:00,109863.42
2026-05-15T17:00:00+00:00,109863.42
2026-05-15T17:15:00+00:00,109863.42
2026-05-15T17:30:00+00:00,109863.42
2026-05-15T17:45:00+00:00,109863.42
2026-05-15T18:00:00+00:00,109863.42
2026-05-15T18:15:00+00:00,109863.42
2026-05-15T18:30:00+00:00,109863.42
2026-05-15T18:45:00+00:00,109863.42
2026-05-15T19:00:00+00:00,109863.42
2026-05-15T19:10:00+00:00,109863.42
2026-05-18T14:00:00+00:00,109961.05
2026-05-18T14:15:00+00:00,109961.05
2026-05-18T14:30:00+00:00,109906.6
2026-05-18T14:45:00+00:00,109906.6
2026-05-18T15:00:00+00:00,109906.6
2026-05-18T15:15:00+00:00,109906.6
2026-05-18T15:30:00+00:00,109906.6
2026-05-18T15:45:00+00:00,109906.6
2026-05-18T16:00:00+00:00,109906.6
2026-05-18T16:15:00+00:00,109906.6
2026-05-18T16:30:00+00:00,109874.78
2026-05-18T16:45:00+00:00,109874.78
2026-05-18T17:00:00+00:00,109874.78
2026-05-18T17:15:00+00:00,109874.78
2026-05-18T17:30:00+00:00,109874.78
2026-05-18T17:45:00+00:00,109868.78
2026-05-18T18:00:00+00:00,109881.86
2026-05-18T18:15:00+00:00,110001.41
2026-05-18T18:30:00+00:00,110001.41
2026-05-18T18:45:00+00:00,110001.41
2026-05-18T19:00:00+00:00,110001.41
2026-05-18T19:10:00+00:00,110001.41
2026-05-19T14:00:00+00:00,110263.92
2026-05-19T14:15:00+00:00,110263.92
2026-05-19T14:30:00+00:00,110263.92
2026-05-19T14:45:00+00:00,110263.92
2026-05-19T15:00:00+00:00,110263.92
2026-05-19T15:15:00+00:00,110263.92
2026-05-19T15:30:00+00:00,110263.92
2026-05-19T15:45:00+00:00,110263.92
2026-05-19T16:00:00+00:00,110263.92
2026-05-19T16:15:00+00:00,110263.92
2026-05-19T16:30:00+00:00,110263.92
2026-05-19T16:45:00+00:00,110263.92
2026-05-19T17:00:00+00:00,110263.92
2026-05-19T17:15:00+00:00,110263.92
2026-05-19T17:30:00+00:00,110263.92
2026-05-19T17:45:00+00:00,110263.92
2026-05-19T18:00:00+00:00,110263.92
2026-05-19T18:15:00+00:00,110263.92
2026-05-19T18:30:00+00:00,110257.92
2026-05-19T18:45:00+00:00,110378.43
2026-05-19T19:00:00+00:00,110378.43
2026-05-19T19:10:00+00:00,110378.43
2026-05-20T14:00:00+00:00,110210.59
2026-05-20T14:15:00+00:00,110210.05
2026-05-20T14:30:00+00:00,110190.07
2026-05-20T14:45:00+00:00,110197.45
2026-05-20T15:00:00+00:00,110186.11
2026-05-20T15:15:00+00:00,110171.35
2026-05-20T15:30:00+00:00,110181.97
2026-05-20T15:45:00+00:00,110171.53
2026-05-20T16:00:00+00:00,110182.15
2026-05-20T16:15:00+00:00,110182.33
2026-05-20T16:30:00+00:00,110198.53
2026-05-20T16:45:00+00:00,110187.55
2026-05-20T17:00:00+00:00,110196.91
2026-05-20T17:15:00+00:00,110195.47
2026-05-20T17:30:00+00:00,110192.41
2026-05-20T17:45:00+00:00,110196.37
2026-05-20T18:00:00+00:00,110196.37
2026-05-20T18:15:00+00:00,110190.07
2026-05-20T18:30:00+00:00,110190.97
2026-05-20T18:45:00+00:00,110194.03
2026-05-20T19:00:00+00:00,110192.05
2026-05-20T19:10:00+00:00,110191.87
2026-05-21T14:00:00+00:00,110332.31
2026-05-21T14:15:00+00:00,110346.79
2026-05-21T14:30:00+00:00,110340.39
2026-05-21T14:45:00+00:00,110342.47
2026-05-21T15:00:00+00:00,110341.03
2026-05-21T15:15:00+00:00,110337.87
2026-05-21T15:30:00+00:00,110345.67
2026-05-21T15:45:00+00:00,110345.39
2026-05-21T16:00:00+00:00,110342.27
2026-05-21T16:15:00+00:00,110337.87
2026-05-21T16:30:00+00:00,110330.35
2026-05-21T16:45:00+00:00,110335.51
2026-05-21T17:00:00+00:00,110341.19
2026-05-21T17:15:00+00:00,110270.59
2026-05-21T17:30:00+00:00,110201.1
2026-05-21T17:45:00+00:00,110201.1
2026-05-21T18:00:00+00:00,110155.36
2026-05-21T18:15:00+00:00,110149.36
2026-05-21T18:30:00+00:00,110276.07
2026-05-21T18:45:00+00:00,110276.07
2026-05-21T19:00:00+00:00,110276.07
2026-05-21T19:10:00+00:00,110276.07
2026-05-22T14:00:00+00:00,110346.4
2026-05-22T14:15:00+00:00,110346.4
2026-05-22T14:30:00+00:00,110346.4
2026-05-22T14:45:00+00:00,110346.4
2026-05-22T15:00:00+00:00,110346.4
2026-05-22T15:15:00+00:00,110346.4
2026-05-22T15:30:00+00:00,110346.4
2026-05-22T15:45:00+00:00,110346.4
2026-05-22T16:00:00+00:00,110346.4
2026-05-22T16:15:00+00:00,110346.4
2026-05-22T16:30:00+00:00,110346.4
2026-05-22T16:45:00+00:00,110346.4
2026-05-22T17:00:00+00:00,110346.4
2026-05-22T17:15:00+00:00,110346.4
2026-05-22T17:30:00+00:00,110326.9
2026-05-22T17:45:00+00:00,110158.33
2026-05-22T18:00:00+00:00,110158.33
2026-05-22T18:15:00+00:00,110158.33
2026-05-22T18:30:00+00:00,110158.33
2026-05-22T18:45:00+00:00,110158.33
2026-05-22T19:00:00+00:00,110158.33
2026-05-22T19:10:00+00:00,110158.33
2026-05-26T14:00:00+00:00,109121.14
2026-05-26T14:15:00+00:00,109117.14
2026-05-26T14:30:00+00:00,108926.73
2026-05-26T14:45:00+00:00,108926.73
2026-05-26T15:00:00+00:00,108926.73
2026-05-26T15:15:00+00:00,108926.73
2026-05-26T15:30:00+00:00,108926.73
2026-05-26T15:45:00+00:00,108926.73
2026-05-26T16:00:00+00:00,108926.73
2026-05-26T16:15:00+00:00,108926.73
2026-05-26T16:30:00+00:00,108926.73
2026-05-26T16:45:00+00:00,108926.73
2026-05-26T17:00:00+00:00,108926.73
2026-05-26T17:15:00+00:00,108926.73
2026-05-26T17:30:00+00:00,108926.73
2026-05-26T17:45:00+00:00,108926.73
2026-05-26T18:00:00+00:00,108926.73
2026-05-26T18:15:00+00:00,108926.73
2026-05-26T18:30:00+00:00,108926.73
2026-05-26T18:45:00+00:00,108926.73
2026-05-26T19:00:00+00:00,108926.73
2026-05-26T19:10:00+00:00,108926.73
2026-05-27T14:00:00+00:00,109023.69
2026-05-27T14:15:00+00:00,109099.49
2026-05-27T14:30:00+00:00,109116.15
2026-05-27T14:45:00+00:00,109122.89
2026-05-27T15:00:00+00:00,109133.05
2026-05-27T15:15:00+00:00,109094.2
2026-05-27T15:30:00+00:00,109081.06
2026-05-27T15:45:00+00:00,109114.5
2026-05-27T16:00:00+00:00,109117.76
2026-05-27T16:15:00+00:00,109110.88
2026-05-27T16:30:00+00:00,109111.5
2026-05-27T16:45:00+00:00,109105.74
2026-05-27T17:00:00+00:00,109113.74
2026-05-27T17:15:00+00:00,109133.78
2026-05-27T17:30:00+00:00,109124.06
2026-05-27T17:45:00+00:00,109237.28
2026-05-27T18:00:00+00:00,109239.14
2026-05-27T18:15:00+00:00,109232.94
2026-05-27T18:30:00+00:00,109334.41
2026-05-27T18:45:00+00:00,109333.69
2026-05-27T19:00:00+00:00,109336.57
2026-05-27T19:10:00+00:00,109337.23
2026-05-28T14:00:00+00:00,109694.17
2026-05-28T14:15:00+00:00,109561.97
2026-05-28T14:30:00+00:00,109508.34
2026-05-28T14:45:00+00:00,109472.12
2026-05-28T15:00:00+00:00,109505.76
2026-05-28T15:15:00+00:00,109551.38
2026-05-28T15:30:00+00:00,109546.68
2026-05-28T15:45:00+00:00,109526.16
2026-05-28T16:00:00+00:00,109518.86
2026-05-28T16:15:00+00:00,109531.82
2026-05-28T16:30:00+00:00,109510.58
2026-05-28T16:45:00+00:00,109517.48
2026-05-28T17:00:00+00:00,109494.46
2026-05-28T17:15:00+00:00,109555.1
2026-05-28T17:30:00+00:00,109546.04
2026-05-28T17:45:00+00:00,109546.16
2026-05-28T18:00:00+00:00,109539.48
2026-05-28T18:15:00+00:00,109546.26
2026-05-28T18:30:00+00:00,109554.52
2026-05-28T18:45:00+00:00,109579.54
2026-05-28T19:00:00+00:00,109556.16
2026-05-28T19:10:00+00:00,109560.72
2026-05-29T14:00:00+00:00,110083.62
2026-05-29T14:15:00+00:00,110131.8
2026-05-29T14:30:00+00:00,110069.49
2026-05-29T14:45:00+00:00,110048.29
2026-05-29T15:00:00+00:00,109799.36
2026-05-29T15:15:00+00:00,109769.56
2026-05-29T15:30:00+00:00,109854.18
2026-05-29T15:45:00+00:00,109858.3
2026-05-29T16:00:00+00:00,109865.48
2026-05-29T16:15:00+00:00,109862.9
2026-05-29T16:30:00+00:00,109879.56
2026-05-29T16:45:00+00:00,109869.74
2026-05-29T17:00:00+00:00,109870.6
2026-05-29T17:15:00+00:00,109869.78
2026-05-29T17:30:00+00:00,109890.8
2026-05-29T17:45:00+00:00,109903.74
2026-05-29T18:00:00+00:00,109924.18
2026-05-29T18:15:00+00:00,109904.8
2026-05-29T18:30:00+00:00,109890.28
2026-05-29T18:45:00+00:00,109821.08
2026-05-29T19:00:00+00:00,109823.65
2026-05-29T19:10:00+00:00,109812.89
2026-06-01T14:00:00+00:00,110288.15
2026-06-01T14:15:00+00:00,110288.15
2026-06-01T14:30:00+00:00,110288.15
2026-06-01T14:45:00+00:00,110250.15
2026-06-01T15:00:00+00:00,110250.15
2026-06-01T15:15:00+00:00,110250.15
2026-06-01T15:30:00+00:00,110250.15
2026-06-01T15:45:00+00:00,110250.15
2026-06-01T16:00:00+00:00,110250.15
2026-06-01T16:15:00+00:00,110250.15
2026-06-01T16:30:00+00:00,110250.15
2026-06-01T16:45:00+00:00,110250.15
2026-06-01T17:00:00+00:00,110250.15
2026-06-01T17:15:00+00:00,110250.15
2026-06-01T17:30:00+00:00,110250.15
2026-06-01T17:45:00+00:00,110250.15
2026-06-01T18:00:00+00:00,110250.15
2026-06-01T18:15:00+00:00,110250.15
2026-06-01T18:30:00+00:00,110238.15
2026-06-01T18:45:00+00:00,110322.87
2026-06-01T19:00:00+00:00,110305.02
2026-06-01T19:10:00+00:00,110305.02
2026-06-02T14:00:00+00:00,110353.1
2026-06-02T14:15:00+00:00,110276.76
2026-06-02T14:30:00+00:00,110177.43
2026-06-02T14:45:00+00:00,110177.43
2026-06-02T15:00:00+00:00,110177.43
2026-06-02T15:15:00+00:00,110177.43
2026-06-02T15:30:00+00:00,110177.43
2026-06-02T15:45:00+00:00,110177.43
2026-06-02T16:00:00+00:00,110177.43
2026-06-02T16:15:00+00:00,110177.43
2026-06-02T16:30:00+00:00,110177.43
2026-06-02T16:45:00+00:00,110177.43
2026-06-02T17:00:00+00:00,110177.43
2026-06-02T17:15:00+00:00,110177.43
2026-06-02T17:30:00+00:00,110165.93
2026-06-02T17:45:00+00:00,109989.36
2026-06-02T18:00:00+00:00,110019.03
2026-06-02T18:15:00+00:00,110013.53
2026-06-02T18:30:00+00:00,109978.24
2026-06-02T18:45:00+00:00,110065.05
2026-06-02T19:00:00+00:00,110065.05
2026-06-02T19:10:00+00:00,110065.05
2026-06-03T14:00:00+00:00,109865.55
2026-06-03T14:15:00+00:00,109806.62
2026-06-03T14:30:00+00:00,109794.12
2026-06-03T14:45:00+00:00,109645.09
2026-06-03T15:00:00+00:00,109639.44
2026-06-03T15:15:00+00:00,109663.24
2026-06-03T15:30:00+00:00,109599.8
2026-06-03T15:45:00+00:00,109599.8
2026-06-03T16:00:00+00:00,109599.8
2026-06-03T16:15:00+00:00,109599.8
2026-06-03T16:30:00+00:00,109599.8
2026-06-03T16:45:00+00:00,109599.8
2026-06-03T17:00:00+00:00,109599.8
2026-06-03T17:15:00+00:00,109599.8
2026-06-03T17:30:00+00:00,109594.8
2026-06-03T17:45:00+00:00,109567.74
2026-06-03T18:00:00+00:00,109386.21
2026-06-03T18:15:00+00:00,109332.01
2026-06-03T18:30:00+00:00,109332.01
2026-06-03T18:45:00+00:00,109332.01
2026-06-03T19:00:00+00:00,109332.01
2026-06-03T19:10:00+00:00,109332.01
2026-06-04T14:00:00+00:00,109764.06
2026-06-04T14:15:00+00:00,110789.13
2026-06-04T14:30:00+00:00,110893.48
2026-06-04T14:45:00+00:00,111054.39
2026-06-04T15:00:00+00:00,111054.39
2026-06-04T15:15:00+00:00,111054.39
2026-06-04T15:30:00+00:00,111054.39
2026-06-04T15:45:00+00:00,111054.39
2026-06-04T16:00:00+00:00,111054.39
2026-06-04T16:15:00+00:00,111054.39
2026-06-04T16:30:00+00:00,111054.39
2026-06-04T16:45:00+00:00,111054.39
2026-06-04T17:00:00+00:00,111054.39
2026-06-04T17:15:00+00:00,111054.39
2026-06-04T17:30:00+00:00,111047.39
2026-06-04T17:45:00+00:00,111048.16
2026-06-04T18:00:00+00:00,111031.06
2026-06-04T18:15:00+00:00,111031.06
2026-06-04T18:30:00+00:00,111031.06
2026-06-04T18:45:00+00:00,111031.06
2026-06-04T19:00:00+00:00,111031.06
2026-06-04T19:10:00+00:00,111031.06
2026-06-05T14:00:00+00:00,110537.56
2026-06-05T14:15:00+00:00,110490.06
2026-06-05T14:30:00+00:00,110521.21
2026-06-05T14:45:00+00:00,110410.71
2026-06-05T15:00:00+00:00,110410.71
2026-06-05T15:15:00+00:00,110403.71
2026-06-05T15:30:00+00:00,110373.75
2026-06-05T15:45:00+00:00,110339.85
2026-06-05T16:00:00+00:00,110339.85
2026-06-05T16:15:00+00:00,110339.85
2026-06-05T16:30:00+00:00,110339.85
2026-06-05T16:45:00+00:00,110339.85
2026-06-05T17:00:00+00:00,110339.85
2026-06-05T17:15:00+00:00,110339.85
2026-06-05T17:30:00+00:00,110334.85
2026-06-05T17:45:00+00:00,110157.06
2026-06-05T18:00:00+00:00,109972.79
2026-06-05T18:15:00+00:00,110008.48
2026-06-05T18:30:00+00:00,110008.48
2026-06-05T18:45:00+00:00,110008.48
2026-06-05T19:00:00+00:00,110003.0
2026-06-05T19:10:00+00:00,110003.0
2026-06-08T14:00:00+00:00,110456.5
2026-06-08T14:15:00+00:00,110784.21
2026-06-08T14:30:00+00:00,110790.79
2026-06-08T14:45:00+00:00,110774.41
2026-06-08T15:00:00+00:00,110767.13
2026-06-08T15:15:00+00:00,110765.17
2026-06-08T15:30:00+00:00,110782.67
2026-06-08T15:45:00+00:00,110742.01
2026-06-08T16:00:00+00:00,110752.23
2026-06-08T16:15:00+00:00,110747.47
2026-06-08T16:30:00+00:00,110755.59
2026-06-08T16:45:00+00:00,110760.49
2026-06-08T17:00:00+00:00,110766.79
2026-06-08T17:15:00+00:00,110774.77
2026-06-08T17:30:00+00:00,110773.37
2026-06-08T17:45:00+00:00,110780.65
2026-06-08T18:00:00+00:00,110775.33
2026-06-08T18:15:00+00:00,110771.97
2026-06-08T18:30:00+00:00,110766.37
2026-06-08T18:45:00+00:00,110775.47
2026-06-08T19:00:00+00:00,110779.53
2026-06-08T19:10:00+00:00,110784.29
2026-06-09T14:00:00+00:00,110505.42
2026-06-09T14:15:00+00:00,110557.16
2026-06-09T14:30:00+00:00,110578.82
2026-06-09T14:45:00+00:00,110649.14
2026-06-09T15:00:00+00:00,110655.36
2026-06-09T15:15:00+00:00,110665.7
2026-06-09T15:30:00+00:00,110691.35
2026-06-09T15:45:00+00:00,110695.15
2026-06-09T16:00:00+00:00,110705.15
2026-06-09T16:15:00+00:00,110652.42
2026-06-09T16:30:00+00:00,110652.02
2026-06-09T16:45:00+00:00,110650.22
2026-06-09T17:00:00+00:00,110657.22
2026-06-09T17:15:00+00:00,110658.82
2026-06-09T17:30:00+00:00,110645.32
2026-06-09T17:45:00+00:00,110346.83
2026-06-09T18:00:00+00:00,110350.23
2026-06-09T18:15:00+00:00,110351.43
2026-06-09T18:30:00+00:00,110338.43
2026-06-09T18:45:00+00:00,110347.03
2026-06-09T19:00:00+00:00,110337.43
2026-06-09T19:10:00+00:00,110340.03
2026-06-10T14:00:00+00:00,110355.13
2026-06-10T14:15:00+00:00,111187.79
2026-06-10T14:30:00+00:00,111187.79
2026-06-10T14:45:00+00:00,111182.79
2026-06-10T15:00:00+00:00,111272.5
2026-06-10T15:15:00+00:00,111272.5
2026-06-10T15:30:00+00:00,111272.5
2026-06-10T15:45:00+00:00,111272.5
2026-06-10T16:00:00+00:00,111272.5
2026-06-10T16:15:00+00:00,111272.5
2026-06-10T16:30:00+00:00,111272.5
2026-06-10T16:45:00+00:00,111272.5
2026-06-10T17:00:00+00:00,111272.5
2026-06-10T17:15:00+00:00,111272.5
2026-06-10T17:30:00+00:00,111272.5
2026-06-10T17:45:00+00:00,111272.5
2026-06-10T18:00:00+00:00,111272.5
2026-06-10T18:15:00+00:00,111272.5
2026-06-10T18:30:00+00:00,111267.5
2026-06-10T18:45:00+00:00,111324.4
2026-06-10T19:00:00+00:00,111379.62
2026-06-10T19:10:00+00:00,111379.62
2026-06-11T14:00:00+00:00,111302.62
2026-06-11T14:15:00+00:00,111243.7
2026-06-11T14:30:00+00:00,111243.7
2026-06-11T14:45:00+00:00,111243.7
2026-06-11T15:00:00+00:00,111243.7
2026-06-11T15:15:00+00:00,111243.7
2026-06-11T15:30:00+00:00,111243.7
2026-06-11T15:45:00+00:00,111243.7
2026-06-11T16:00:00+00:00,111243.7
2026-06-11T16:15:00+00:00,111243.7
2026-06-11T16:30:00+00:00,111243.7
2026-06-11T16:45:00+00:00,111243.7
2026-06-11T17:00:00+00:00,111243.7
2026-06-11T17:15:00+00:00,111243.7
2026-06-11T17:30:00+00:00,111243.7
2026-06-11T17:45:00+00:00,111243.7
2026-06-11T18:00:00+00:00,111243.7
2026-06-11T18:15:00+00:00,111243.7
2026-06-11T18:30:00+00:00,111243.7
2026-06-11T18:45:00+00:00,111243.7
2026-06-11T19:00:00+00:00,111243.7
2026-06-11T19:10:00+00:00,111243.7
2026-06-12T14:00:00+00:00,112427.02
2026-06-12T14:15:00+00:00,112426.74
2026-06-12T14:30:00+00:00,112386.49
2026-06-12T14:45:00+00:00,112387.65
2026-06-12T15:00:00+00:00,112320.73
2026-06-12T15:15:00+00:00,112322.01
2026-06-12T15:30:00+00:00,112323.65
2026-06-12T15:45:00+00:00,112323.97
2026-06-12T16:00:00+00:00,112325.01
2026-06-12T16:15:00+00:00,112325.85
2026-06-12T16:30:00+00:00,112325.85
2026-06-12T16:45:00+00:00,112327.37
2026-06-12T17:00:00+00:00,112328.09
2026-06-12T17:15:00+00:00,112328.45
2026-06-12T17:30:00+00:00,112329.37
2026-06-12T17:45:00+00:00,112329.61
2026-06-12T18:00:00+00:00,112330.97
2026-06-12T18:15:00+00:00,112331.85
2026-06-12T18:30:00+00:00,112306.05
2026-06-12T18:45:00+00:00,112190.42
2026-06-12T19:00:00+00:00,112190.42
2026-06-12T19:10:00+00:00,112190.42
2026-06-15T14:00:00+00:00,111281.69
2026-06-15T14:15:00+00:00,111134.12
2026-06-15T14:30:00+00:00,111134.12
2026-06-15T14:45:00+00:00,111134.12
2026-06-15T15:00:00+00:00,111134.12
2026-06-15T15:15:00+00:00,111134.12
2026-06-15T15:30:00+00:00,111134.12
2026-06-15T15:45:00+00:00,111134.12
2026-06-15T16:00:00+00:00,111134.12
2026-06-15T16:15:00+00:00,111134.12
2026-06-15T16:30:00+00:00,111134.12
2026-06-15T16:45:00+00:00,111134.12
2026-06-15T17:00:00+00:00,111134.12
2026-06-15T17:15:00+00:00,111134.12
2026-06-15T17:30:00+00:00,111134.12
2026-06-15T17:45:00+00:00,111134.12
2026-06-15T18:00:00+00:00,111128.12
2026-06-15T18:15:00+00:00,111147.86
2026-06-15T18:30:00+00:00,111068.09
2026-06-15T18:45:00+00:00,111068.09
2026-06-15T19:00:00+00:00,111068.09
2026-06-15T19:10:00+00:00,111068.09
2026-06-16T14:00:00+00:00,111323.89
2026-06-16T14:15:00+00:00,111201.95
2026-06-16T14:30:00+00:00,111262.15
2026-06-16T14:45:00+00:00,111251.55
2026-06-16T15:00:00+00:00,111264.95
2026-06-16T15:15:00+00:00,111249.15
2026-06-16T15:30:00+00:00,111323.47
2026-06-16T15:45:00+00:00,111269.82
2026-06-16T16:00:00+00:00,111257.42
2026-06-16T16:15:00+00:00,111250.02
2026-06-16T16:30:00+00:00,111252.62
2026-06-16T16:45:00+00:00,111261.82
2026-06-16T17:00:00+00:00,111264.02
2026-06-16T17:15:00+00:00,111266.82
2026-06-16T17:30:00+00:00,111267.92
2026-06-16T17:45:00+00:00,111277.83
2026-06-16T18:00:00+00:00,111065.07
2026-06-16T18:15:00+00:00,111070.46
2026-06-16T18:30:00+00:00,111070.46
2026-06-16T18:45:00+00:00,111074.87
2026-06-16T19:00:00+00:00,111087.07
2026-06-16T19:10:00+00:00,111093.07
2026-06-17T14:00:00+00:00,110644.26
2026-06-17T14:15:00+00:00,110621.07
2026-06-17T14:30:00+00:00,110597.29
2026-06-17T14:45:00+00:00,110604.79
2026-06-17T15:00:00+00:00,110653.15
2026-06-17T15:15:00+00:00,110645.71
2026-06-17T15:30:00+00:00,110628.91
2026-06-17T15:45:00+00:00,110625.11
2026-06-17T16:00:00+00:00,110613.31
2026-06-17T16:15:00+00:00,110617.71
2026-06-17T16:30:00+00:00,110612.51
2026-06-17T16:45:00+00:00,110624.31
2026-06-17T17:00:00+00:00,110623.91
2026-06-17T17:15:00+00:00,110630.71
2026-06-17T17:30:00+00:00,110626.71
2026-06-17T17:45:00+00:00,110631.71
2026-06-17T18:00:00+00:00,110659.61
2026-06-17T18:15:00+00:00,111209.65
2026-06-17T18:30:00+00:00,111216.35
2026-06-17T18:45:00+00:00,111103.16
2026-06-17T19:00:00+00:00,111138.16
2026-06-17T19:10:00+00:00,111172.26
2026-06-18T14:00:00+00:00,111051.04
2026-06-18T14:15:00+00:00,111051.04
2026-06-18T14:30:00+00:00,111045.54
2026-06-18T14:45:00+00:00,110850.21
2026-06-18T15:00:00+00:00,110850.21
2026-06-18T15:15:00+00:00,110845.71
2026-06-18T15:30:00+00:00,110807.64
2026-06-18T15:45:00+00:00,110807.64
2026-06-18T16:00:00+00:00,110807.64
2026-06-18T16:15:00+00:00,110807.64
2026-06-18T16:30:00+00:00,110807.64
2026-06-18T16:45:00+00:00,110807.64
2026-06-18T17:00:00+00:00,110807.64
2026-06-18T17:15:00+00:00,110807.64
2026-06-18T17:30:00+00:00,110802.14
2026-06-18T17:45:00+00:00,110974.42
2026-06-18T18:00:00+00:00,110974.42
2026-06-18T18:15:00+00:00,110974.42
2026-06-18T18:30:00+00:00,110974.42
2026-06-18T18:45:00+00:00,110974.42
2026-06-18T19:00:00+00:00,110938.42
2026-06-18T19:10:00+00:00,111191.32
2026-06-22T14:00:00+00:00,111563.95
2026-06-22T14:15:00+00:00,111563.95
2026-06-22T14:30:00+00:00,111563.95
2026-06-22T14:45:00+00:00,111563.95
2026-06-22T15:00:00+00:00,111563.95
2026-06-22T15:15:00+00:00,111563.95
2026-06-22T15:30:00+00:00,111563.95
2026-06-22T15:45:00+00:00,111563.95
2026-06-22T16:00:00+00:00,111563.95
2026-06-22T16:15:00+00:00,111523.95
2026-06-22T16:30:00+00:00,111523.95
2026-06-22T16:45:00+00:00,111523.95
2026-06-22T17:00:00+00:00,111523.95
2026-06-22T17:15:00+00:00,111523.95
2026-06-22T17:30:00+00:00,111523.95
2026-06-22T17:45:00+00:00,111523.95
2026-06-22T18:00:00+00:00,111523.95
2026-06-22T18:15:00+00:00,111523.95
2026-06-22T18:30:00+00:00,111523.95
2026-06-22T18:45:00+00:00,111523.95
2026-06-22T19:00:00+00:00,111523.95
2026-06-22T19:10:00+00:00,111523.95
2026-06-23T14:00:00+00:00,111426.95
2026-06-23T14:15:00+00:00,111392.61
2026-06-23T14:30:00+00:00,111342.1
2026-06-23T14:45:00+00:00,111339.6
2026-06-23T15:00:00+00:00,111318.38
2026-06-23T15:15:00+00:00,111318.38
2026-06-23T15:30:00+00:00,111318.38
2026-06-23T15:45:00+00:00,111318.38
2026-06-23T16:00:00+00:00,111318.38
2026-06-23T16:15:00+00:00,111318.38
2026-06-23T16:30:00+00:00,111318.38
2026-06-23T16:45:00+00:00,111318.38
2026-06-23T17:00:00+00:00,111318.38
2026-06-23T17:15:00+00:00,111318.38
2026-06-23T17:30:00+00:00,111318.38
2026-06-23T17:45:00+00:00,111318.38
2026-06-23T18:00:00+00:00,111315.88
2026-06-23T18:15:00+00:00,111335.03
2026-06-23T18:30:00+00:00,111333.43
2026-06-23T18:45:00+00:00,111295.43
2026-06-23T19:00:00+00:00,111295.43
2026-06-23T19:10:00+00:00,111295.43
2026-06-24T14:00:00+00:00,111721.43
2026-06-24T14:15:00+00:00,111721.43
2026-06-24T14:30:00+00:00,111721.43
2026-06-24T14:45:00+00:00,111721.43
2026-06-24T15:00:00+00:00,111721.43
2026-06-24T15:15:00+00:00,111721.43
2026-06-24T15:30:00+00:00,111721.43
2026-06-24T15:45:00+00:00,111721.43
2026-06-24T16:00:00+00:00,111721.43
2026-06-24T16:15:00+00:00,111721.43
2026-06-24T16:30:00+00:00,111721.43
2026-06-24T16:45:00+00:00,111721.43
2026-06-24T17:00:00+00:00,111663.92
2026-06-24T17:15:00+00:00,111663.92
2026-06-24T17:30:00+00:00,111663.92
2026-06-24T17:45:00+00:00,111663.92
2026-06-24T18:00:00+00:00,111663.92
2026-06-24T18:15:00+00:00,111663.92
2026-06-24T18:30:00+00:00,111663.92
2026-06-24T18:45:00+00:00,111663.92
2026-06-24T19:00:00+00:00,111663.92
2026-06-24T19:10:00+00:00,111663.92
2026-06-25T14:00:00+00:00,111614.92
2026-06-25T14:15:00+00:00,111600.92
2026-06-25T14:30:00+00:00,111569.8
2026-06-25T14:45:00+00:00,111537.32
2026-06-25T15:00:00+00:00,111537.32
2026-06-25T15:15:00+00:00,111537.32
2026-06-25T15:30:00+00:00,111537.32
2026-06-25T15:45:00+00:00,111537.32
2026-06-25T16:00:00+00:00,111537.32
2026-06-25T16:15:00+00:00,111537.32
2026-06-25T16:30:00+00:00,111537.32
2026-06-25T16:45:00+00:00,111537.32
2026-06-25T17:00:00+00:00,111537.32
2026-06-25T17:15:00+00:00,111537.32
2026-06-25T17:30:00+00:00,111537.32
2026-06-25T17:45:00+00:00,111529.82
2026-06-25T18:00:00+00:00,111540.92
2026-06-25T18:15:00+00:00,111654.68
2026-06-25T18:30:00+00:00,111654.68
2026-06-25T18:45:00+00:00,111654.68
2026-06-25T19:00:00+00:00,111654.68
2026-06-25T19:10:00+00:00,111654.68
2026-06-26T14:00:00+00:00,111794.12
2026-06-26T14:15:00+00:00,112316.91
2026-06-26T14:30:00+00:00,112271.81
2026-06-26T14:45:00+00:00,112262.76
2026-06-26T15:00:00+00:00,112259.14
2026-06-26T15:15:00+00:00,112243.47
2026-06-26T15:30:00+00:00,112252.3
2026-06-26T15:45:00+00:00,112248.95
2026-06-26T16:00:00+00:00,112255.61
2026-06-26T16:15:00+00:00,112245.88
2026-06-26T16:30:00+00:00,112251.76
2026-06-26T16:45:00+00:00,112247.14
2026-06-26T17:00:00+00:00,112247.6
2026-06-26T17:15:00+00:00,112263.1
2026-06-26T17:30:00+00:00,112255.8
2026-06-26T17:45:00+00:00,112276.55
2026-06-26T18:00:00+00:00,112242.08
2026-06-26T18:15:00+00:00,112245.59
2026-06-26T18:30:00+00:00,112237.58
2026-06-26T18:45:00+00:00,112237.65
2026-06-26T19:00:00+00:00,112227.02
2026-06-26T19:10:00+00:00,112229.22
2026-06-29T14:00:00+00:00,114027.28
2026-06-29T14:15:00+00:00,114027.28
2026-06-29T14:30:00+00:00,114020.28
2026-06-29T14:45:00+00:00,113998.91
2026-06-29T15:00:00+00:00,113991.91
2026-06-29T15:15:00+00:00,113899.99
2026-06-29T15:30:00+00:00,113899.99
2026-06-29T15:45:00+00:00,113899.99
2026-06-29T16:00:00+00:00,113899.99
2026-06-29T16:15:00+00:00,113899.99
2026-06-29T16:30:00+00:00,113899.99
2026-06-29T16:45:00+00:00,113899.99
2026-06-29T17:00:00+00:00,113899.99
2026-06-29T17:15:00+00:00,113899.99
2026-06-29T17:30:00+00:00,113899.99
2026-06-29T17:45:00+00:00,113899.99
2026-06-29T18:00:00+00:00,113899.99
2026-06-29T18:15:00+00:00,113899.99
2026-06-29T18:30:00+00:00,113899.99
2026-06-29T18:45:00+00:00,113899.99
2026-06-29T19:00:00+00:00,113899.99
2026-06-29T19:10:00+00:00,113899.99
2026-06-30T14:00:00+00:00,114408.99
2026-06-30T14:15:00+00:00,114926.39
2026-06-30T14:30:00+00:00,114909.45
2026-06-30T14:45:00+00:00,114918.85
2026-06-30T15:00:00+00:00,114923.45
2026-06-30T15:15:00+00:00,114921.25
2026-06-30T15:30:00+00:00,114925.85
2026-06-30T15:45:00+00:00,114924.65
2026-06-30T16:00:00+00:00,114925.85
2026-06-30T16:15:00+00:00,114922.85
2026-06-30T16:30:00+00:00,114923.25
2026-06-30T16:45:00+00:00,114924.25
2026-06-30T17:00:00+00:00,114927.05
2026-06-30T17:15:00+00:00,114925.85
2026-06-30T17:30:00+00:00,114919.25
2026-06-30T17:45:00+00:00,114901.37
2026-06-30T18:00:00+00:00,114873.08
2026-06-30T18:15:00+00:00,114875.88
2026-06-30T18:30:00+00:00,114879.28
2026-06-30T18:45:00+00:00,114879.48
2026-06-30T19:00:00+00:00,114878.88
2026-06-30T19:10:00+00:00,114880.68
2026-07-01T14:00:00+00:00,115117.42
2026-07-01T14:15:00+00:00,115126.22
2026-07-01T14:30:00+00:00,115134.02
2026-07-01T14:45:00+00:00,115135.02
2026-07-01T15:00:00+00:00,115134.32
2026-07-01T15:15:00+00:00,115141.22
2026-07-01T15:30:00+00:00,115135.02
2026-07-01T15:45:00+00:00,115135.62
2026-07-01T16:00:00+00:00,115131.82
2026-07-01T16:15:00+00:00,115136.62
2026-07-01T16:30:00+00:00,115137.32
2026-07-01T16:45:00+00:00,115143.72
2026-07-01T17:00:00+00:00,115151.32
2026-07-01T17:15:00+00:00,115152.42
2026-07-01T17:30:00+00:00,115155.62
2026-07-01T17:45:00+00:00,115158.52
2026-07-01T18:00:00+00:00,115150.12
2026-07-01T18:15:00+00:00,115143.15
2026-07-01T18:30:00+00:00,115139.98
2026-07-01T18:45:00+00:00,115137.58
2026-07-01T19:00:00+00:00,115138.78
2026-07-01T19:10:00+00:00,115151.18
2026-07-02T14:00:00+00:00,115014.93
2026-07-02T14:15:00+00:00,115014.93
2026-07-02T14:30:00+00:00,114982.39
2026-07-02T14:45:00+00:00,114982.39
2026-07-02T15:00:00+00:00,114982.39
2026-07-02T15:15:00+00:00,114982.39
2026-07-02T15:30:00+00:00,114982.39
2026-07-02T15:45:00+00:00,114982.39
2026-07-02T16:00:00+00:00,114982.39
2026-07-02T16:15:00+00:00,114982.39
2026-07-02T16:30:00+00:00,114982.39
2026-07-02T16:45:00+00:00,114982.39
2026-07-02T17:00:00+00:00,114982.39
2026-07-02T17:15:00+00:00,114982.39
2026-07-02T17:30:00+00:00,114982.39
2026-07-02T17:45:00+00:00,114976.39
2026-07-02T18:00:00+00:00,114954.1
2026-07-02T18:15:00+00:00,114954.1
2026-07-02T18:30:00+00:00,114954.1
2026-07-02T18:45:00+00:00,114954.1
2026-07-02T19:00:00+00:00,114954.1
2026-07-02T19:10:00+00:00,114954.1
2026-07-06T14:00:00+00:00,115501.52
2026-07-06T14:15:00+00:00,115553.12
2026-07-06T14:30:00+00:00,115554.64
2026-07-06T14:45:00+00:00,115552.8
2026-07-06T15:00:00+00:00,115544.38
2026-07-06T15:15:00+00:00,115707.4
2026-07-06T15:30:00+00:00,115868.99
2026-07-06T15:45:00+00:00,115866.11
2026-07-06T16:00:00+00:00,115871.63
2026-07-06T16:15:00+00:00,115870.83
2026-07-06T16:30:00+00:00,115868.11
2026-07-06T16:45:00+00:00,115869.63
2026-07-06T17:00:00+00:00,115871.39
2026-07-06T17:15:00+00:00,115860.35
2026-07-06T17:30:00+00:00,115864.67
2026-07-06T17:45:00+00:00,115869.47
2026-07-06T18:00:00+00:00,115864.99
2026-07-06T18:15:00+00:00,115994.51
2026-07-06T18:30:00+00:00,115982.01
2026-07-06T18:45:00+00:00,115959.02
2026-07-06T19:00:00+00:00,115955.98
2026-07-06T19:10:00+00:00,115959.82
2026-07-07T14:00:00+00:00,116384.18
2026-07-07T14:15:00+00:00,116529.19
2026-07-07T14:30:00+00:00,116530.71
2026-07-07T14:45:00+00:00,116530.71
2026-07-07T15:00:00+00:00,116532.79
2026-07-07T15:15:00+00:00,116524.43
2026-07-07T15:30:00+00:00,116397.45
2026-07-07T15:45:00+00:00,116442.52
2026-07-07T16:00:00+00:00,116446.12
2026-07-07T16:15:00+00:00,116447.64
2026-07-07T16:30:00+00:00,116449.88
2026-07-07T16:45:00+00:00,116450.68
2026-07-07T17:00:00+00:00,116452.2
2026-07-07T17:15:00+00:00,116452.52
2026-07-07T17:30:00+00:00,116453.96
2026-07-07T17:45:00+00:00,116456.2
2026-07-07T18:00:00+00:00,116457.4
2026-07-07T18:15:00+00:00,116453.04
2026-07-07T18:30:00+00:00,116281.86
2026-07-07T18:45:00+00:00,116089.7
2026-07-07T19:00:00+00:00,116080.66
2026-07-07T19:10:00+00:00,116074.98
2026-07-08T14:00:00+00:00,116424.69
2026-07-08T14:15:00+00:00,116443.03
2026-07-08T14:30:00+00:00,116419.27
2026-07-08T14:45:00+00:00,116602.76
2026-07-08T15:00:00+00:00,116573.43
2026-07-08T15:15:00+00:00,116576.09
2026-07-08T15:30:00+00:00,116575.04
2026-07-08T15:45:00+00:00,116589.32
2026-07-08T16:00:00+00:00,116583.09
2026-07-08T16:15:00+00:00,116586.24
2026-07-08T16:30:00+00:00,116589.25
2026-07-08T16:45:00+00:00,116589.6
2026-07-08T17:00:00+00:00,116580.64
2026-07-08T17:15:00+00:00,116592.26
2026-07-08T17:30:00+00:00,116575.04
2026-07-08T17:45:00+00:00,116567.57
2026-07-08T18:00:00+00:00,116749.3
2026-07-08T18:15:00+00:00,116751.37
2026-07-08T18:30:00+00:00,116580.03
2026-07-08T18:45:00+00:00,116576.53
2026-07-08T19:00:00+00:00,116571.77
2026-07-08T19:10:00+00:00,116560.5
2026-07-09T14:00:00+00:00,116504.07
2026-07-09T14:15:00+00:00,116638.09
2026-07-09T14:30:00+00:00,116194.17
2026-07-09T14:45:00+00:00,116183.5
2026-07-09T15:00:00+00:00,116177.34
2026-07-09T15:15:00+00:00,116149.25
2026-07-09T15:30:00+00:00,116268.85
2026-07-09T15:45:00+00:00,116271.9
2026-07-09T16:00:00+00:00,116213.57
2026-07-09T16:15:00+00:00,116232.96
2026-07-09T16:30:00+00:00,116244.44
2026-07-09T16:45:00+00:00,116233.23
2026-07-09T17:00:00+00:00,116242.45
2026-07-09T17:15:00+00:00,116250.12
2026-07-09T17:30:00+00:00,116235.68
2026-07-09T17:45:00+00:00,116240.94
2026-07-09T18:00:00+00:00,116137.82
2026-07-09T18:15:00+00:00,116219.56
2026-07-09T18:30:00+00:00,116210.83
2026-07-09T18:45:00+00:00,116195.43
2026-07-09T19:00:00+00:00,116217.43
2026-07-09T19:10:00+00:00,116231.3
2026-07-10T14:00:00+00:00,116313.63
2026-07-10T14:15:00+00:00,116134.29
2026-07-10T14:30:00+00:00,116132.71
2026-07-10T14:45:00+00:00,115215.0
2026-07-10T15:00:00+00:00,115202.96
2026-07-10T15:15:00+00:00,115194.77
2026-07-10T15:30:00+00:00,115167.87
2026-07-10T15:45:00+00:00,115167.87
2026-07-10T16:00:00+00:00,115167.87
2026-07-10T16:15:00+00:00,115167.87
2026-07-10T16:30:00+00:00,115167.87
2026-07-10T16:45:00+00:00,115167.87
2026-07-10T17:00:00+00:00,115167.87
2026-07-10T17:15:00+00:00,115167.87
2026-07-10T17:30:00+00:00,115155.37
2026-07-10T17:45:00+00:00,115438.25
2026-07-10T18:00:00+00:00,115438.25
2026-07-10T18:15:00+00:00,115438.25
2026-07-10T18:30:00+00:00,115438.25
2026-07-10T18:45:00+00:00,115438.25
2026-07-10T19:00:00+00:00,115438.25
2026-07-10T19:10:00+00:00,115438.25
2026-07-13T14:00:00+00:00,115428.86
2026-07-13T14:15:00+00:00,115570.62
2026-07-13T14:30:00+00:00,115852.65
2026-07-13T14:45:00+00:00,115857.44
2026-07-13T15:00:00+00:00,115672.94
2026-07-13T15:15:00+00:00,115689.06
2026-07-13T15:30:00+00:00,115692.31
2026-07-13T15:45:00+00:00,115695.17
2026-07-13T16:00:00+00:00,115700.5
2026-07-13T16:15:00+00:00,115704.4
2026-07-13T16:30:00+00:00,115705.96
2026-07-13T16:45:00+00:00,115713.24
2026-07-13T17:00:00+00:00,115714.15
2026-07-13T17:15:00+00:00,115719.74
2026-07-13T17:30:00+00:00,115721.56
2026-07-13T17:45:00+00:00,115716.61
2026-07-13T18:00:00+00:00,115986.75
2026-07-13T18:15:00+00:00,115984.02
2026-07-13T18:30:00+00:00,115976.87
2026-07-13T18:45:00+00:00,115984.54
2026-07-13T19:00:00+00:00,115989.48
2026-07-13T19:10:00+00:00,115984.93
2026-07-14T14:00:00+00:00,116398.78
2026-07-14T14:15:00+00:00,116547.38
2026-07-14T14:30:00+00:00,116547.38
2026-07-14T14:45:00+00:00,116547.38
2026-07-14T15:00:00+00:00,116547.38
2026-07-14T15:15:00+00:00,116541.38
2026-07-14T15:30:00+00:00,116690.33
2026-07-14T15:45:00+00:00,116690.33
2026-07-14T16:00:00+00:00,116690.33
2026-07-14T16:15:00+00:00,116690.33
2026-07-14T16:30:00+00:00,116690.33
2026-07-14T16:45:00+00:00,116690.33
2026-07-14T17:00:00+00:00,116690.33
2026-07-14T17:15:00+00:00,116690.33
2026-07-14T17:30:00+00:00,116684.33
2026-07-14T17:45:00+00:00,116768.93
2026-07-14T18:00:00+00:00,116713.28
2026-07-14T18:15:00+00:00,116713.28
2026-07-14T18:30:00+00:00,116713.28
2026-07-14T18:45:00+00:00,116713.28
2026-07-14T19:00:00+00:00,116713.28
2026-07-14T19:10:00+00:00,116713.28
2026-07-15T14:00:00+00:00,116949.78
2026-07-15T14:15:00+00:00,116883.92
2026-07-15T14:30:00+00:00,116883.92
2026-07-15T14:45:00+00:00,116883.92
2026-07-15T15:00:00+00:00,116883.92
2026-07-15T15:15:00+00:00,116883.92
2026-07-15T15:30:00+00:00,116883.92
2026-07-15T15:45:00+00:00,116863.92
2026-07-15T16:00:00+00:00,116654.92
2026-07-15T16:15:00+00:00,116681.82
2026-07-15T16:30:00+00:00,116684.02
2026-07-15T16:45:00+00:00,116690.62
2026-07-15T17:00:00+00:00,116682.82
2026-07-15T17:15:00+00:00,116667.42
2026-07-15T17:30:00+00:00,116636.12
2026-07-15T17:45:00+00:00,116577.8
2026-07-15T18:00:00+00:00,116592.21
2026-07-15T18:15:00+00:00,116576.85
2026-07-15T18:30:00+00:00,116662.41
2026-07-15T18:45:00+00:00,116875.27
2026-07-15T19:00:00+00:00,116900.07
2026-07-15T19:10:00+00:00,116886.57
2026-07-16T14:00:00+00:00,116608.19
2026-07-16T14:15:00+00:00,116747.14
2026-07-16T14:30:00+00:00,116749.36
2026-07-16T14:45:00+00:00,116753.19
2026-07-16T15:00:00+00:00,116753.74
2026-07-16T15:15:00+00:00,116743.0
2026-07-16T15:30:00+00:00,116743.25
2026-07-16T15:45:00+00:00,116738.25
2026-07-16T16:00:00+00:00,116745.77
2026-07-16T16:15:00+00:00,116734.34
2026-07-16T16:30:00+00:00,116830.2
2026-07-16T16:45:00+00:00,116837.27
2026-07-16T17:00:00+00:00,116836.36
2026-07-16T17:15:00+00:00,116827.02
2026-07-16T17:30:00+00:00,116828.19
2026-07-16T17:45:00+00:00,116972.99
2026-07-16T18:00:00+00:00,116973.83
2026-07-16T18:15:00+00:00,116975.43
2026-07-16T18:30:00+00:00,116704.95
2026-07-16T18:45:00+00:00,116711.59
2026-07-16T19:00:00+00:00,116712.51
2026-07-16T19:10:00+00:00,116725.73
2026-07-17T14:00:00+00:00,116446.84
2026-07-17T14:15:00+00:00,116441.33
2026-07-17T14:30:00+00:00,116436.02
2026-07-17T14:45:00+00:00,116419.73
2026-07-17T15:00:00+00:00,116647.69
2026-07-17T15:15:00+00:00,116647.27
2026-07-17T15:30:00+00:00,116670.84
2026-07-17T15:45:00+00:00,116669.91
2026-07-17T16:00:00+00:00,116672.59
2026-07-17T16:15:00+00:00,116675.82
2026-07-17T16:30:00+00:00,116675.83
2026-07-17T16:45:00+00:00,116671.06
2026-07-17T17:00:00+00:00,116666.01
2026-07-17T17:15:00+00:00,116671.98
2026-07-17T17:30:00+00:00,116672.99
2026-07-17T17:45:00+00:00,116656.04
2026-07-17T18:00:00+00:00,116300.31
2026-07-17T18:15:00+00:00,116306.04
2026-07-17T18:30:00+00:00,116315.3
2026-07-17T18:45:00+00:00,116307.06
2026-07-17T19:00:00+00:00,116313.33
2026-07-17T19:10:00+00:00,116305.43
2026-07-20T14:00:00+00:00,115918.05
2026-07-20T14:15:00+00:00,116024.9
2026-07-20T14:30:00+00:00,116032.8
2026-07-20T14:45:00+00:00,116018.0
2026-07-20T15:00:00+00:00,115938.52
2026-07-20T15:15:00+00:00,115903.68
2026-07-20T15:30:00+00:00,115843.2
2026-07-20T15:45:00+00:00,115868.68
2026-07-20T16:00:00+00:00,115868.68
2026-07-20T16:15:00+00:00,115868.68
2026-07-20T16:30:00+00:00,115868.68
2026-07-20T16:45:00+00:00,115868.68
2026-07-20T17:00:00+00:00,115868.68
2026-07-20T17:15:00+00:00,115868.68
2026-07-20T17:30:00+00:00,115861.18
2026-07-20T17:45:00+00:00,115831.6
2026-07-20T18:00:00+00:00,115669.14
2026-07-20T18:15:00+00:00,115649.52
2026-07-20T18:30:00+00:00,115649.52
2026-07-20T18:45:00+00:00,115649.52
2026-07-20T19:00:00+00:00,115649.52
2026-07-20T19:10:00+00:00,115649.52
2026-07-21T14:00:00+00:00,115617.52
2026-07-21T14:15:00+00:00,115585.46
2026-07-21T14:30:00+00:00,115705.13
2026-07-21T14:45:00+00:00,115728.07
2026-07-21T15:00:00+00:00,115728.89
2026-07-21T15:15:00+00:00,115700.43
2026-07-21T15:30:00+00:00,115681.19
2026-07-21T15:45:00+00:00,115681.11
2026-07-21T16:00:00+00:00,115677.13
2026-07-21T16:15:00+00:00,115661.59
2026-07-21T16:30:00+00:00,115639.51
2026-07-21T16:45:00+00:00,115636.93
2026-07-21T17:00:00+00:00,115631.89
2026-07-21T17:15:00+00:00,115651.99
2026-07-21T17:30:00+00:00,115661.73
2026-07-21T17:45:00+00:00,115664.03
2026-07-21T18:00:00+00:00,115676.99
2026-07-21T18:15:00+00:00,115694.85
2026-07-21T18:30:00+00:00,115687.93
2026-07-21T18:45:00+00:00,115690.15
2026-07-21T19:00:00+00:00,115695.67
2026-07-21T19:10:00+00:00,115697.63
2026-07-22T14:00:00+00:00,115755.87
2026-07-22T14:15:00+00:00,115671.07
2026-07-22T14:30:00+00:00,115808.64
2026-07-22T14:45:00+00:00,115772.1
2026-07-22T15:00:00+00:00,115774.74
2026-07-22T15:15:00+00:00,115780.86
2026-07-22T15:30:00+00:00,115778.58
2026-07-22T15:45:00+00:00,115776.18
2026-07-22T16:00:00+00:00,115770.9
2026-07-22T16:15:00+00:00,115776.42
2026-07-22T16:30:00+00:00,115781.1
2026-07-22T16:45:00+00:00,115778.34
2026-07-22T17:00:00+00:00,115771.5
2026-07-22T17:15:00+00:00,115780.98
2026-07-22T17:30:00+00:00,115776.06
2026-07-22T17:45:00+00:00,115776.12
2026-07-22T18:00:00+00:00,115750.8
2026-07-22T18:15:00+00:00,115922.02
2026-07-22T18:30:00+00:00,115923.94
2026-07-22T18:45:00+00:00,115922.86
2026-07-22T19:00:00+00:00,115924.54
2026-07-22T19:10:00+00:00,115932.34
2026-07-23T14:00:00+00:00,116224.55
2026-07-23T14:15:00+00:00,116230.31
2026-07-23T14:30:00+00:00,116221.41
2026-07-23T14:45:00+00:00,116110.37
2026-07-23T15:00:00+00:00,116252.42
2026-07-23T15:15:00+00:00,116242.67
2026-07-23T15:30:00+00:00,116219.57
2026-07-23T15:45:00+00:00,116241.62
2026-07-23T16:00:00+00:00,116249.27
2026-07-23T16:15:00+00:00,116263.07
2026-07-23T16:30:00+00:00,116272.97
2026-07-23T16:45:00+00:00,116268.92
2026-07-23T17:00:00+00:00,116269.52
2026-07-23T17:15:00+00:00,116268.02
2026-07-23T17:30:00+00:00,116269.37
2026-07-23T17:45:00+00:00,116263.67
2026-07-23T18:00:00+00:00,116257.52
2026-07-23T18:15:00+00:00,116239.67
2026-07-23T18:30:00+00:00,115970.15
2026-07-23T18:45:00+00:00,115968.5
2026-07-23T19:00:00+00:00,115965.95
2026-07-23T19:10:00+00:00,115962.2
2026-07-24T14:00:00+00:00,115875.42
2026-07-24T14:15:00+00:00,115997.34
2026-07-24T14:30:00+00:00,115997.34
2026-07-24T14:45:00+00:00,115997.34
2026-07-24T15:00:00+00:00,115997.34
2026-07-24T15:15:00+00:00,115997.34
2026-07-24T15:30:00+00:00,115997.34
2026-07-24T15:45:00+00:00,115997.34
2026-07-24T16:00:00+00:00,115997.34
2026-07-24T16:15:00+00:00,115997.34
2026-07-24T16:30:00+00:00,115997.34
2026-07-24T16:45:00+00:00,115997.34
2026-07-24T17:00:00+00:00,115997.34
2026-07-24T17:15:00+00:00,115997.34
2026-07-24T17:30:00+00:00,115989.34
2026-07-24T17:45:00+00:00,115953.34
2026-07-24T18:00:00+00:00,115926.37
2026-07-24T18:15:00+00:00,115926.37
2026-07-24T18:30:00+00:00,115926.37
2026-07-24T18:45:00+00:00,115926.37
2026-07-24T19:00:00+00:00,115926.37
2026-07-24T19:10:00+00:00,115926.37
2026-07-27T14:00:00+00:00,116357.37
2026-07-27T14:15:00+00:00,116412.76
2026-07-27T14:30:00+00:00,116412.76
2026-07-27T14:45:00+00:00,116412.76
2026-07-27T15:00:00+00:00,116412.76
2026-07-27T15:15:00+00:00,116406.26
2026-07-27T15:30:00+00:00,116501.81
2026-07-27T15:45:00+00:00,116532.14
2026-07-27T16:00:00+00:00,116532.14
2026-07-27T16:15:00+00:00,116532.14
2026-07-27T16:30:00+00:00,116532.14
2026-07-27T16:45:00+00:00,116532.14
2026-07-27T17:00:00+00:00,116532.14
2026-07-27T17:15:00+00:00,116532.14
2026-07-27T17:30:00+00:00,116532.14
2026-07-27T17:45:00+00:00,116527.14
2026-07-27T18:00:00+00:00,116519.13
2026-07-27T18:15:00+00:00,116636.17
2026-07-27T18:30:00+00:00,116621.67
2026-07-27T18:45:00+00:00,116773.72
2026-07-27T19:00:00+00:00,116735.23
2026-07-27T19:10:00+00:00,116735.23
2026-07-28T14:00:00+00:00,115969.39
2026-07-28T14:15:00+00:00,115963.01
2026-07-28T14:30:00+00:00,115963.13
2026-07-28T14:45:00+00:00,115955.31
2026-07-28T15:00:00+00:00,115755.45
2026-07-28T15:15:00+00:00,115753.23
2026-07-28T15:30:00+00:00,115748.25
2026-07-28T15:45:00+00:00,115702.73
2026-07-28T16:00:00+00:00,115701.89
2026-07-28T16:15:00+00:00,115703.57
2026-07-28T16:30:00+00:00,115706.03
2026-07-28T16:45:00+00:00,115705.01
2026-07-28T17:00:00+00:00,115703.45
2026-07-28T17:15:00+00:00,115711.31
2026-07-28T17:30:00+00:00,115710.03
2026-07-28T17:45:00+00:00,115604.35
2026-07-28T18:00:00+00:00,115647.42
2026-07-28T18:15:00+00:00,115649.58
2026-07-28T18:30:00+00:00,115650.84
2026-07-28T18:45:00+00:00,115650.42
2026-07-28T19:00:00+00:00,115650.84
2026-07-28T19:10:00+00:00,115648.74
2026-07-29T14:00:00+00:00,115557.3
2026-07-29T14:15:00+00:00,115474.6
2026-07-29T14:30:00+00:00,115465.74
2026-07-29T14:45:00+00:00,115444.85
2026-07-29T15:00:00+00:00,115445.21
2026-07-29T15:15:00+00:00,115447.61
2026-07-29T15:30:00+00:00,115448.45
2026-07-29T15:45:00+00:00,115448.99
2026-07-29T16:00:00+00:00,115450.43
2026-07-29T16:15:00+00:00,115430.28
2026-07-29T16:30:00+00:00,115435.14
2026-07-29T16:45:00+00:00,115434.84
2026-07-29T17:00:00+00:00,115437.72
2026-07-29T17:15:00+00:00,115438.38
2026-07-29T17:30:00+00:00,115429.52
2026-07-29T17:45:00+00:00,115356.48
2026-07-29T18:00:00+00:00,115186.96
2026-07-29T18:15:00+00:00,115143.95
2026-07-29T18:30:00+00:00,115147.91
2026-07-29T18:45:00+00:00,115124.15
2026-07-29T19:00:00+00:00,115111.31
2026-07-29T19:10:00+00:00,115139.87
2026-07-30T14:00:00+00:00,115176.06
2026-07-30T14:15:00+00:00,115201.83
2026-07-30T14:30:00+00:00,115202.88
2026-07-30T14:45:00+00:00,115203.86
2026-07-30T15:00:00+00:00,115202.67
2026-07-30T15:15:00+00:00,115203.44
2026-07-30T15:30:00+00:00,115205.47
2026-07-30T15:45:00+00:00,115207.71
2026-07-30T16:00:00+00:00,115208.48
2026-07-30T16:15:00+00:00,115207.08
2026-07-30T16:30:00+00:00,115207.15
2026-07-30T16:45:00+00:00,115209.74
2026-07-30T17:00:00+00:00,115207.15
2026-07-30T17:15:00+00:00,115211.7
2026-07-30T17:30:00+00:00,115213.03
2026-07-30T17:45:00+00:00,115207.92
2026-07-30T18:00:00+00:00,115209.88
2026-07-30T18:15:00+00:00,115212.12
2026-07-30T18:30:00+00:00,115211.42
2026-07-30T18:45:00+00:00,115212.89
2026-07-30T19:00:00+00:00,115209.53
2026-07-30T19:10:00+00:00,115204.91
2026-07-31T14:00:00+00:00,115755.7
2026-07-31T14:15:00+00:00,115728.82
2026-07-31T14:30:00+00:00,115778.52
2026-07-31T14:45:00+00:00,115794.06
2026-07-31T15:00:00+00:00,115804.77
2026-07-31T15:15:00+00:00,115807.99
2026-07-31T15:30:00+00:00,115791.19
2026-07-31T15:45:00+00:00,115802.11
2026-07-31T16:00:00+00:00,115807.43
2026-07-31T16:15:00+00:00,115801.76
2026-07-31T16:30:00+00:00,115807.99
2026-07-31T16:45:00+00:00,115805.82
2026-07-31T17:00:00+00:00,115811.28
2026-07-31T17:15:00+00:00,115815.9
2026-07-31T17:30:00+00:00,115821.64
2026-07-31T17:45:00+00:00,115821.85
2026-07-31T18:00:00+00:00,115823.18
2026-07-31T18:15:00+00:00,115823.81
2026-07-31T18:30:00+00:00,115825.91
2026-07-31T18:45:00+00:00,115826.19
2026-07-31T19:00:00+00:00,115827.94
2026-07-31T19:10:00+00:00,115828.64
2026-08-03T14:00:00+00:00,115533.96
2026-08-03T14:15:00+00:00,115520.19
2026-08-03T14:30:00+00:00,115522.57
2026-08-03T14:45:00+00:00,115520.89
2026-08-03T15:00:00+00:00,115525.23
2026-08-03T15:15:00+00:00,115523.2
2026-08-03T15:30:00+00:00,115525.86
2026-08-03T15:45:00+00:00,115498.27
2026-08-03T16:00:00+00:00,115446.89
2026-08-03T16:15:00+00:00,115448.15
2026-08-03T16:30:00+00:00,115449.27
2026-08-03T16:45:00+00:00,115450.46
2026-08-03T17:00:00+00:00,115451.51
2026-08-03T17:15:00+00:00,115452.49
2026-08-03T17:30:00+00:00,115453.61
2026-08-03T17:45:00+00:00,115454.17
2026-08-03T18:00:00+00:00,115455.22
2026-08-03T18:15:00+00:00,115453.47
2026-08-03T18:30:00+00:00,115454.94
2026-08-03T18:45:00+00:00,115455.92
2026-08-03T19:00:00+00:00,115456.62
2026-08-03T19:10:00+00:00,115457.18
2026-08-04T14:00:00+00:00,114131.08
2026-08-04T14:15:00+00:00,114310.8
2026-08-04T14:30:00+00:00,114321.16
2026-08-04T14:45:00+00:00,114308.49
2026-08-04T15:00:00+00:00,114311.71
2026-08-04T15:15:00+00:00,114313.88
2026-08-04T15:30:00+00:00,114313.32
2026-08-04T15:45:00+00:00,114294.28
2026-08-04T16:00:00+00:00,114296.59
2026-08-04T16:15:00+00:00,114300.16
2026-08-04T16:30:00+00:00,114288.54
2026-08-04T16:45:00+00:00,114294.63
2026-08-04T17:00:00+00:00,114290.57
2026-08-04T17:15:00+00:00,114284.34
2026-08-04T17:30:00+00:00,114288.05
2026-08-04T17:45:00+00:00,114278.11
2026-08-04T18:00:00+00:00,114292.04
2026-08-04T18:15:00+00:00,114280.84
2026-08-04T18:30:00+00:00,114277.69
2026-08-04T18:45:00+00:00,114280.14
2026-08-04T19:00:00+00:00,114267.96
2026-08-04T19:10:00+00:00,114261.24
2026-08-05T14:00:00+00:00,114249.35
2026-08-05T14:15:00+00:00,114247.81
2026-08-05T14:30:00+00:00,114293.38
2026-08-05T14:45:00+00:00,114294.22
2026-08-05T15:00:00+00:00,114244.98
2026-08-05T15:15:00+00:00,114370.97
2026-08-05T15:30:00+00:00,114399.04
2026-08-05T15:45:00+00:00,114395.68
2026-08-05T16:00:00+00:00,114414.51
2026-08-05T16:15:00+00:00,114413.39
2026-08-05T16:30:00+00:00,114397.64
2026-08-05T16:45:00+00:00,114402.89
2026-08-05T17:00:00+00:00,114399.53
2026-08-05T17:15:00+00:00,114406.88
2026-08-05T17:30:00+00:00,114403.66
2026-08-05T17:45:00+00:00,114377.23
2026-08-05T18:00:00+00:00,114317.03
2026-08-05T18:15:00+00:00,114326.82
2026-08-05T18:30:00+00:00,114324.37
2026-08-05T18:45:00+00:00,114333.26
2026-08-05T19:00:00+00:00,114344.18
2026-08-05T19:10:00+00:00,114339.35
2026-08-06T14:00:00+00:00,114707.02
2026-08-06T14:15:00+00:00,114690.64
2026-08-06T14:30:00+00:00,114673.7
2026-08-06T14:45:00+00:00,114668.52
2026-08-06T15:00:00+00:00,114690.5
2026-08-06T15:15:00+00:00,114716.05
2026-08-06T15:30:00+00:00,114748.32
2026-08-06T15:45:00+00:00,114753.22
2026-08-06T16:00:00+00:00,114761.16
2026-08-06T16:15:00+00:00,114787.2
2026-08-06T16:30:00+00:00,114769.14
2026-08-06T16:45:00+00:00,114783.7
2026-08-06T17:00:00+00:00,114759.2
2026-08-06T17:15:00+00:00,114778.94
2026-08-06T17:30:00+00:00,114772.52
2026-08-06T17:45:00+00:00,114688.53
2026-08-06T18:00:00+00:00,114722.84
2026-08-06T18:15:00+00:00,114719.27
2026-08-06T18:30:00+00:00,114715.63
2026-08-06T18:45:00+00:00,114725.85
2026-08-06T19:00:00+00:00,114716.54
2026-08-06T19:10:00+00:00,114705.13
2026-08-07T14:00:00+00:00,114812.28
2026-08-07T14:15:00+00:00,114826.12
2026-08-07T14:30:00+00:00,114813.32
2026-08-07T14:45:00+00:00,114820.76
2026-08-07T15:00:00+00:00,114828.12
2026-08-07T15:15:00+00:00,114829.72
2026-08-07T15:30:00+00:00,114831.32
2026-08-07T15:45:00+00:00,114842.44
2026-08-07T16:00:00+00:00,114851.64
2026-08-07T16:15:00+00:00,114838.44
2026-08-07T16:30:00+00:00,114867.4
2026-08-07T16:45:00+00:00,114847.96
2026-08-07T17:00:00+00:00,114860.92
2026-08-07T17:15:00+00:00,114856.52
2026-08-07T17:30:00+00:00,114854.28
2026-08-07T17:45:00+00:00,114851.08
2026-08-07T18:00:00+00:00,114856.76
2026-08-07T18:15:00+00:00,114866.76
2026-08-07T18:30:00+00:00,114873.56
2026-08-07T18:45:00+00:00,114872.36
2026-08-07T19:00:00+00:00,114859.32
2026-08-07T19:10:00+00:00,114834.92
2026-08-10T14:00:00+00:00,113952.7
2026-08-10T14:15:00+00:00,114034.18
2026-08-10T14:30:00+00:00,113907.15
2026-08-10T14:45:00+00:00,113911.61
2026-08-10T15:00:00+00:00,113701.17
2026-08-10T15:15:00+00:00,113732.59
2026-08-10T15:30:00+00:00,113743.09
2026-08-10T15:45:00+00:00,113754.53
2026-08-10T16:00:00+00:00,113748.45
2026-08-10T16:15:00+00:00,113754.77
2026-08-10T16:30:00+00:00,113753.09
2026-08-10T16:45:00+00:00,113771.97
2026-08-10T17:00:00+00:00,113771.25
2026-08-10T17:15:00+00:00,113777.09
2026-08-10T17:30:00+00:00,113781.25
2026-08-10T17:45:00+00:00,113781.01
2026-08-10T18:00:00+00:00,113726.69
2026-08-10T18:15:00+00:00,113704.08
2026-08-10T18:30:00+00:00,113702.8
2026-08-10T18:45:00+00:00,113542.02
2026-08-10T19:00:00+00:00,113515.69
2026-08-10T19:10:00+00:00,113518.73
2026-08-11T14:00:00+00:00,113749.12
2026-08-11T14:15:00+00:00,113741.62
2026-08-11T14:30:00+00:00,113527.78
2026-08-11T14:45:00+00:00,113522.28
2026-08-11T15:00:00+00:00,113432.77
2026-08-11T15:15:00+00:00,113432.77
2026-08-11T15:30:00+00:00,113432.77
2026-08-11T15:45:00+00:00,113432.77
2026-08-11T16:00:00+00:00,113432.77
2026-08-11T16:15:00+00:00,113432.77
2026-08-11T16:30:00+00:00,113432.77
2026-08-11T16:45:00+00:00,113432.77
2026-08-11T17:00:00+00:00,113432.77
2026-08-11T17:15:00+00:00,113432.77
2026-08-11T17:30:00+00:00,113432.77
2026-08-11T17:45:00+00:00,113432.77
2026-08-11T18:00:00+00:00,113426.27
2026-08-11T18:15:00+00:00,113497.9
2026-08-11T18:30:00+00:00,113447.63
2026-08-11T18:45:00+00:00,113447.63
2026-08-11T19:00:00+00:00,113447.63
2026-08-11T19:10:00+00:00,113447.63
2026-08-12T14:00:00+00:00,113532.63
2026-08-12T14:15:00+00:00,113522.67
2026-08-12T14:30:00+00:00,113365.57
2026-08-12T14:45:00+00:00,113520.8
2026-08-12T15:00:00+00:00,113519.13
2026-08-12T15:15:00+00:00,113518.97
2026-08-12T15:30:00+00:00,113511.68
2026-08-12T15:45:00+00:00,113502.9
2026-08-12T16:00:00+00:00,113500.75
2026-08-12T16:15:00+00:00,113501.4
2026-08-12T16:30:00+00:00,113510.52
2026-08-12T16:45:00+00:00,113512.58
2026-08-12T17:00:00+00:00,113521.51
2026-08-12T17:15:00+00:00,113527.87
2026-08-12T17:30:00+00:00,113529.11
2026-08-12T17:45:00+00:00,113462.04
2026-08-12T18:00:00+00:00,113501.3
2026-08-12T18:15:00+00:00,113494.02
2026-08-12T18:30:00+00:00,113493.22
2026-08-12T18:45:00+00:00,113491.44
2026-08-12T19:00:00+00:00,113494.88
2026-08-12T19:10:00+00:00,113497.12
2026-08-13T14:00:00+00:00,113484.82
2026-08-13T14:15:00+00:00,113501.9
2026-08-13T14:30:00+00:00,113489.21
2026-08-13T14:45:00+00:00,113504.18
2026-08-13T15:00:00+00:00,113498.2
2026-08-13T15:15:00+00:00,113246.98
2026-08-13T15:30:00+00:00,113260.44
2026-08-13T15:45:00+00:00,113261.83
2026-08-13T16:00:00+00:00,113264.85
2026-08-13T16:15:00+00:00,113282.48
2026-08-13T16:30:00+00:00,113283.24
2026-08-13T16:45:00+00:00,113283.3
2026-08-13T17:00:00+00:00,113278.01
2026-08-13T17:15:00+00:00,113291.14
2026-08-13T17:30:00+00:00,113300.07
2026-08-13T17:45:00+00:00,113307.31
2026-08-13T18:00:00+00:00,113294.82
2026-08-13T18:15:00+00:00,113090.28
2026-08-13T18:30:00+00:00,113097.54
2026-08-13T18:45:00+00:00,113105.73
2026-08-13T19:00:00+00:00,113105.73
2026-08-13T19:10:00+00:00,113102.72
2026-08-14T14:00:00+00:00,113661.76
2026-08-14T14:15:00+00:00,113545.98
2026-08-14T14:30:00+00:00,113541.79
2026-08-14T14:45:00+00:00,113695.6
2026-08-14T15:00:00+00:00,113696.86
2026-08-14T15:15:00+00:00,113690.27
2026-08-14T15:30:00+00:00,113741.14
2026-08-14T15:45:00+00:00,113724.97
2026-08-14T16:00:00+00:00,113726.58
2026-08-14T16:15:00+00:00,113727.0
2026-08-14T16:30:00+00:00,113727.84
2026-08-14T16:45:00+00:00,113727.84
2026-08-14T17:00:00+00:00,113727.49
2026-08-14T17:15:00+00:00,113727.14
2026-08-14T17:30:00+00:00,113714.96
2026-08-14T17:45:00+00:00,113500.85
2026-08-14T18:00:00+00:00,113503.23
2026-08-14T18:15:00+00:00,113500.81
2026-08-14T18:30:00+00:00,113616.25
2026-08-14T18:45:00+00:00,113618.07
2026-08-14T19:00:00+00:00,113619.12
2026-08-14T19:10:00+00:00,113619.54
2026-08-17T14:00:00+00:00,113676.26
2026-08-17T14:15:00+00:00,113550.94
2026-08-17T14:30:00+00:00,113552.55
2026-08-17T14:45:00+00:00,113553.53
2026-08-17T15:00:00+00:00,113554.16
2026-08-17T15:15:00+00:00,113550.6
2026-08-17T15:30:00+00:00,113552.98
2026-08-17T15:45:00+00:00,113547.73
2026-08-17T16:00:00+00:00,113554.94
2026-08-17T16:15:00+00:00,113556.41
2026-08-17T16:30:00+00:00,113558.72
2026-08-17T16:45:00+00:00,113558.79
2026-08-17T17:00:00+00:00,113559.42
2026-08-17T17:15:00+00:00,113556.55
2026-08-17T17:30:00+00:00,113550.74
2026-08-17T17:45:00+00:00,113547.98
2026-08-17T18:00:00+00:00,113651.47
2026-08-17T18:15:00+00:00,113644.99
2026-08-17T18:30:00+00:00,113488.46
2026-08-17T18:45:00+00:00,113486.15
2026-08-17T19:00:00+00:00,113488.74
2026-08-17T19:10:00+00:00,113485.17
2026-08-18T14:00:00+00:00,112937.35
2026-08-18T14:15:00+00:00,112966.88
2026-08-18T14:30:00+00:00,112890.7
2026-08-18T14:45:00+00:00,112890.7
2026-08-18T15:00:00+00:00,112850.17
2026-08-18T15:15:00+00:00,112845.67
2026-08-18T15:30:00+00:00,112741.81
2026-08-18T15:45:00+00:00,112826.42
2026-08-18T16:00:00+00:00,112826.42
2026-08-18T16:15:00+00:00,112826.42
2026-08-18T16:30:00+00:00,112826.42
2026-08-18T16:45:00+00:00,112826.42
2026-08-18T17:00:00+00:00,112826.42
2026-08-18T17:15:00+00:00,112826.42
2026-08-18T17:30:00+00:00,112821.42
2026-08-18T17:45:00+00:00,112792.22
2026-08-18T18:00:00+00:00,112839.92
2026-08-18T18:15:00+00:00,112839.92
2026-08-18T18:30:00+00:00,112839.92
2026-08-18T18:45:00+00:00,112839.92
2026-08-18T19:00:00+00:00,112839.92
2026-08-18T19:10:00+00:00,112839.92
2026-08-19T14:00:00+00:00,113050.21
2026-08-19T14:15:00+00:00,113050.21
2026-08-19T14:30:00+00:00,113050.21
2026-08-19T14:45:00+00:00,113050.21
2026-08-19T15:00:00+00:00,113050.21
2026-08-19T15:15:00+00:00,113050.21
2026-08-19T15:30:00+00:00,113050.21
2026-08-19T15:45:00+00:00,113050.21
2026-08-19T16:00:00+00:00,113050.21
2026-08-19T16:15:00+00:00,113050.21
2026-08-19T16:30:00+00:00,113050.21
2026-08-19T16:45:00+00:00,113050.21
2026-08-19T17:00:00+00:00,113050.21
2026-08-19T17:15:00+00:00,113050.21
2026-08-19T17:30:00+00:00,113050.21
2026-08-19T17:45:00+00:00,113050.21
2026-08-19T18:00:00+00:00,113050.21
2026-08-19T18:15:00+00:00,113050.21
2026-08-19T18:30:00+00:00,113050.21
2026-08-19T18:45:00+00:00,113050.21
2026-08-19T19:00:00+00:00,113050.21
2026-08-19T19:10:00+00:00,113050.21
2026-08-20T14:00:00+00:00,113186.55
2026-08-20T14:15:00+00:00,113393.27
2026-08-20T14:30:00+00:00,113376.11
2026-08-20T14:45:00+00:00,113285.44
2026-08-20T15:00:00+00:00,113270.05
2026-08-20T15:15:00+00:00,113233.21
2026-08-20T15:30:00+00:00,113219.36
2026-08-20T15:45:00+00:00,113262.49
2026-08-20T16:00:00+00:00,113238.74
2026-08-20T16:15:00+00:00,113249.57
2026-08-20T16:30:00+00:00,113256.41
2026-08-20T16:45:00+00:00,113239.88
2026-08-20T17:00:00+00:00,113237.03
2026-08-20T17:15:00+00:00,113256.22
2026-08-20T17:30:00+00:00,113252.33
2026-08-20T17:45:00+00:00,113339.27
2026-08-20T18:00:00+00:00,113323.41
2026-08-20T18:15:00+00:00,113350.01
2026-08-20T18:30:00+00:00,113344.69
2026-08-20T18:45:00+00:00,113348.3
2026-08-20T19:00:00+00:00,113341.27
2026-08-20T19:10:00+00:00,113327.78
2026-08-21T14:00:00+00:00,113417.66
2026-08-21T14:15:00+00:00,113751.19
2026-08-21T14:30:00+00:00,113751.19
2026-08-21T14:45:00+00:00,113744.19
2026-08-21T15:00:00+00:00,113736.98
2026-08-21T15:15:00+00:00,113677.83
2026-08-21T15:30:00+00:00,113570.54
2026-08-21T15:45:00+00:00,113655.66
2026-08-21T16:00:00+00:00,113655.66
2026-08-21T16:15:00+00:00,113655.66
2026-08-21T16:30:00+00:00,113655.66
2026-08-21T16:45:00+00:00,113655.66
2026-08-21T17:00:00+00:00,113655.66
2026-08-21T17:15:00+00:00,113655.66
2026-08-21T17:30:00+00:00,113655.66
2026-08-21T17:45:00+00:00,113655.66
2026-08-21T18:00:00+00:00,113655.66
2026-08-21T18:15:00+00:00,113650.16
2026-08-21T18:30:00+00:00,113839.16
2026-08-21T18:45:00+00:00,113839.16
2026-08-21T19:00:00+00:00,113839.16
2026-08-21T19:10:00+00:00,113764.57