timestamp,equity
2025-08-01T14:00:00+00:00,99982.0
2025-08-01T14:15:00+00:00,99982.0
2025-08-01T14:30:00+00:00,99982.0
2025-08-01T14:45:00+00:00,99982.0
2025-08-01T15:00:00+00:00,99982.0
2025-08-01T15:15:00+00:00,99982.0
2025-08-01T15:30:00+00:00,99982.0
2025-08-01T15:45:00+00:00,99982.0
2025-08-01T16:00:00+00:00,99982.0
2025-08-01T16:15:00+00:00,99982.0
2025-08-01T16:30:00+00:00,99982.0
2025-08-01T16:45:00+00:00,99982.0
2025-08-01T17:00:00+00:00,99982.0
2025-08-01T17:15:00+00:00,99982.0
2025-08-01T17:30:00+00:00,99982.0
2025-08-01T17:45:00+00:00,99982.0
2025-08-01T18:00:00+00:00,99982.0
2025-08-01T18:15:00+00:00,99982.0
2025-08-01T18:30:00+00:00,99969.5
2025-08-01T18:45:00+00:00,100203.19
2025-08-01T19:00:00+00:00,100233.2
2025-08-01T19:10:00+00:00,100233.2
2025-08-04T14:00:00+00:00,100395.2
2025-08-04T14:15:00+00:00,100395.2
2025-08-04T14:30:00+00:00,100395.2
2025-08-04T14:45:00+00:00,100395.2
2025-08-04T15:00:00+00:00,100395.2
2025-08-04T15:15:00+00:00,100395.2
2025-08-04T15:30:00+00:00,100395.2
2025-08-04T15:45:00+00:00,100395.2
2025-08-04T16:00:00+00:00,100395.2
2025-08-04T16:15:00+00:00,100395.2
2025-08-04T16:30:00+00:00,100395.2
2025-08-04T16:45:00+00:00,100395.2
2025-08-04T17:00:00+00:00,100395.2
2025-08-04T17:15:00+00:00,100395.2
2025-08-04T17:30:00+00:00,100395.2
2025-08-04T17:45:00+00:00,100395.2
2025-08-04T18:00:00+00:00,100395.2
2025-08-04T18:15:00+00:00,100395.2
2025-08-04T18:30:00+00:00,100395.2
2025-08-04T18:45:00+00:00,100395.2
2025-08-04T19:00:00+00:00,100395.2
2025-08-04T19:10:00+00:00,100395.2
2025-08-05T14:00:00+00:00,100497.73
2025-08-05T14:15:00+00:00,100497.73
2025-08-05T14:30:00+00:00,100479.73
2025-08-05T14:45:00+00:00,100479.73
2025-08-05T15:00:00+00:00,100479.73
2025-08-05T15:15:00+00:00,100479.73
2025-08-05T15:30:00+00:00,100479.73
2025-08-05T15:45:00+00:00,100479.73
2025-08-05T16:00:00+00:00,100479.73
2025-08-05T16:15:00+00:00,100479.73
2025-08-05T16:30:00+00:00,100479.73
2025-08-05T16:45:00+00:00,100479.73
2025-08-05T17:00:00+00:00,100479.73
2025-08-05T17:15:00+00:00,100479.73
2025-08-05T17:30:00+00:00,100479.73
2025-08-05T17:45:00+00:00,100479.73
2025-08-05T18:00:00+00:00,100479.73
2025-08-05T18:15:00+00:00,100479.73
2025-08-05T18:30:00+00:00,100479.73
2025-08-05T18:45:00+00:00,100479.73
2025-08-05T19:00:00+00:00,100479.73
2025-08-05T19:10:00+00:00,100479.73
2025-08-06T14:00:00+00:00,100542.23
2025-08-06T14:15:00+00:00,100566.73
2025-08-06T14:30:00+00:00,100612.01
2025-08-06T14:45:00+00:00,100612.01
2025-08-06T15:00:00+00:00,100612.01
2025-08-06T15:15:00+00:00,100605.01
2025-08-06T15:30:00+00:00,100497.82
2025-08-06T15:45:00+00:00,100497.82
2025-08-06T16:00:00+00:00,100497.82
2025-08-06T16:15:00+00:00,100497.82
2025-08-06T16:30:00+00:00,100497.82
2025-08-06T16:45:00+00:00,100497.82
2025-08-06T17:00:00+00:00,100497.82
2025-08-06T17:15:00+00:00,100497.82
2025-08-06T17:30:00+00:00,100497.82
2025-08-06T17:45:00+00:00,100497.82
2025-08-06T18:00:00+00:00,100497.82
2025-08-06T18:15:00+00:00,100497.82
2025-08-06T18:30:00+00:00,100492.82
2025-08-06T18:45:00+00:00,100492.1
2025-08-06T19:00:00+00:00,100487.06
2025-08-06T19:10:00+00:00,100487.06
2025-08-07T14:00:00+00:00,100570.06
2025-08-07T14:15:00+00:00,100570.06
2025-08-07T14:30:00+00:00,100570.06
2025-08-07T14:45:00+00:00,100570.06
2025-08-07T15:00:00+00:00,100570.06
2025-08-07T15:15:00+00:00,100570.06
2025-08-07T15:30:00+00:00,100570.06
2025-08-07T15:45:00+00:00,100570.06
2025-08-07T16:00:00+00:00,100570.06
2025-08-07T16:15:00+00:00,100570.06
2025-08-07T16:30:00+00:00,100570.06
2025-08-07T16:45:00+00:00,100570.06
2025-08-07T17:00:00+00:00,100570.06
2025-08-07T17:15:00+00:00,100570.06
2025-08-07T17:30:00+00:00,100570.06
2025-08-07T17:45:00+00:00,100570.06
2025-08-07T18:00:00+00:00,100570.06
2025-08-07T18:15:00+00:00,100570.06
2025-08-07T18:30:00+00:00,100570.06
2025-08-07T18:45:00+00:00,100570.06
2025-08-07T19:00:00+00:00,100570.06
2025-08-07T19:10:00+00:00,100570.06
2025-08-08T14:00:00+00:00,100595.06
2025-08-08T14:15:00+00:00,100595.06
2025-08-08T14:30:00+00:00,100595.06
2025-08-08T14:45:00+00:00,100595.06
2025-08-08T15:00:00+00:00,100595.06
2025-08-08T15:15:00+00:00,100595.06
2025-08-08T15:30:00+00:00,100595.06
2025-08-08T15:45:00+00:00,100595.06
2025-08-08T16:00:00+00:00,100595.06
2025-08-08T16:15:00+00:00,100595.06
2025-08-08T16:30:00+00:00,100595.06
2025-08-08T16:45:00+00:00,100595.06
2025-08-08T17:00:00+00:00,100595.06
2025-08-08T17:15:00+00:00,100595.06
2025-08-08T17:30:00+00:00,100595.06
2025-08-08T17:45:00+00:00,100595.06
2025-08-08T18:00:00+00:00,100595.06
2025-08-08T18:15:00+00:00,100595.06
2025-08-08T18:30:00+00:00,100595.06
2025-08-08T18:45:00+00:00,100595.06
2025-08-08T19:00:00+00:00,100595.06
2025-08-08T19:10:00+00:00,100595.06
2025-08-11T14:00:00+00:00,100656.06
2025-08-11T14:15:00+00:00,100656.06
2025-08-11T14:30:00+00:00,100656.06
2025-08-11T14:45:00+00:00,100656.06
2025-08-11T15:00:00+00:00,100656.06
2025-08-11T15:15:00+00:00,100656.06
2025-08-11T15:30:00+00:00,100656.06
2025-08-11T15:45:00+00:00,100656.06
2025-08-11T16:00:00+00:00,100656.06
2025-08-11T16:15:00+00:00,100656.06
2025-08-11T16:30:00+00:00,100656.06
2025-08-11T16:45:00+00:00,100656.06
2025-08-11T17:00:00+00:00,100656.06
2025-08-11T17:15:00+00:00,100656.06
2025-08-11T17:30:00+00:00,100656.06
2025-08-11T17:45:00+00:00,100656.06
2025-08-11T18:00:00+00:00,100656.06
2025-08-11T18:15:00+00:00,100656.06
2025-08-11T18:30:00+00:00,100656.06
2025-08-11T18:45:00+00:00,100656.06
2025-08-11T19:00:00+00:00,100656.06
2025-08-11T19:10:00+00:00,100656.06
2025-08-12T14:00:00+00:00,100758.41
2025-08-12T14:15:00+00:00,100758.41
2025-08-12T14:30:00+00:00,100758.41
2025-08-12T14:45:00+00:00,100758.41
2025-08-12T15:00:00+00:00,100758.41
2025-08-12T15:15:00+00:00,100758.41
2025-08-12T15:30:00+00:00,100758.41
2025-08-12T15:45:00+00:00,100758.41
2025-08-12T16:00:00+00:00,100758.41
2025-08-12T16:15:00+00:00,100758.41
2025-08-12T16:30:00+00:00,100758.41
2025-08-12T16:45:00+00:00,100758.41
2025-08-12T17:00:00+00:00,100758.41
2025-08-12T17:15:00+00:00,100758.41
2025-08-12T17:30:00+00:00,100758.41
2025-08-12T17:45:00+00:00,100758.41
2025-08-12T18:00:00+00:00,100758.41
2025-08-12T18:15:00+00:00,100758.41
2025-08-12T18:30:00+00:00,100758.41
2025-08-12T18:45:00+00:00,100758.41
2025-08-12T19:00:00+00:00,100758.41
2025-08-12T19:10:00+00:00,100758.41
2025-08-13T14:00:00+00:00,100758.41
2025-08-13T14:15:00+00:00,100733.41
2025-08-13T14:30:00+00:00,100729.07
2025-08-13T14:45:00+00:00,100816.55
2025-08-13T15:00:00+00:00,100809.53
2025-08-13T15:15:00+00:00,100809.53
2025-08-13T15:30:00+00:00,100809.53
2025-08-13T15:45:00+00:00,100809.53
2025-08-13T16:00:00+00:00,100809.53
2025-08-13T16:15:00+00:00,100809.53
2025-08-13T16:30:00+00:00,100809.53
2025-08-13T16:45:00+00:00,100809.53
2025-08-13T17:00:00+00:00,100809.53
2025-08-13T17:15:00+00:00,100809.53
2025-08-13T17:30:00+00:00,100802.53
2025-08-13T17:45:00+00:00,100750.59
2025-08-13T18:00:00+00:00,100712.56
2025-08-13T18:15:00+00:00,100712.56
2025-08-13T18:30:00+00:00,100712.56
2025-08-13T18:45:00+00:00,100712.56
2025-08-13T19:00:00+00:00,100712.56
2025-08-13T19:10:00+00:00,100712.56
2025-08-14T14:00:00+00:00,100852.06
2025-08-14T14:15:00+00:00,100851.25
2025-08-14T14:30:00+00:00,100844.59
2025-08-14T14:45:00+00:00,100844.59
2025-08-14T15:00:00+00:00,100844.59
2025-08-14T15:15:00+00:00,100840.09
2025-08-14T15:30:00+00:00,100824.98
2025-08-14T15:45:00+00:00,100824.98
2025-08-14T16:00:00+00:00,100824.98
2025-08-14T16:15:00+00:00,100824.98
2025-08-14T16:30:00+00:00,100824.98
2025-08-14T16:45:00+00:00,100824.98
2025-08-14T17:00:00+00:00,100824.98
2025-08-14T17:15:00+00:00,100824.98
2025-08-14T17:30:00+00:00,100820.98
2025-08-14T17:45:00+00:00,100819.34
2025-08-14T18:00:00+00:00,100816.6
2025-08-14T18:15:00+00:00,100816.6
2025-08-14T18:30:00+00:00,100816.6
2025-08-14T18:45:00+00:00,100816.6
2025-08-14T19:00:00+00:00,100816.6
2025-08-14T19:10:00+00:00,100816.6
2025-08-15T14:00:00+00:00,100861.6
2025-08-15T14:15:00+00:00,100861.6
2025-08-15T14:30:00+00:00,100861.6
2025-08-15T14:45:00+00:00,100861.6
2025-08-15T15:00:00+00:00,100861.6
2025-08-15T15:15:00+00:00,100861.6
2025-08-15T15:30:00+00:00,100861.6
2025-08-15T15:45:00+00:00,100861.6
2025-08-15T16:00:00+00:00,100861.6
2025-08-15T16:15:00+00:00,100861.6
2025-08-15T16:30:00+00:00,100861.6
2025-08-15T16:45:00+00:00,100861.6
2025-08-15T17:00:00+00:00,100861.6
2025-08-15T17:15:00+00:00,100861.6
2025-08-15T17:30:00+00:00,100861.6
2025-08-15T17:45:00+00:00,100861.6
2025-08-15T18:00:00+00:00,100861.6
2025-08-15T18:15:00+00:00,100861.6
2025-08-15T18:30:00+00:00,100861.6
2025-08-15T18:45:00+00:00,100861.6
2025-08-15T19:00:00+00:00,100861.6
2025-08-15T19:10:00+00:00,100861.6
2025-08-18T14:00:00+00:00,100923.48
2025-08-18T14:15:00+00:00,100923.48
2025-08-18T14:30:00+00:00,100923.48
2025-08-18T14:45:00+00:00,100923.48
2025-08-18T15:00:00+00:00,100923.48
2025-08-18T15:15:00+00:00,100923.48
2025-08-18T15:30:00+00:00,100923.48
2025-08-18T15:45:00+00:00,100923.48
2025-08-18T16:00:00+00:00,100923.48
2025-08-18T16:15:00+00:00,100923.48
2025-08-18T16:30:00+00:00,100923.48
2025-08-18T16:45:00+00:00,100923.48
2025-08-18T17:00:00+00:00,100923.48
2025-08-18T17:15:00+00:00,100923.48
2025-08-18T17:30:00+00:00,100923.48
2025-08-18T17:45:00+00:00,100923.48
2025-08-18T18:00:00+00:00,100923.48
2025-08-18T18:15:00+00:00,100923.48
2025-08-18T18:30:00+00:00,100923.48
2025-08-18T18:45:00+00:00,100923.48
2025-08-18T19:00:00+00:00,100923.48
2025-08-18T19:10:00+00:00,100923.48
2025-08-19T14:00:00+00:00,100923.48
2025-08-19T14:15:00+00:00,100923.48
2025-08-19T14:30:00+00:00,100923.48
2025-08-19T14:45:00+00:00,100923.48
2025-08-19T15:00:00+00:00,100923.48
2025-08-19T15:15:00+00:00,100923.48
2025-08-19T15:30:00+00:00,100923.48
2025-08-19T15:45:00+00:00,100923.48
2025-08-19T16:00:00+00:00,100923.48
2025-08-19T16:15:00+00:00,100923.48
2025-08-19T16:30:00+00:00,100923.48
2025-08-19T16:45:00+00:00,100923.48
2025-08-19T17:00:00+00:00,100923.48
2025-08-19T17:15:00+00:00,100923.48
2025-08-19T17:30:00+00:00,100923.48
2025-08-19T17:45:00+00:00,100923.48
2025-08-19T18:00:00+00:00,100923.48
2025-08-19T18:15:00+00:00,100923.48
2025-08-19T18:30:00+00:00,100923.48
2025-08-19T18:45:00+00:00,100923.48
2025-08-19T19:00:00+00:00,100923.48
2025-08-19T19:10:00+00:00,100923.48
2025-08-20T14:00:00+00:00,100920.48
2025-08-20T14:15:00+00:00,100920.48
2025-08-20T14:30:00+00:00,100920.48
2025-08-20T14:45:00+00:00,100920.48
2025-08-20T15:00:00+00:00,100920.48
2025-08-20T15:15:00+00:00,100920.48
2025-08-20T15:30:00+00:00,100920.48
2025-08-20T15:45:00+00:00,100920.48
2025-08-20T16:00:00+00:00,100920.48
2025-08-20T16:15:00+00:00,100920.48
2025-08-20T16:30:00+00:00,100920.48
2025-08-20T16:45:00+00:00,100920.48
2025-08-20T17:00:00+00:00,100920.48
2025-08-20T17:15:00+00:00,100920.48
2025-08-20T17:30:00+00:00,100920.48
2025-08-20T17:45:00+00:00,100920.48
2025-08-20T18:00:00+00:00,100920.48
2025-08-20T18:15:00+00:00,100920.48
2025-08-20T18:30:00+00:00,100920.48
2025-08-20T18:45:00+00:00,100920.48
2025-08-20T19:00:00+00:00,100920.48
2025-08-20T19:10:00+00:00,100920.48
2025-08-21T14:00:00+00:00,100952.48
2025-08-21T14:15:00+00:00,100952.48
2025-08-21T14:30:00+00:00,100952.48
2025-08-21T14:45:00+00:00,100952.48
2025-08-21T15:00:00+00:00,100952.48
2025-08-21T15:15:00+00:00,100952.48
2025-08-21T15:30:00+00:00,100952.48
2025-08-21T15:45:00+00:00,100952.48
2025-08-21T16:00:00+00:00,100952.48
2025-08-21T16:15:00+00:00,100952.48
2025-08-21T16:30:00+00:00,100952.48
2025-08-21T16:45:00+00:00,100952.48
2025-08-21T17:00:00+00:00,100952.48
2025-08-21T17:15:00+00:00,100952.48
2025-08-21T17:30:00+00:00,100952.48
2025-08-21T17:45:00+00:00,100952.48
2025-08-21T18:00:00+00:00,100952.48
2025-08-21T18:15:00+00:00,100952.48
2025-08-21T18:30:00+00:00,100952.48
2025-08-21T18:45:00+00:00,100952.48
2025-08-21T19:00:00+00:00,100952.48
2025-08-21T19:10:00+00:00,100952.48
2025-08-22T14:00:00+00:00,100820.98
2025-08-22T14:15:00+00:00,100817.17
2025-08-22T14:30:00+00:00,100804.05
2025-08-22T14:45:00+00:00,100808.53
2025-08-22T15:00:00+00:00,100801.3
2025-08-22T15:15:00+00:00,100796.8
2025-08-22T15:30:00+00:00,100810.75
2025-08-22T15:45:00+00:00,100828.57
2025-08-22T16:00:00+00:00,100828.57
2025-08-22T16:15:00+00:00,100828.57
2025-08-22T16:30:00+00:00,100828.57
2025-08-22T16:45:00+00:00,100828.57
2025-08-22T17:00:00+00:00,100828.57
2025-08-22T17:15:00+00:00,100828.57
2025-08-22T17:30:00+00:00,100821.57
2025-08-22T17:45:00+00:00,100954.9
2025-08-22T18:00:00+00:00,100954.9
2025-08-22T18:15:00+00:00,100950.4
2025-08-22T18:30:00+00:00,100944.81
2025-08-22T18:45:00+00:00,100942.2
2025-08-22T19:00:00+00:00,100949.04
2025-08-22T19:10:00+00:00,100949.04
2025-08-25T14:00:00+00:00,100949.04
2025-08-25T14:15:00+00:00,100949.04
2025-08-25T14:30:00+00:00,100949.04
2025-08-25T14:45:00+00:00,100949.04
2025-08-25T15:00:00+00:00,100949.04
2025-08-25T15:15:00+00:00,100949.04
2025-08-25T15:30:00+00:00,100949.04
2025-08-25T15:45:00+00:00,100949.04
2025-08-25T16:00:00+00:00,100949.04
2025-08-25T16:15:00+00:00,100949.04
2025-08-25T16:30:00+00:00,100949.04
2025-08-25T16:45:00+00:00,100949.04
2025-08-25T17:00:00+00:00,100949.04
2025-08-25T17:15:00+00:00,100949.04
2025-08-25T17:30:00+00:00,100949.04
2025-08-25T17:45:00+00:00,100949.04
2025-08-25T18:00:00+00:00,100949.04
2025-08-25T18:15:00+00:00,100949.04
2025-08-25T18:30:00+00:00,100949.04
2025-08-25T18:45:00+00:00,100949.04
2025-08-25T19:00:00+00:00,100949.04
2025-08-25T19:10:00+00:00,100949.04
2025-08-26T14:00:00+00:00,100949.04
2025-08-26T14:15:00+00:00,100949.04
2025-08-26T14:30:00+00:00,100949.04
2025-08-26T14:45:00+00:00,100949.04
2025-08-26T15:00:00+00:00,100949.04
2025-08-26T15:15:00+00:00,100949.04
2025-08-26T15:30:00+00:00,100949.04
2025-08-26T15:45:00+00:00,100949.04
2025-08-26T16:00:00+00:00,100949.04
2025-08-26T16:15:00+00:00,100949.04
2025-08-26T16:30:00+00:00,100949.04
2025-08-26T16:45:00+00:00,100949.04
2025-08-26T17:00:00+00:00,100949.04
2025-08-26T17:15:00+00:00,100949.04
2025-08-26T17:30:00+00:00,100949.04
2025-08-26T17:45:00+00:00,100949.04
2025-08-26T18:00:00+00:00,100949.04
2025-08-26T18:15:00+00:00,100949.04
2025-08-26T18:30:00+00:00,100949.04
2025-08-26T18:45:00+00:00,100949.04
2025-08-26T19:00:00+00:00,100949.04
2025-08-26T19:10:00+00:00,100949.04
2025-08-27T14:00:00+00:00,100945.04
2025-08-27T14:15:00+00:00,100949.76
2025-08-27T14:30:00+00:00,100941.11
2025-08-27T14:45:00+00:00,100941.11
2025-08-27T15:00:00+00:00,100941.11
2025-08-27T15:15:00+00:00,100937.11
2025-08-27T15:30:00+00:00,100939.03
2025-08-27T15:45:00+00:00,100930.7
2025-08-27T16:00:00+00:00,100930.7
2025-08-27T16:15:00+00:00,100930.7
2025-08-27T16:30:00+00:00,100930.7
2025-08-27T16:45:00+00:00,100930.7
2025-08-27T17:00:00+00:00,100930.7
2025-08-27T17:15:00+00:00,100930.7
2025-08-27T17:30:00+00:00,100930.7
2025-08-27T17:45:00+00:00,100930.7
2025-08-27T18:00:00+00:00,100930.7
2025-08-27T18:15:00+00:00,100930.7
2025-08-27T18:30:00+00:00,100930.7
2025-08-27T18:45:00+00:00,100930.7
2025-08-27T19:00:00+00:00,100930.7
2025-08-27T19:10:00+00:00,100930.7
2025-08-28T14:00:00+00:00,100930.7
2025-08-28T14:15:00+00:00,100930.7
2025-08-28T14:30:00+00:00,100930.7
2025-08-28T14:45:00+00:00,100930.7
2025-08-28T15:00:00+00:00,100930.7
2025-08-28T15:15:00+00:00,100930.7
2025-08-28T15:30:00+00:00,100930.7
2025-08-28T15:45:00+00:00,100930.7
2025-08-28T16:00:00+00:00,100930.7
2025-08-28T16:15:00+00:00,100930.7
2025-08-28T16:30:00+00:00,100930.7
2025-08-28T16:45:00+00:00,100930.7
2025-08-28T17:00:00+00:00,100930.7
2025-08-28T17:15:00+00:00,100930.7
2025-08-28T17:30:00+00:00,100930.7
2025-08-28T17:45:00+00:00,100927.7
2025-08-28T18:00:00+00:00,100926.32
2025-08-28T18:15:00+00:00,100921.01
2025-08-28T18:30:00+00:00,100921.01
2025-08-28T18:45:00+00:00,100921.01
2025-08-28T19:00:00+00:00,100921.01
2025-08-28T19:10:00+00:00,100921.01
2025-08-29T14:00:00+00:00,100915.01
2025-08-29T14:15:00+00:00,100940.85
2025-08-29T14:30:00+00:00,100906.76
2025-08-29T14:45:00+00:00,100906.76
2025-08-29T15:00:00+00:00,100906.76
2025-08-29T15:15:00+00:00,100906.76
2025-08-29T15:30:00+00:00,100906.76
2025-08-29T15:45:00+00:00,100906.76
2025-08-29T16:00:00+00:00,100906.76
2025-08-29T16:15:00+00:00,100906.76
2025-08-29T16:30:00+00:00,100906.76
2025-08-29T16:45:00+00:00,100906.76
2025-08-29T17:00:00+00:00,100906.76
2025-08-29T17:15:00+00:00,100906.76
2025-08-29T17:30:00+00:00,100902.26
2025-08-29T17:45:00+00:00,100923.68
2025-08-29T18:00:00+00:00,100915.4
2025-08-29T18:15:00+00:00,100915.4
2025-08-29T18:30:00+00:00,100909.4
2025-08-29T18:45:00+00:00,100906.34
2025-08-29T19:00:00+00:00,100904.87
2025-08-29T19:10:00+00:00,100904.87
2025-09-02T14:00:00+00:00,100904.87
2025-09-02T14:15:00+00:00,100904.87
2025-09-02T14:30:00+00:00,100904.87
2025-09-02T14:45:00+00:00,100904.87
2025-09-02T15:00:00+00:00,100904.87
2025-09-02T15:15:00+00:00,100904.87
2025-09-02T15:30:00+00:00,100904.87
2025-09-02T15:45:00+00:00,100904.87
2025-09-02T16:00:00+00:00,100904.87
2025-09-02T16:15:00+00:00,100904.87
2025-09-02T16:30:00+00:00,100904.87
2025-09-02T16:45:00+00:00,100904.87
2025-09-02T17:00:00+00:00,100904.87
2025-09-02T17:15:00+00:00,100904.87
2025-09-02T17:30:00+00:00,100904.87
2025-09-02T17:45:00+00:00,100904.87
2025-09-02T18:00:00+00:00,100904.87
2025-09-02T18:15:00+00:00,100904.87
2025-09-02T18:30:00+00:00,100904.87
2025-09-02T18:45:00+00:00,100904.87
2025-09-02T19:00:00+00:00,100904.87
2025-09-02T19:10:00+00:00,100904.87
2025-09-03T14:00:00+00:00,100900.87
2025-09-03T14:15:00+00:00,100895.75
2025-09-03T14:30:00+00:00,100909.02
2025-09-03T14:45:00+00:00,100909.02
2025-09-03T15:00:00+00:00,100909.02
2025-09-03T15:15:00+00:00,100909.02
2025-09-03T15:30:00+00:00,100909.02
2025-09-03T15:45:00+00:00,100909.02
2025-09-03T16:00:00+00:00,100909.02
2025-09-03T16:15:00+00:00,100909.02
2025-09-03T16:30:00+00:00,100909.02
2025-09-03T16:45:00+00:00,100909.02
2025-09-03T17:00:00+00:00,100909.02
2025-09-03T17:15:00+00:00,100909.02
2025-09-03T17:30:00+00:00,100909.02
2025-09-03T17:45:00+00:00,100909.02
2025-09-03T18:00:00+00:00,100909.02
2025-09-03T18:15:00+00:00,100909.02
2025-09-03T18:30:00+00:00,100909.02
2025-09-03T18:45:00+00:00,100909.02
2025-09-03T19:00:00+00:00,100909.02
2025-09-03T19:10:00+00:00,100909.02
2025-09-04T14:00:00+00:00,100909.02
2025-09-04T14:15:00+00:00,100909.02
2025-09-04T14:30:00+00:00,100909.02
2025-09-04T14:45:00+00:00,100909.02
2025-09-04T15:00:00+00:00,100909.02
2025-09-04T15:15:00+00:00,100909.02
2025-09-04T15:30:00+00:00,100909.02
2025-09-04T15:45:00+00:00,100909.02
2025-09-04T16:00:00+00:00,100909.02
2025-09-04T16:15:00+00:00,100909.02
2025-09-04T16:30:00+00:00,100909.02
2025-09-04T16:45:00+00:00,100909.02
2025-09-04T17:00:00+00:00,100909.02
2025-09-04T17:15:00+00:00,100909.02
2025-09-04T17:30:00+00:00,100909.02
2025-09-04T17:45:00+00:00,100909.02
2025-09-04T18:00:00+00:00,100909.02
2025-09-04T18:15:00+00:00,100909.02
2025-09-04T18:30:00+00:00,100909.02
2025-09-04T18:45:00+00:00,100909.02
2025-09-04T19:00:00+00:00,100909.02
2025-09-04T19:10:00+00:00,100909.02
2025-09-05T14:00:00+00:00,100905.02
2025-09-05T14:15:00+00:00,100834.54
2025-09-05T14:30:00+00:00,101121.69
2025-09-05T14:45:00+00:00,101107.2
2025-09-05T15:00:00+00:00,101107.2
2025-09-05T15:15:00+00:00,101107.2
2025-09-05T15:30:00+00:00,101107.2
2025-09-05T15:45:00+00:00,101107.2
2025-09-05T16:00:00+00:00,101107.2
2025-09-05T16:15:00+00:00,101107.2
2025-09-05T16:30:00+00:00,101107.2
2025-09-05T16:45:00+00:00,101107.2
2025-09-05T17:00:00+00:00,101107.2
2025-09-05T17:15:00+00:00,101107.2
2025-09-05T17:30:00+00:00,101107.2
2025-09-05T17:45:00+00:00,101107.2
2025-09-05T18:00:00+00:00,101107.2
2025-09-05T18:15:00+00:00,101107.2
2025-09-05T18:30:00+00:00,101099.2
2025-09-05T18:45:00+00:00,100987.2
2025-09-05T19:00:00+00:00,100905.27
2025-09-05T19:10:00+00:00,100905.27
2025-09-08T14:00:00+00:00,100905.27
2025-09-08T14:15:00+00:00,100905.27
2025-09-08T14:30:00+00:00,100905.27
2025-09-08T14:45:00+00:00,100905.27
2025-09-08T15:00:00+00:00,100905.27
2025-09-08T15:15:00+00:00,100905.27
2025-09-08T15:30:00+00:00,100905.27
2025-09-08T15:45:00+00:00,100905.27
2025-09-08T16:00:00+00:00,100905.27
2025-09-08T16:15:00+00:00,100905.27
2025-09-08T16:30:00+00:00,100905.27
2025-09-08T16:45:00+00:00,100905.27
2025-09-08T17:00:00+00:00,100905.27
2025-09-08T17:15:00+00:00,100905.27
2025-09-08T17:30:00+00:00,100905.27
2025-09-08T17:45:00+00:00,100905.27
2025-09-08T18:00:00+00:00,100905.27
2025-09-08T18:15:00+00:00,100905.27
2025-09-08T18:30:00+00:00,100905.27
2025-09-08T18:45:00+00:00,100905.27
2025-09-08T19:00:00+00:00,100905.27
2025-09-08T19:10:00+00:00,100905.27
2025-09-09T14:00:00+00:00,100905.27
2025-09-09T14:15:00+00:00,100905.27
2025-09-09T14:30:00+00:00,100905.27
2025-09-09T14:45:00+00:00,100905.27
2025-09-09T15:00:00+00:00,100905.27
2025-09-09T15:15:00+00:00,100905.27
2025-09-09T15:30:00+00:00,100905.27
2025-09-09T15:45:00+00:00,100905.27
2025-09-09T16:00:00+00:00,100905.27
2025-09-09T16:15:00+00:00,100905.27
2025-09-09T16:30:00+00:00,100905.27
2025-09-09T16:45:00+00:00,100905.27
2025-09-09T17:00:00+00:00,100905.27
2025-09-09T17:15:00+00:00,100905.27
2025-09-09T17:30:00+00:00,100905.27
2025-09-09T17:45:00+00:00,100905.27
2025-09-09T18:00:00+00:00,100905.27
2025-09-09T18:15:00+00:00,100905.27
2025-09-09T18:30:00+00:00,100905.27
2025-09-09T18:45:00+00:00,100905.27
2025-09-09T19:00:00+00:00,100905.27
2025-09-09T19:10:00+00:00,100905.27
2025-09-10T14:00:00+00:00,100905.27
2025-09-10T14:15:00+00:00,100905.27
2025-09-10T14:30:00+00:00,100899.27
2025-09-10T14:45:00+00:00,100883.43
2025-09-10T15:00:00+00:00,100856.34
2025-09-10T15:15:00+00:00,100856.34
2025-09-10T15:30:00+00:00,100856.34
2025-09-10T15:45:00+00:00,100856.34
2025-09-10T16:00:00+00:00,100856.34
2025-09-10T16:15:00+00:00,100856.34
2025-09-10T16:30:00+00:00,100856.34
2025-09-10T16:45:00+00:00,100856.34
2025-09-10T17:00:00+00:00,100856.34
2025-09-10T17:15:00+00:00,100856.34
2025-09-10T17:30:00+00:00,100856.34
2025-09-10T17:45:00+00:00,100856.34
2025-09-10T18:00:00+00:00,100856.34
2025-09-10T18:15:00+00:00,100856.34
2025-09-10T18:30:00+00:00,100856.34
2025-09-10T18:45:00+00:00,100856.34
2025-09-10T19:00:00+00:00,100856.34
2025-09-10T19:10:00+00:00,100856.34
2025-09-11T14:00:00+00:00,100856.34
2025-09-11T14:15:00+00:00,100856.34
2025-09-11T14:30:00+00:00,100856.34
2025-09-11T14:45:00+00:00,100856.34
2025-09-11T15:00:00+00:00,100856.34
2025-09-11T15:15:00+00:00,100850.84
2025-09-11T15:30:00+00:00,100862.39
2025-09-11T15:45:00+00:00,100849.21
2025-09-11T16:00:00+00:00,100849.21
2025-09-11T16:15:00+00:00,100849.21
2025-09-11T16:30:00+00:00,100849.21
2025-09-11T16:45:00+00:00,100849.21
2025-09-11T17:00:00+00:00,100849.21
2025-09-11T17:15:00+00:00,100849.21
2025-09-11T17:30:00+00:00,100849.21
2025-09-11T17:45:00+00:00,100849.21
2025-09-11T18:00:00+00:00,100849.21
2025-09-11T18:15:00+00:00,100849.21
2025-09-11T18:30:00+00:00,100849.21
2025-09-11T18:45:00+00:00,100849.21
2025-09-11T19:00:00+00:00,100849.21
2025-09-11T19:10:00+00:00,100849.21
2025-09-12T14:00:00+00:00,100849.21
2025-09-12T14:15:00+00:00,100849.21
2025-09-12T14:30:00+00:00,100849.21
2025-09-12T14:45:00+00:00,100849.21
2025-09-12T15:00:00+00:00,100849.21
2025-09-12T15:15:00+00:00,100842.21
2025-09-12T15:30:00+00:00,100830.45
2025-09-12T15:45:00+00:00,100839.75
2025-09-12T16:00:00+00:00,100839.75
2025-09-12T16:15:00+00:00,100839.75
2025-09-12T16:30:00+00:00,100839.75
2025-09-12T16:45:00+00:00,100839.75
2025-09-12T17:00:00+00:00,100839.75
2025-09-12T17:15:00+00:00,100839.75
2025-09-12T17:30:00+00:00,100826.75
2025-09-12T17:45:00+00:00,100803.13
2025-09-12T18:00:00+00:00,100777.41
2025-09-12T18:15:00+00:00,100777.41
2025-09-12T18:30:00+00:00,100777.41
2025-09-12T18:45:00+00:00,100777.41
2025-09-12T19:00:00+00:00,100777.41
2025-09-12T19:10:00+00:00,100777.41
2025-09-15T14:00:00+00:00,100739.41
2025-09-15T14:15:00+00:00,100740.69
2025-09-15T14:30:00+00:00,100736.2
2025-09-15T14:45:00+00:00,100736.2
2025-09-15T15:00:00+00:00,100736.2
2025-09-15T15:15:00+00:00,100729.2
2025-09-15T15:30:00+00:00,100712.82
2025-09-15T15:45:00+00:00,100654.21
2025-09-15T16:00:00+00:00,100654.21
2025-09-15T16:15:00+00:00,100654.21
2025-09-15T16:30:00+00:00,100654.21
2025-09-15T16:45:00+00:00,100654.21
2025-09-15T17:00:00+00:00,100654.21
2025-09-15T17:15:00+00:00,100654.21
2025-09-15T17:30:00+00:00,100647.21
2025-09-15T17:45:00+00:00,100580.85
2025-09-15T18:00:00+00:00,100521.68
2025-09-15T18:15:00+00:00,100521.68
2025-09-15T18:30:00+00:00,100521.68
2025-09-15T18:45:00+00:00,100521.68
2025-09-15T19:00:00+00:00,100521.68
2025-09-15T19:10:00+00:00,100521.68
2025-09-16T14:00:00+00:00,100329.68
2025-09-16T14:15:00+00:00,100329.68
2025-09-16T14:30:00+00:00,100329.68
2025-09-16T14:45:00+00:00,100329.68
2025-09-16T15:00:00+00:00,100329.68
2025-09-16T15:15:00+00:00,100329.68
2025-09-16T15:30:00+00:00,100329.68
2025-09-16T15:45:00+00:00,100329.68
2025-09-16T16:00:00+00:00,100329.68
2025-09-16T16:15:00+00:00,100329.68
2025-09-16T16:30:00+00:00,100329.68
2025-09-16T16:45:00+00:00,100329.68
2025-09-16T17:00:00+00:00,100329.68
2025-09-16T17:15:00+00:00,100329.68
2025-09-16T17:30:00+00:00,100329.68
2025-09-16T17:45:00+00:00,100329.68
2025-09-16T18:00:00+00:00,100329.68
2025-09-16T18:15:00+00:00,100297.15
2025-09-16T18:30:00+00:00,100297.15
2025-09-16T18:45:00+00:00,100297.15
2025-09-16T19:00:00+00:00,100297.15
2025-09-16T19:10:00+00:00,100297.15
2025-09-17T14:00:00+00:00,100288.15
2025-09-17T14:15:00+00:00,100274.36
2025-09-17T14:30:00+00:00,100269.37
2025-09-17T14:45:00+00:00,100269.37
2025-09-17T15:00:00+00:00,100269.37
2025-09-17T15:15:00+00:00,100260.37
2025-09-17T15:30:00+00:00,100256.39
2025-09-17T15:45:00+00:00,100255.11
2025-09-17T16:00:00+00:00,100255.11
2025-09-17T16:15:00+00:00,100255.11
2025-09-17T16:30:00+00:00,100255.11
2025-09-17T16:45:00+00:00,100255.11
2025-09-17T17:00:00+00:00,100255.11
2025-09-17T17:15:00+00:00,100255.11
2025-09-17T17:30:00+00:00,100255.11
2025-09-17T17:45:00+00:00,100255.11
2025-09-17T18:00:00+00:00,100250.11
2025-09-17T18:15:00+00:00,100260.82
2025-09-17T18:30:00+00:00,100260.82
2025-09-17T18:45:00+00:00,100260.82
2025-09-17T19:00:00+00:00,100260.82
2025-09-17T19:10:00+00:00,100260.82
2025-09-18T14:00:00+00:00,100260.82
2025-09-18T14:15:00+00:00,100260.82
2025-09-18T14:30:00+00:00,100260.82
2025-09-18T14:45:00+00:00,100260.82
2025-09-18T15:00:00+00:00,100255.82
2025-09-18T15:15:00+00:00,100244.02
2025-09-18T15:30:00+00:00,100251.04
2025-09-18T15:45:00+00:00,100251.04
2025-09-18T16:00:00+00:00,100251.04
2025-09-18T16:15:00+00:00,100251.04
2025-09-18T16:30:00+00:00,100251.04
2025-09-18T16:45:00+00:00,100251.04
2025-09-18T17:00:00+00:00,100251.04
2025-09-18T17:15:00+00:00,100251.04
2025-09-18T17:30:00+00:00,100251.04
2025-09-18T17:45:00+00:00,100251.04
2025-09-18T18:00:00+00:00,100251.04
2025-09-18T18:15:00+00:00,100251.04
2025-09-18T18:30:00+00:00,100251.04
2025-09-18T18:45:00+00:00,100251.04
2025-09-18T19:00:00+00:00,100251.04
2025-09-18T19:10:00+00:00,100251.04
2025-09-19T14:00:00+00:00,100245.04
2025-09-19T14:15:00+00:00,100245.52
2025-09-19T14:30:00+00:00,100224.91
2025-09-19T14:45:00+00:00,100217.98
2025-09-19T15:00:00+00:00,100217.98
2025-09-19T15:15:00+00:00,100217.98
2025-09-19T15:30:00+00:00,100217.98
2025-09-19T15:45:00+00:00,100217.98
2025-09-19T16:00:00+00:00,100217.98
2025-09-19T16:15:00+00:00,100217.98
2025-09-19T16:30:00+00:00,100217.98
2025-09-19T16:45:00+00:00,100217.98
2025-09-19T17:00:00+00:00,100217.98
2025-09-19T17:15:00+00:00,100217.98
2025-09-19T17:30:00+00:00,100217.98
2025-09-19T17:45:00+00:00,100217.98
2025-09-19T18:00:00+00:00,100217.98
2025-09-19T18:15:00+00:00,100211.98
2025-09-19T18:30:00+00:00,99894.97
2025-09-19T18:45:00+00:00,99895.57
2025-09-19T19:00:00+00:00,99887.8
2025-09-19T19:10:00+00:00,99887.8
2025-09-22T14:00:00+00:00,99887.8
2025-09-22T14:15:00+00:00,99887.8
2025-09-22T14:30:00+00:00,99887.8
2025-09-22T14:45:00+00:00,99887.8
2025-09-22T15:00:00+00:00,99887.8
2025-09-22T15:15:00+00:00,99887.8
2025-09-22T15:30:00+00:00,99887.8
2025-09-22T15:45:00+00:00,99887.8
2025-09-22T16:00:00+00:00,99887.8
2025-09-22T16:15:00+00:00,99887.8
2025-09-22T16:30:00+00:00,99887.8
2025-09-22T16:45:00+00:00,99887.8
2025-09-22T17:00:00+00:00,99887.8
2025-09-22T17:15:00+00:00,99887.8
2025-09-22T17:30:00+00:00,99887.8
2025-09-22T17:45:00+00:00,99887.8
2025-09-22T18:00:00+00:00,99887.8
2025-09-22T18:15:00+00:00,99887.8
2025-09-22T18:30:00+00:00,99887.8
2025-09-22T18:45:00+00:00,99887.8
2025-09-22T19:00:00+00:00,99887.8
2025-09-22T19:10:00+00:00,99887.8
2025-09-23T14:00:00+00:00,99869.8
2025-09-23T14:15:00+00:00,99869.8
2025-09-23T14:30:00+00:00,99869.8
2025-09-23T14:45:00+00:00,99869.8
2025-09-23T15:00:00+00:00,99869.8
2025-09-23T15:15:00+00:00,99869.8
2025-09-23T15:30:00+00:00,99869.8
2025-09-23T15:45:00+00:00,99869.8
2025-09-23T16:00:00+00:00,99869.8
2025-09-23T16:15:00+00:00,99869.8
2025-09-23T16:30:00+00:00,99869.8
2025-09-23T16:45:00+00:00,99869.8
2025-09-23T17:00:00+00:00,99869.8
2025-09-23T17:15:00+00:00,99869.8
2025-09-23T17:30:00+00:00,99869.8
2025-09-23T17:45:00+00:00,99869.8
2025-09-23T18:00:00+00:00,99869.8
2025-09-23T18:15:00+00:00,99869.8
2025-09-23T18:30:00+00:00,99869.8
2025-09-23T18:45:00+00:00,99869.8
2025-09-23T19:00:00+00:00,99869.8
2025-09-23T19:10:00+00:00,99869.8
2025-09-24T14:00:00+00:00,99953.8
2025-09-24T14:15:00+00:00,99955.24
2025-09-24T14:30:00+00:00,99940.57
2025-09-24T14:45:00+00:00,99940.57
2025-09-24T15:00:00+00:00,99940.57
2025-09-24T15:15:00+00:00,99940.57
2025-09-24T15:30:00+00:00,99940.57
2025-09-24T15:45:00+00:00,99940.57
2025-09-24T16:00:00+00:00,99940.57
2025-09-24T16:15:00+00:00,99940.57
2025-09-24T16:30:00+00:00,99940.57
2025-09-24T16:45:00+00:00,99940.57
2025-09-24T17:00:00+00:00,99940.57
2025-09-24T17:15:00+00:00,99940.57
2025-09-24T17:30:00+00:00,99940.57
2025-09-24T17:45:00+00:00,99940.57
2025-09-24T18:00:00+00:00,99940.57
2025-09-24T18:15:00+00:00,99934.57
2025-09-24T18:30:00+00:00,99926.35
2025-09-24T18:45:00+00:00,99926.74
2025-09-24T19:00:00+00:00,99926.74
2025-09-24T19:10:00+00:00,99926.74
2025-09-25T14:00:00+00:00,99899.74
2025-09-25T14:15:00+00:00,99899.74
2025-09-25T14:30:00+00:00,99899.74
2025-09-25T14:45:00+00:00,99899.74
2025-09-25T15:00:00+00:00,99899.74
2025-09-25T15:15:00+00:00,99899.74
2025-09-25T15:30:00+00:00,99899.74
2025-09-25T15:45:00+00:00,99899.74
2025-09-25T16:00:00+00:00,99899.74
2025-09-25T16:15:00+00:00,99899.74
2025-09-25T16:30:00+00:00,99899.74
2025-09-25T16:45:00+00:00,99899.74
2025-09-25T17:00:00+00:00,99899.74
2025-09-25T17:15:00+00:00,99899.74
2025-09-25T17:30:00+00:00,99899.74
2025-09-25T17:45:00+00:00,99899.74
2025-09-25T18:00:00+00:00,99899.74
2025-09-25T18:15:00+00:00,99895.24
2025-09-25T18:30:00+00:00,99907.84
2025-09-25T18:45:00+00:00,99917.02
2025-09-25T19:00:00+00:00,99917.02
2025-09-25T19:10:00+00:00,99917.02
2025-09-26T14:00:00+00:00,99848.71
2025-09-26T14:15:00+00:00,99848.71
2025-09-26T14:30:00+00:00,99848.71
2025-09-26T14:45:00+00:00,99848.71
2025-09-26T15:00:00+00:00,99848.71
2025-09-26T15:15:00+00:00,99848.71
2025-09-26T15:30:00+00:00,99848.71
2025-09-26T15:45:00+00:00,99848.71
2025-09-26T16:00:00+00:00,99848.71
2025-09-26T16:15:00+00:00,99848.71
2025-09-26T16:30:00+00:00,99848.71
2025-09-26T16:45:00+00:00,99848.71
2025-09-26T17:00:00+00:00,99848.71
2025-09-26T17:15:00+00:00,99848.71
2025-09-26T17:30:00+00:00,99842.71
2025-09-26T17:45:00+00:00,99843.91
2025-09-26T18:00:00+00:00,99837.9
2025-09-26T18:15:00+00:00,99837.9
2025-09-26T18:30:00+00:00,99837.9
2025-09-26T18:45:00+00:00,99837.9
2025-09-26T19:00:00+00:00,99837.9
2025-09-26T19:10:00+00:00,99837.9
2025-09-29T14:00:00+00:00,99837.9
2025-09-29T14:15:00+00:00,99830.9
2025-09-29T14:30:00+00:00,99820.42
2025-09-29T14:45:00+00:00,99803.56
2025-09-29T15:00:00+00:00,99801.14
2025-09-29T15:15:00+00:00,99801.14
2025-09-29T15:30:00+00:00,99801.14
2025-09-29T15:45:00+00:00,99801.14
2025-09-29T16:00:00+00:00,99801.14
2025-09-29T16:15:00+00:00,99801.14
2025-09-29T16:30:00+00:00,99801.14
2025-09-29T16:45:00+00:00,99801.14
2025-09-29T17:00:00+00:00,99801.14
2025-09-29T17:15:00+00:00,99801.14
2025-09-29T17:30:00+00:00,99796.64
2025-09-29T17:45:00+00:00,99797.09
2025-09-29T18:00:00+00:00,99792.14
2025-09-29T18:15:00+00:00,99792.14
2025-09-29T18:30:00+00:00,99781.64
2025-09-29T18:45:00+00:00,99801.71
2025-09-29T19:00:00+00:00,99750.77
2025-09-29T19:10:00+00:00,99750.77
2025-09-30T14:00:00+00:00,99750.77
2025-09-30T14:15:00+00:00,99750.77
2025-09-30T14:30:00+00:00,99750.77
2025-09-30T14:45:00+00:00,99750.77
2025-09-30T15:00:00+00:00,99750.77
2025-09-30T15:15:00+00:00,99750.77
2025-09-30T15:30:00+00:00,99750.77
2025-09-30T15:45:00+00:00,99750.77
2025-09-30T16:00:00+00:00,99750.77
2025-09-30T16:15:00+00:00,99750.77
2025-09-30T16:30:00+00:00,99750.77
2025-09-30T16:45:00+00:00,99750.77
2025-09-30T17:00:00+00:00,99750.77
2025-09-30T17:15:00+00:00,99750.77
2025-09-30T17:30:00+00:00,99743.77
2025-09-30T17:45:00+00:00,99749.23
2025-09-30T18:00:00+00:00,99737.8
2025-09-30T18:15:00+00:00,99737.8
2025-09-30T18:30:00+00:00,99734.3
2025-09-30T18:45:00+00:00,99744.8
2025-09-30T19:00:00+00:00,99746.67
2025-09-30T19:10:00+00:00,99746.67
2025-10-01T14:00:00+00:00,99740.17
2025-10-01T14:15:00+00:00,99785.71
2025-10-01T14:30:00+00:00,99794.55
2025-10-01T14:45:00+00:00,99778.99
2025-10-01T15:00:00+00:00,99778.99
2025-10-01T15:15:00+00:00,99778.99
2025-10-01T15:30:00+00:00,99778.99
2025-10-01T15:45:00+00:00,99778.99
2025-10-01T16:00:00+00:00,99778.99
2025-10-01T16:15:00+00:00,99778.99
2025-10-01T16:30:00+00:00,99778.99
2025-10-01T16:45:00+00:00,99778.99
2025-10-01T17:00:00+00:00,99778.99
2025-10-01T17:15:00+00:00,99778.99
2025-10-01T17:30:00+00:00,99778.99
2025-10-01T17:45:00+00:00,99778.99
2025-10-01T18:00:00+00:00,99778.99
2025-10-01T18:15:00+00:00,99778.99
2025-10-01T18:30:00+00:00,99772.99
2025-10-01T18:45:00+00:00,99772.75
2025-10-01T19:00:00+00:00,99766.09
2025-10-01T19:10:00+00:00,99766.09
2025-10-02T14:00:00+00:00,99766.09
2025-10-02T14:15:00+00:00,99766.09
2025-10-02T14:30:00+00:00,99766.09
2025-10-02T14:45:00+00:00,99766.09
2025-10-02T15:00:00+00:00,99766.09
2025-10-02T15:15:00+00:00,99766.09
2025-10-02T15:30:00+00:00,99766.09
2025-10-02T15:45:00+00:00,99766.09
2025-10-02T16:00:00+00:00,99766.09
2025-10-02T16:15:00+00:00,99766.09
2025-10-02T16:30:00+00:00,99766.09
2025-10-02T16:45:00+00:00,99766.09
2025-10-02T17:00:00+00:00,99766.09
2025-10-02T17:15:00+00:00,99766.09
2025-10-02T17:30:00+00:00,99766.09
2025-10-02T17:45:00+00:00,99766.09
2025-10-02T18:00:00+00:00,99766.09
2025-10-02T18:15:00+00:00,99766.09
2025-10-02T18:30:00+00:00,99766.09
2025-10-02T18:45:00+00:00,99766.09
2025-10-02T19:00:00+00:00,99766.09
2025-10-02T19:10:00+00:00,99766.09
2025-10-03T14:00:00+00:00,99759.09
2025-10-03T14:15:00+00:00,99768.61
2025-10-03T14:30:00+00:00,99753.28
2025-10-03T14:45:00+00:00,99763.6
2025-10-03T15:00:00+00:00,99725.95
2025-10-03T15:15:00+00:00,99718.95
2025-10-03T15:30:00+00:00,99708.51
2025-10-03T15:45:00+00:00,99708.51
2025-10-03T16:00:00+00:00,99708.51
2025-10-03T16:15:00+00:00,99708.51
2025-10-03T16:30:00+00:00,99708.51
2025-10-03T16:45:00+00:00,99708.51
2025-10-03T17:00:00+00:00,99708.51
2025-10-03T17:15:00+00:00,99708.51
2025-10-03T17:30:00+00:00,99702.51
2025-10-03T17:45:00+00:00,99701.55
2025-10-03T18:00:00+00:00,99645.78
2025-10-03T18:15:00+00:00,99645.78
2025-10-03T18:30:00+00:00,99638.78
2025-10-03T18:45:00+00:00,99629.68
2025-10-03T19:00:00+00:00,99664.59
2025-10-03T19:10:00+00:00,99664.59
2025-10-06T14:00:00+00:00,99664.59
2025-10-06T14:15:00+00:00,99664.59
2025-10-06T14:30:00+00:00,99664.59
2025-10-06T14:45:00+00:00,99664.59
2025-10-06T15:00:00+00:00,99664.59
2025-10-06T15:15:00+00:00,99664.59
2025-10-06T15:30:00+00:00,99664.59
2025-10-06T15:45:00+00:00,99664.59
2025-10-06T16:00:00+00:00,99664.59
2025-10-06T16:15:00+00:00,99664.59
2025-10-06T16:30:00+00:00,99664.59
2025-10-06T16:45:00+00:00,99664.59
2025-10-06T17:00:00+00:00,99664.59
2025-10-06T17:15:00+00:00,99664.59
2025-10-06T17:30:00+00:00,99664.59
2025-10-06T17:45:00+00:00,99664.59
2025-10-06T18:00:00+00:00,99664.59
2025-10-06T18:15:00+00:00,99664.59
2025-10-06T18:30:00+00:00,99664.59
2025-10-06T18:45:00+00:00,99664.59
2025-10-06T19:00:00+00:00,99664.59
2025-10-06T19:10:00+00:00,99664.59
2025-10-07T14:00:00+00:00,99646.59
2025-10-07T14:15:00+00:00,99646.59
2025-10-07T14:30:00+00:00,99646.59
2025-10-07T14:45:00+00:00,99646.59
2025-10-07T15:00:00+00:00,99646.59
2025-10-07T15:15:00+00:00,99646.59
2025-10-07T15:30:00+00:00,99646.59
2025-10-07T15:45:00+00:00,99646.59
2025-10-07T16:00:00+00:00,99646.59
2025-10-07T16:15:00+00:00,99646.59
2025-10-07T16:30:00+00:00,99646.59
2025-10-07T16:45:00+00:00,99646.59
2025-10-07T17:00:00+00:00,99646.59
2025-10-07T17:15:00+00:00,99646.59
2025-10-07T17:30:00+00:00,99646.59
2025-10-07T17:45:00+00:00,99646.59
2025-10-07T18:00:00+00:00,99646.59
2025-10-07T18:15:00+00:00,99646.59
2025-10-07T18:30:00+00:00,99646.59
2025-10-07T18:45:00+00:00,99646.59
2025-10-07T19:00:00+00:00,99646.59
2025-10-07T19:10:00+00:00,99646.59
2025-10-08T14:00:00+00:00,99790.59
2025-10-08T14:15:00+00:00,99790.59
2025-10-08T14:30:00+00:00,99790.59
2025-10-08T14:45:00+00:00,99790.59
2025-10-08T15:00:00+00:00,99790.59
2025-10-08T15:15:00+00:00,99784.59
2025-10-08T15:30:00+00:00,99778.5
2025-10-08T15:45:00+00:00,99778.5
2025-10-08T16:00:00+00:00,99778.5
2025-10-08T16:15:00+00:00,99778.5
2025-10-08T16:30:00+00:00,99778.5
2025-10-08T16:45:00+00:00,99778.5
2025-10-08T17:00:00+00:00,99778.5
2025-10-08T17:15:00+00:00,99778.5
2025-10-08T17:30:00+00:00,99778.5
2025-10-08T17:45:00+00:00,99778.5
2025-10-08T18:00:00+00:00,99778.5
2025-10-08T18:15:00+00:00,99778.5
2025-10-08T18:30:00+00:00,99778.5
2025-10-08T18:45:00+00:00,99778.5
2025-10-08T19:00:00+00:00,99778.5
2025-10-08T19:10:00+00:00,99778.5
2025-10-09T14:00:00+00:00,99706.5
2025-10-09T14:15:00+00:00,99706.5
2025-10-09T14:30:00+00:00,99706.5
2025-10-09T14:45:00+00:00,99706.5
2025-10-09T15:00:00+00:00,99706.5
2025-10-09T15:15:00+00:00,99706.5
2025-10-09T15:30:00+00:00,99706.5
2025-10-09T15:45:00+00:00,99706.5
2025-10-09T16:00:00+00:00,99706.5
2025-10-09T16:15:00+00:00,99706.5
2025-10-09T16:30:00+00:00,99706.5
2025-10-09T16:45:00+00:00,99706.5
2025-10-09T17:00:00+00:00,99706.5
2025-10-09T17:15:00+00:00,99706.5
2025-10-09T17:30:00+00:00,99706.5
2025-10-09T17:45:00+00:00,99706.5
2025-10-09T18:00:00+00:00,99706.5
2025-10-09T18:15:00+00:00,99706.5
2025-10-09T18:30:00+00:00,99706.5
2025-10-09T18:45:00+00:00,99706.5
2025-10-09T19:00:00+00:00,99706.5
2025-10-09T19:10:00+00:00,99706.5
2025-10-10T14:00:00+00:00,99130.5
2025-10-10T14:15:00+00:00,99095.68
2025-10-10T14:30:00+00:00,99100.88
2025-10-10T14:45:00+00:00,99086.82
2025-10-10T15:00:00+00:00,99064.58
2025-10-10T15:15:00+00:00,99064.58
2025-10-10T15:30:00+00:00,99064.58
2025-10-10T15:45:00+00:00,99064.58
2025-10-10T16:00:00+00:00,99064.58
2025-10-10T16:15:00+00:00,99064.58
2025-10-10T16:30:00+00:00,99064.58
2025-10-10T16:45:00+00:00,99064.58
2025-10-10T17:00:00+00:00,99064.58
2025-10-10T17:15:00+00:00,99064.58
2025-10-10T17:30:00+00:00,99064.58
2025-10-10T17:45:00+00:00,99064.58
2025-10-10T18:00:00+00:00,99064.58
2025-10-10T18:15:00+00:00,99064.58
2025-10-10T18:30:00+00:00,99064.58
2025-10-10T18:45:00+00:00,99064.58
2025-10-10T19:00:00+00:00,99064.58
2025-10-10T19:10:00+00:00,99064.58
2025-10-13T14:00:00+00:00,99052.58
2025-10-13T14:15:00+00:00,99052.58
2025-10-13T14:30:00+00:00,99052.58
2025-10-13T14:45:00+00:00,99052.58
2025-10-13T15:00:00+00:00,99052.58
2025-10-13T15:15:00+00:00,99052.58
2025-10-13T15:30:00+00:00,99052.58
2025-10-13T15:45:00+00:00,99052.58
2025-10-13T16:00:00+00:00,99052.58
2025-10-13T16:15:00+00:00,99052.58
2025-10-13T16:30:00+00:00,99052.58
2025-10-13T16:45:00+00:00,99052.58
2025-10-13T17:00:00+00:00,99052.58
2025-10-13T17:15:00+00:00,99052.58
2025-10-13T17:30:00+00:00,99052.58
2025-10-13T17:45:00+00:00,99052.58
2025-10-13T18:00:00+00:00,99052.58
2025-10-13T18:15:00+00:00,99052.58
2025-10-13T18:30:00+00:00,99052.58
2025-10-13T18:45:00+00:00,99052.58
2025-10-13T19:00:00+00:00,99052.58
2025-10-13T19:10:00+00:00,99052.58
2025-10-14T14:00:00+00:00,98980.58
2025-10-14T14:15:00+00:00,98980.58
2025-10-14T14:30:00+00:00,98980.58
2025-10-14T14:45:00+00:00,98980.58
2025-10-14T15:00:00+00:00,98980.58
2025-10-14T15:15:00+00:00,98980.58
2025-10-14T15:30:00+00:00,98980.58
2025-10-14T15:45:00+00:00,98980.58
2025-10-14T16:00:00+00:00,98980.58
2025-10-14T16:15:00+00:00,98980.58
2025-10-14T16:30:00+00:00,98980.58
2025-10-14T16:45:00+00:00,98980.58
2025-10-14T17:00:00+00:00,98980.58
2025-10-14T17:15:00+00:00,98980.58
2025-10-14T17:30:00+00:00,98980.58
2025-10-14T17:45:00+00:00,98980.58
2025-10-14T18:00:00+00:00,98980.58
2025-10-14T18:15:00+00:00,98980.58
2025-10-14T18:30:00+00:00,98980.58
2025-10-14T18:45:00+00:00,98980.58
2025-10-14T19:00:00+00:00,98980.58
2025-10-14T19:10:00+00:00,98980.58
2025-10-15T14:00:00+00:00,99148.58
2025-10-15T14:15:00+00:00,99148.58
2025-10-15T14:30:00+00:00,99148.58
2025-10-15T14:45:00+00:00,99148.58
2025-10-15T15:00:00+00:00,99148.58
2025-10-15T15:15:00+00:00,99148.58
2025-10-15T15:30:00+00:00,99148.58
2025-10-15T15:45:00+00:00,99148.58
2025-10-15T16:00:00+00:00,99148.58
2025-10-15T16:15:00+00:00,99148.58
2025-10-15T16:30:00+00:00,99148.58
2025-10-15T16:45:00+00:00,99148.58
2025-10-15T17:00:00+00:00,99148.58
2025-10-15T17:15:00+00:00,99148.58
2025-10-15T17:30:00+00:00,99148.58
2025-10-15T17:45:00+00:00,99148.58
2025-10-15T18:00:00+00:00,99148.58
2025-10-15T18:15:00+00:00,99144.08
2025-10-15T18:30:00+00:00,99135.2
2025-10-15T18:45:00+00:00,99133.43
2025-10-15T19:00:00+00:00,99130.7
2025-10-15T19:10:00+00:00,99130.7
2025-10-16T14:00:00+00:00,98980.7
2025-10-16T14:15:00+00:00,98980.7
2025-10-16T14:30:00+00:00,98980.7
2025-10-16T14:45:00+00:00,98980.7
2025-10-16T15:00:00+00:00,98980.7
2025-10-16T15:15:00+00:00,98980.7
2025-10-16T15:30:00+00:00,98980.7
2025-10-16T15:45:00+00:00,98980.7
2025-10-16T16:00:00+00:00,98980.7
2025-10-16T16:15:00+00:00,98980.7
2025-10-16T16:30:00+00:00,98980.7
2025-10-16T16:45:00+00:00,98980.7
2025-10-16T17:00:00+00:00,98980.7
2025-10-16T17:15:00+00:00,98980.7
2025-10-16T17:30:00+00:00,98980.7
2025-10-16T17:45:00+00:00,98980.7
2025-10-16T18:00:00+00:00,98976.2
2025-10-16T18:15:00+00:00,98977.31
2025-10-16T18:30:00+00:00,98961.53
2025-10-16T18:45:00+00:00,98961.53
2025-10-16T19:00:00+00:00,98961.53
2025-10-16T19:10:00+00:00,98961.53
2025-10-17T14:00:00+00:00,99033.53
2025-10-17T14:15:00+00:00,99033.53
2025-10-17T14:30:00+00:00,99033.53
2025-10-17T14:45:00+00:00,99033.53
2025-10-17T15:00:00+00:00,99033.53
2025-10-17T15:15:00+00:00,99033.53
2025-10-17T15:30:00+00:00,99033.53
2025-10-17T15:45:00+00:00,99033.53
2025-10-17T16:00:00+00:00,99033.53
2025-10-17T16:15:00+00:00,99033.53
2025-10-17T16:30:00+00:00,99033.53
2025-10-17T16:45:00+00:00,99033.53
2025-10-17T17:00:00+00:00,99033.53
2025-10-17T17:15:00+00:00,99033.53
2025-10-17T17:30:00+00:00,99033.53
2025-10-17T17:45:00+00:00,99033.53
2025-10-17T18:00:00+00:00,99026.53
2025-10-17T18:15:00+00:00,99022.89
2025-10-17T18:30:00+00:00,99026.58
2025-10-17T18:45:00+00:00,99026.58
2025-10-17T19:00:00+00:00,99026.58
2025-10-17T19:10:00+00:00,99026.58
2025-10-20T14:00:00+00:00,99152.58
2025-10-20T14:15:00+00:00,99152.58
2025-10-20T14:30:00+00:00,99152.58
2025-10-20T14:45:00+00:00,99152.58
2025-10-20T15:00:00+00:00,99152.58
2025-10-20T15:15:00+00:00,99152.58
2025-10-20T15:30:00+00:00,99152.58
2025-10-20T15:45:00+00:00,99152.58
2025-10-20T16:00:00+00:00,99152.58
2025-10-20T16:15:00+00:00,99152.58
2025-10-20T16:30:00+00:00,99152.58
2025-10-20T16:45:00+00:00,99152.58
2025-10-20T17:00:00+00:00,99152.58
2025-10-20T17:15:00+00:00,99152.58
2025-10-20T17:30:00+00:00,99152.58
2025-10-20T17:45:00+00:00,99152.58
2025-10-20T18:00:00+00:00,99152.58
2025-10-20T18:15:00+00:00,99152.58
2025-10-20T18:30:00+00:00,99152.58
2025-10-20T18:45:00+00:00,99152.58
2025-10-20T19:00:00+00:00,99152.58
2025-10-20T19:10:00+00:00,99152.58
2025-10-21T14:00:00+00:00,99165.95
2025-10-21T14:15:00+00:00,99165.95
2025-10-21T14:30:00+00:00,99165.95
2025-10-21T14:45:00+00:00,99165.95
2025-10-21T15:00:00+00:00,99165.95
2025-10-21T15:15:00+00:00,99165.95
2025-10-21T15:30:00+00:00,99165.95
2025-10-21T15:45:00+00:00,99165.95
2025-10-21T16:00:00+00:00,99165.95
2025-10-21T16:15:00+00:00,99165.95
2025-10-21T16:30:00+00:00,99165.95
2025-10-21T16:45:00+00:00,99165.95
2025-10-21T17:00:00+00:00,99165.95
2025-10-21T17:15:00+00:00,99165.95
2025-10-21T17:30:00+00:00,99165.95
2025-10-21T17:45:00+00:00,99165.95
2025-10-21T18:00:00+00:00,99165.95
2025-10-21T18:15:00+00:00,99165.95
2025-10-21T18:30:00+00:00,99165.95
2025-10-21T18:45:00+00:00,99165.95
2025-10-21T19:00:00+00:00,99165.95
2025-10-21T19:10:00+00:00,99165.95
2025-10-22T14:00:00+00:00,99140.95
2025-10-22T14:15:00+00:00,99140.95
2025-10-22T14:30:00+00:00,99140.95
2025-10-22T14:45:00+00:00,99140.95
2025-10-22T15:00:00+00:00,99140.95
2025-10-22T15:15:00+00:00,99140.95
2025-10-22T15:30:00+00:00,99140.95
2025-10-22T15:45:00+00:00,99140.95
2025-10-22T16:00:00+00:00,99140.95
2025-10-22T16:15:00+00:00,99140.95
2025-10-22T16:30:00+00:00,99140.95
2025-10-22T16:45:00+00:00,99140.95
2025-10-22T17:00:00+00:00,99140.95
2025-10-22T17:15:00+00:00,99140.95
2025-10-22T17:30:00+00:00,99140.95
2025-10-22T17:45:00+00:00,99140.95
2025-10-22T18:00:00+00:00,99140.95
2025-10-22T18:15:00+00:00,99140.95
2025-10-22T18:30:00+00:00,99140.95
2025-10-22T18:45:00+00:00,99140.95
2025-10-22T19:00:00+00:00,99140.95
2025-10-22T19:10:00+00:00,99140.95
2025-10-23T14:00:00+00:00,99092.95
2025-10-23T14:15:00+00:00,99092.95
2025-10-23T14:30:00+00:00,99092.95
2025-10-23T14:45:00+00:00,99092.95
2025-10-23T15:00:00+00:00,99092.95
2025-10-23T15:15:00+00:00,99092.95
2025-10-23T15:30:00+00:00,99092.95
2025-10-23T15:45:00+00:00,99092.95
2025-10-23T16:00:00+00:00,99092.95
2025-10-23T16:15:00+00:00,99092.95
2025-10-23T16:30:00+00:00,99092.95
2025-10-23T16:45:00+00:00,99092.95
2025-10-23T17:00:00+00:00,99092.95
2025-10-23T17:15:00+00:00,99092.95
2025-10-23T17:30:00+00:00,99092.95
2025-10-23T17:45:00+00:00,99092.95
2025-10-23T18:00:00+00:00,99092.95
2025-10-23T18:15:00+00:00,99092.95
2025-10-23T18:30:00+00:00,99092.95
2025-10-23T18:45:00+00:00,99092.95
2025-10-23T19:00:00+00:00,99092.95
2025-10-23T19:10:00+00:00,99092.95
2025-10-24T14:00:00+00:00,99239.95
2025-10-24T14:15:00+00:00,99239.95
2025-10-24T14:30:00+00:00,99239.95
2025-10-24T14:45:00+00:00,99234.95
2025-10-24T15:00:00+00:00,99234.8
2025-10-24T15:15:00+00:00,99224.46
2025-10-24T15:30:00+00:00,99224.46
2025-10-24T15:45:00+00:00,99224.46
2025-10-24T16:00:00+00:00,99224.46
2025-10-24T16:15:00+00:00,99224.46
2025-10-24T16:30:00+00:00,99224.46
2025-10-24T16:45:00+00:00,99224.46
2025-10-24T17:00:00+00:00,99224.46
2025-10-24T17:15:00+00:00,99224.46
2025-10-24T17:30:00+00:00,99224.46
2025-10-24T17:45:00+00:00,99224.46
2025-10-24T18:00:00+00:00,99224.46
2025-10-24T18:15:00+00:00,99224.46
2025-10-24T18:30:00+00:00,99224.46
2025-10-24T18:45:00+00:00,99224.46
2025-10-24T19:00:00+00:00,99224.46
2025-10-24T19:10:00+00:00,99224.46
2025-10-27T14:00:00+00:00,99111.42
2025-10-27T14:15:00+00:00,99111.42
2025-10-27T14:30:00+00:00,99111.42
2025-10-27T14:45:00+00:00,99111.42
2025-10-27T15:00:00+00:00,99111.42
2025-10-27T15:15:00+00:00,99105.42
2025-10-27T15:30:00+00:00,99109.5
2025-10-27T15:45:00+00:00,99108.21
2025-10-27T16:00:00+00:00,99108.21
2025-10-27T16:15:00+00:00,99108.21
2025-10-27T16:30:00+00:00,99108.21
2025-10-27T16:45:00+00:00,99108.21
2025-10-27T17:00:00+00:00,99108.21
2025-10-27T17:15:00+00:00,99108.21
2025-10-27T17:30:00+00:00,99108.21
2025-10-27T17:45:00+00:00,99108.21
2025-10-27T18:00:00+00:00,99108.21
2025-10-27T18:15:00+00:00,99108.21
2025-10-27T18:30:00+00:00,99108.21
2025-10-27T18:45:00+00:00,99108.21
2025-10-27T19:00:00+00:00,99108.21
2025-10-27T19:10:00+00:00,99108.21
2025-10-28T14:00:00+00:00,99120.44
2025-10-28T14:15:00+00:00,99120.44
2025-10-28T14:30:00+00:00,99120.44
2025-10-28T14:45:00+00:00,99120.44
2025-10-28T15:00:00+00:00,99120.44
2025-10-28T15:15:00+00:00,99120.44
2025-10-28T15:30:00+00:00,99120.44
2025-10-28T15:45:00+00:00,99120.44
2025-10-28T16:00:00+00:00,99120.44
2025-10-28T16:15:00+00:00,99120.44
2025-10-28T16:30:00+00:00,99120.44
2025-10-28T16:45:00+00:00,99120.44
2025-10-28T17:00:00+00:00,99120.44
2025-10-28T17:15:00+00:00,99120.44
2025-10-28T17:30:00+00:00,99120.44
2025-10-28T17:45:00+00:00,99120.44
2025-10-28T18:00:00+00:00,99120.44
2025-10-28T18:15:00+00:00,99120.44
2025-10-28T18:30:00+00:00,99120.44
2025-10-28T18:45:00+00:00,99120.44
2025-10-28T19:00:00+00:00,99120.44
2025-10-28T19:10:00+00:00,99120.44
2025-10-29T14:00:00+00:00,99113.44
2025-10-29T14:15:00+00:00,99078.27
2025-10-29T14:30:00+00:00,99078.27
2025-10-29T14:45:00+00:00,99078.27
2025-10-29T15:00:00+00:00,99078.27
2025-10-29T15:15:00+00:00,99066.27
2025-10-29T15:30:00+00:00,99052.25
2025-10-29T15:45:00+00:00,99044.66
2025-10-29T16:00:00+00:00,99044.66
2025-10-29T16:15:00+00:00,99044.66
2025-10-29T16:30:00+00:00,99044.66
2025-10-29T16:45:00+00:00,99044.66
2025-10-29T17:00:00+00:00,99044.66
2025-10-29T17:15:00+00:00,99044.66
2025-10-29T17:30:00+00:00,99038.66
2025-10-29T17:45:00+00:00,99032.06
2025-10-29T18:00:00+00:00,99031.72
2025-10-29T18:15:00+00:00,99031.72
2025-10-29T18:30:00+00:00,99031.72
2025-10-29T18:45:00+00:00,99031.72
2025-10-29T19:00:00+00:00,99031.72
2025-10-29T19:10:00+00:00,99031.72
2025-10-30T14:00:00+00:00,99071.72
2025-10-30T14:15:00+00:00,99071.07
2025-10-30T14:30:00+00:00,99066.93
2025-10-30T14:45:00+00:00,99066.93
2025-10-30T15:00:00+00:00,99066.93
2025-10-30T15:15:00+00:00,99066.93
2025-10-30T15:30:00+00:00,99066.93
2025-10-30T15:45:00+00:00,99066.93
2025-10-30T16:00:00+00:00,99066.93
2025-10-30T16:15:00+00:00,99066.93
2025-10-30T16:30:00+00:00,99066.93
2025-10-30T16:45:00+00:00,99066.93
2025-10-30T17:00:00+00:00,99066.93
2025-10-30T17:15:00+00:00,99066.93
2025-10-30T17:30:00+00:00,99059.93
2025-10-30T17:45:00+00:00,99046.84
2025-10-30T18:00:00+00:00,99055.43
2025-10-30T18:15:00+00:00,99055.43
2025-10-30T18:30:00+00:00,99055.43
2025-10-30T18:45:00+00:00,99055.43
2025-10-30T19:00:00+00:00,99055.43
2025-10-30T19:10:00+00:00,99055.43
2025-10-31T14:00:00+00:00,99178.93
2025-10-31T14:15:00+00:00,99172.43
2025-10-31T14:30:00+00:00,99165.85
2025-10-31T14:45:00+00:00,99165.85
2025-10-31T15:00:00+00:00,99165.85
2025-10-31T15:15:00+00:00,99165.85
2025-10-31T15:30:00+00:00,99165.85
2025-10-31T15:45:00+00:00,99165.85
2025-10-31T16:00:00+00:00,99165.85
2025-10-31T16:15:00+00:00,99165.85
2025-10-31T16:30:00+00:00,99165.85
2025-10-31T16:45:00+00:00,99165.85
2025-10-31T17:00:00+00:00,99165.85
2025-10-31T17:15:00+00:00,99165.85
2025-10-31T17:30:00+00:00,99165.85
2025-10-31T17:45:00+00:00,99165.85
2025-10-31T18:00:00+00:00,99165.85
2025-10-31T18:15:00+00:00,99165.85
2025-10-31T18:30:00+00:00,99165.85
2025-10-31T18:45:00+00:00,99165.85
2025-10-31T19:00:00+00:00,99165.85
2025-10-31T19:10:00+00:00,99165.85
2025-11-03T15:00:00+00:00,99245.85
2025-11-03T15:15:00+00:00,99245.85
2025-11-03T15:30:00+00:00,99245.85
2025-11-03T15:45:00+00:00,99245.85
2025-11-03T16:00:00+00:00,99245.85
2025-11-03T16:15:00+00:00,99245.85
2025-11-03T16:30:00+00:00,99245.85
2025-11-03T16:45:00+00:00,99245.85
2025-11-03T17:00:00+00:00,99245.85
2025-11-03T17:15:00+00:00,99245.85
2025-11-03T17:30:00+00:00,99245.85
2025-11-03T17:45:00+00:00,99245.85
2025-11-03T18:00:00+00:00,99245.85
2025-11-03T18:15:00+00:00,99245.85
2025-11-03T18:30:00+00:00,99245.85
2025-11-03T18:45:00+00:00,99245.85
2025-11-03T19:00:00+00:00,99245.85
2025-11-03T19:15:00+00:00,99245.85
2025-11-03T19:30:00+00:00,99245.85
2025-11-03T19:45:00+00:00,99245.85
2025-11-03T20:00:00+00:00,99245.85
2025-11-03T20:10:00+00:00,99245.85
2025-11-04T15:00:00+00:00,99232.31
2025-11-04T15:15:00+00:00,99232.31
2025-11-04T15:30:00+00:00,99232.31
2025-11-04T15:45:00+00:00,99232.31
2025-11-04T16:00:00+00:00,99232.31
2025-11-04T16:15:00+00:00,99232.31
2025-11-04T16:30:00+00:00,99232.31
2025-11-04T16:45:00+00:00,99232.31
2025-11-04T17:00:00+00:00,99232.31
2025-11-04T17:15:00+00:00,99232.31
2025-11-04T17:30:00+00:00,99232.31
2025-11-04T17:45:00+00:00,99232.31
2025-11-04T18:00:00+00:00,99232.31
2025-11-04T18:15:00+00:00,99232.31
2025-11-04T18:30:00+00:00,99232.31
2025-11-04T18:45:00+00:00,99232.31
2025-11-04T19:00:00+00:00,99232.31
2025-11-04T19:15:00+00:00,99232.31
2025-11-04T19:30:00+00:00,99232.31
2025-11-04T19:45:00+00:00,99232.31
2025-11-04T20:00:00+00:00,99232.31
2025-11-04T20:10:00+00:00,99232.31
2025-11-05T15:00:00+00:00,99226.31
2025-11-05T15:15:00+00:00,99226.31
2025-11-05T15:30:00+00:00,99226.31
2025-11-05T15:45:00+00:00,99226.31
2025-11-05T16:00:00+00:00,99226.31
2025-11-05T16:15:00+00:00,99226.31
2025-11-05T16:30:00+00:00,99226.31
2025-11-05T16:45:00+00:00,99226.31
2025-11-05T17:00:00+00:00,99226.31
2025-11-05T17:15:00+00:00,99226.31
2025-11-05T17:30:00+00:00,99226.31
2025-11-05T17:45:00+00:00,99226.31
2025-11-05T18:00:00+00:00,99226.31
2025-11-05T18:15:00+00:00,99226.31
2025-11-05T18:30:00+00:00,99226.31
2025-11-05T18:45:00+00:00,99226.31
2025-11-05T19:00:00+00:00,99226.31
2025-11-05T19:15:00+00:00,99226.31
2025-11-05T19:30:00+00:00,99226.31
2025-11-05T19:45:00+00:00,99226.31
2025-11-05T20:00:00+00:00,99226.31
2025-11-05T20:10:00+00:00,99226.31
2025-11-06T15:00:00+00:00,99228.31
2025-11-06T15:15:00+00:00,99228.31
2025-11-06T15:30:00+00:00,99228.31
2025-11-06T15:45:00+00:00,99228.31
2025-11-06T16:00:00+00:00,99228.31
2025-11-06T16:15:00+00:00,99228.31
2025-11-06T16:30:00+00:00,99228.31
2025-11-06T16:45:00+00:00,99228.31
2025-11-06T17:00:00+00:00,99228.31
2025-11-06T17:15:00+00:00,99228.31
2025-11-06T17:30:00+00:00,99228.31
2025-11-06T17:45:00+00:00,99228.31
2025-11-06T18:00:00+00:00,99228.31
2025-11-06T18:15:00+00:00,99228.31
2025-11-06T18:30:00+00:00,99228.31
2025-11-06T18:45:00+00:00,99228.31
2025-11-06T19:00:00+00:00,99228.31
2025-11-06T19:15:00+00:00,99228.31
2025-11-06T19:30:00+00:00,99228.31
2025-11-06T19:45:00+00:00,99228.31
2025-11-06T20:00:00+00:00,99228.31
2025-11-06T20:10:00+00:00,99228.31
2025-11-07T15:00:00+00:00,99278.81
2025-11-07T15:15:00+00:00,99282.13
2025-11-07T15:30:00+00:00,99281.47
2025-11-07T15:45:00+00:00,99276.33
2025-11-07T16:00:00+00:00,99269.67
2025-11-07T16:15:00+00:00,99253.59
2025-11-07T16:30:00+00:00,99249.19
2025-11-07T16:45:00+00:00,99258.05
2025-11-07T17:00:00+00:00,99237.13
2025-11-07T17:15:00+00:00,99243.25
2025-11-07T17:30:00+00:00,99256.33
2025-11-07T17:45:00+00:00,99253.83
2025-11-07T18:00:00+00:00,99266.25
2025-11-07T18:15:00+00:00,99267.69
2025-11-07T18:30:00+00:00,99272.07
2025-11-07T18:45:00+00:00,99273.21
2025-11-07T19:00:00+00:00,99274.77
2025-11-07T19:15:00+00:00,99277.89
2025-11-07T19:30:00+00:00,99280.59
2025-11-07T19:45:00+00:00,99280.69
2025-11-07T20:00:00+00:00,99279.11
2025-11-07T20:10:00+00:00,99280.89
2025-11-10T15:00:00+00:00,99396.22
2025-11-10T15:15:00+00:00,99396.22
2025-11-10T15:30:00+00:00,99390.22
2025-11-10T15:45:00+00:00,99396.7
2025-11-10T16:00:00+00:00,99386.11
2025-11-10T16:15:00+00:00,99386.11
2025-11-10T16:30:00+00:00,99386.11
2025-11-10T16:45:00+00:00,99386.11
2025-11-10T17:00:00+00:00,99386.11
2025-11-10T17:15:00+00:00,99386.11
2025-11-10T17:30:00+00:00,99386.11
2025-11-10T17:45:00+00:00,99386.11
2025-11-10T18:00:00+00:00,99386.11
2025-11-10T18:15:00+00:00,99386.11
2025-11-10T18:30:00+00:00,99386.11
2025-11-10T18:45:00+00:00,99386.11
2025-11-10T19:00:00+00:00,99386.11
2025-11-10T19:15:00+00:00,99386.11
2025-11-10T19:30:00+00:00,99386.11
2025-11-10T19:45:00+00:00,99386.11
2025-11-10T20:00:00+00:00,99386.11
2025-11-10T20:10:00+00:00,99386.11
2025-11-11T15:00:00+00:00,99224.11
2025-11-11T15:15:00+00:00,99224.11
2025-11-11T15:30:00+00:00,99224.11
2025-11-11T15:45:00+00:00,99224.11
2025-11-11T16:00:00+00:00,99224.11
2025-11-11T16:15:00+00:00,99224.11
2025-11-11T16:30:00+00:00,99224.11
2025-11-11T16:45:00+00:00,99224.11
2025-11-11T17:00:00+00:00,99224.11
2025-11-11T17:15:00+00:00,99224.11
2025-11-11T17:30:00+00:00,99224.11
2025-11-11T17:45:00+00:00,99224.11
2025-11-11T18:00:00+00:00,99224.11
2025-11-11T18:15:00+00:00,99205.59
2025-11-11T18:30:00+00:00,99205.59
2025-11-11T18:45:00+00:00,99205.59
2025-11-11T19:00:00+00:00,99205.59
2025-11-11T19:15:00+00:00,99205.59
2025-11-11T19:30:00+00:00,99205.59
2025-11-11T19:45:00+00:00,99205.59
2025-11-11T20:00:00+00:00,99205.59
2025-11-11T20:10:00+00:00,99205.59
2025-11-12T15:00:00+00:00,99205.59
2025-11-12T15:15:00+00:00,99205.59
2025-11-12T15:30:00+00:00,99201.59
2025-11-12T15:45:00+00:00,99197.51
2025-11-12T16:00:00+00:00,99196.06
2025-11-12T16:15:00+00:00,99191.06
2025-11-12T16:30:00+00:00,99172.81
2025-11-12T16:45:00+00:00,99163.02
2025-11-12T17:00:00+00:00,99163.02
2025-11-12T17:15:00+00:00,99163.02
2025-11-12T17:30:00+00:00,99163.02
2025-11-12T17:45:00+00:00,99163.02
2025-11-12T18:00:00+00:00,99163.02
2025-11-12T18:15:00+00:00,99163.02
2025-11-12T18:30:00+00:00,99158.02
2025-11-12T18:45:00+00:00,99158.12
2025-11-12T19:00:00+00:00,99153.08
2025-11-12T19:15:00+00:00,99153.08
2025-11-12T19:30:00+00:00,99153.08
2025-11-12T19:45:00+00:00,99153.08
2025-11-12T20:00:00+00:00,99153.08
2025-11-12T20:10:00+00:00,99153.08
2025-11-13T15:00:00+00:00,99041.58
2025-11-13T15:15:00+00:00,99041.58
2025-11-13T15:30:00+00:00,99041.58
2025-11-13T15:45:00+00:00,99041.58
2025-11-13T16:00:00+00:00,99041.58
2025-11-13T16:15:00+00:00,99041.58
2025-11-13T16:30:00+00:00,99041.58
2025-11-13T16:45:00+00:00,99041.58
2025-11-13T17:00:00+00:00,99041.58
2025-11-13T17:15:00+00:00,99041.58
2025-11-13T17:30:00+00:00,99041.58
2025-11-13T17:45:00+00:00,99041.58
2025-11-13T18:00:00+00:00,99041.58
2025-11-13T18:15:00+00:00,99041.58
2025-11-13T18:30:00+00:00,99041.58
2025-11-13T18:45:00+00:00,99041.58
2025-11-13T19:00:00+00:00,99041.58
2025-11-13T19:15:00+00:00,99041.58
2025-11-13T19:30:00+00:00,99041.58
2025-11-13T19:45:00+00:00,99041.58
2025-11-13T20:00:00+00:00,99041.58
2025-11-13T20:10:00+00:00,99041.58
2025-11-14T15:00:00+00:00,98975.13
2025-11-14T15:15:00+00:00,98969.13
2025-11-14T15:30:00+00:00,98969.13
2025-11-14T15:45:00+00:00,98969.13
2025-11-14T16:00:00+00:00,98969.13
2025-11-14T16:15:00+00:00,98969.13
2025-11-14T16:30:00+00:00,98969.13
2025-11-14T16:45:00+00:00,98969.13
2025-11-14T17:00:00+00:00,98969.13
2025-11-14T17:15:00+00:00,98969.13
2025-11-14T17:30:00+00:00,98969.13
2025-11-14T17:45:00+00:00,98969.13
2025-11-14T18:00:00+00:00,98969.13
2025-11-14T18:15:00+00:00,98969.13
2025-11-14T18:30:00+00:00,98969.13
2025-11-14T18:45:00+00:00,98969.13
2025-11-14T19:00:00+00:00,98950.45
2025-11-14T19:15:00+00:00,98950.45
2025-11-14T19:30:00+00:00,98950.45
2025-11-14T19:45:00+00:00,98950.45
2025-11-14T20:00:00+00:00,98950.45
2025-11-14T20:10:00+00:00,98950.45
2025-11-17T15:00:00+00:00,98956.45
2025-11-17T15:15:00+00:00,98956.45
2025-11-17T15:30:00+00:00,98956.45
2025-11-17T15:45:00+00:00,98956.45
2025-11-17T16:00:00+00:00,98956.45
2025-11-17T16:15:00+00:00,98956.45
2025-11-17T16:30:00+00:00,98956.45
2025-11-17T16:45:00+00:00,98956.45
2025-11-17T17:00:00+00:00,98956.45
2025-11-17T17:15:00+00:00,98956.45
2025-11-17T17:30:00+00:00,98956.45
2025-11-17T17:45:00+00:00,98956.45
2025-11-17T18:00:00+00:00,98956.45
2025-11-17T18:15:00+00:00,98956.45
2025-11-17T18:30:00+00:00,98956.45
2025-11-17T18:45:00+00:00,98956.45
2025-11-17T19:00:00+00:00,98951.45
2025-11-17T19:15:00+00:00,98954.55
2025-11-17T19:30:00+00:00,98950.16
2025-11-17T19:45:00+00:00,98950.16
2025-11-17T20:00:00+00:00,98950.16
2025-11-17T20:10:00+00:00,98950.16
2025-11-18T15:00:00+00:00,98748.17
2025-11-18T15:15:00+00:00,98748.17
2025-11-18T15:30:00+00:00,98748.17
2025-11-18T15:45:00+00:00,98748.17
2025-11-18T16:00:00+00:00,98748.17
2025-11-18T16:15:00+00:00,98748.17
2025-11-18T16:30:00+00:00,98748.17
2025-11-18T16:45:00+00:00,98748.17
2025-11-18T17:00:00+00:00,98748.17
2025-11-18T17:15:00+00:00,98748.17
2025-11-18T17:30:00+00:00,98748.17
2025-11-18T17:45:00+00:00,98748.17
2025-11-18T18:00:00+00:00,98748.17
2025-11-18T18:15:00+00:00,98748.17
2025-11-18T18:30:00+00:00,98748.17
2025-11-18T18:45:00+00:00,98748.17
2025-11-18T19:00:00+00:00,98748.17
2025-11-18T19:15:00+00:00,98748.17
2025-11-18T19:30:00+00:00,98748.17
2025-11-18T19:45:00+00:00,98748.17
2025-11-18T20:00:00+00:00,98748.17
2025-11-18T20:10:00+00:00,98748.17
2025-11-19T15:00:00+00:00,98929.67
2025-11-19T15:15:00+00:00,98934.61
2025-11-19T15:30:00+00:00,98918.79
2025-11-19T15:45:00+00:00,98918.79
2025-11-19T16:00:00+00:00,98918.79
2025-11-19T16:15:00+00:00,98918.79
2025-11-19T16:30:00+00:00,98918.79
2025-11-19T16:45:00+00:00,98918.79
2025-11-19T17:00:00+00:00,98918.79
2025-11-19T17:15:00+00:00,98918.79
2025-11-19T17:30:00+00:00,98918.79
2025-11-19T17:45:00+00:00,98918.79
2025-11-19T18:00:00+00:00,98918.79
2025-11-19T18:15:00+00:00,98918.79
2025-11-19T18:30:00+00:00,98918.79
2025-11-19T18:45:00+00:00,98918.79
2025-11-19T19:00:00+00:00,98918.79
2025-11-19T19:15:00+00:00,98918.79
2025-11-19T19:30:00+00:00,98918.79
2025-11-19T19:45:00+00:00,98918.79
2025-11-19T20:00:00+00:00,98918.79
2025-11-19T20:10:00+00:00,98918.79
2025-11-20T15:00:00+00:00,98752.79
2025-11-20T15:15:00+00:00,98752.79
2025-11-20T15:30:00+00:00,98752.79
2025-11-20T15:45:00+00:00,98752.79
2025-11-20T16:00:00+00:00,98752.79
2025-11-20T16:15:00+00:00,98752.79
2025-11-20T16:30:00+00:00,98752.79
2025-11-20T16:45:00+00:00,98752.79
2025-11-20T17:00:00+00:00,98752.79
2025-11-20T17:15:00+00:00,98752.79
2025-11-20T17:30:00+00:00,98752.79
2025-11-20T17:45:00+00:00,98740.79
2025-11-20T18:00:00+00:00,98740.79
2025-11-20T18:15:00+00:00,98740.79
2025-11-20T18:30:00+00:00,98740.79
2025-11-20T18:45:00+00:00,98740.79
2025-11-20T19:00:00+00:00,98740.79
2025-11-20T19:15:00+00:00,98740.79
2025-11-20T19:30:00+00:00,98740.79
2025-11-20T19:45:00+00:00,98740.79
2025-11-20T20:00:00+00:00,98740.79
2025-11-20T20:10:00+00:00,98740.79
2025-11-21T15:00:00+00:00,98936.79
2025-11-21T15:15:00+00:00,98936.79
2025-11-21T15:30:00+00:00,98936.79
2025-11-21T15:45:00+00:00,98936.79
2025-11-21T16:00:00+00:00,98931.79
2025-11-21T16:15:00+00:00,98931.81
2025-11-21T16:30:00+00:00,98924.47
2025-11-21T16:45:00+00:00,98924.47
2025-11-21T17:00:00+00:00,98924.47
2025-11-21T17:15:00+00:00,98924.47
2025-11-21T17:30:00+00:00,98924.47
2025-11-21T17:45:00+00:00,98924.47
2025-11-21T18:00:00+00:00,98924.47
2025-11-21T18:15:00+00:00,98924.47
2025-11-21T18:30:00+00:00,98919.47
2025-11-21T18:45:00+00:00,98927.79
2025-11-21T19:00:00+00:00,98923.7
2025-11-21T19:15:00+00:00,98923.7
2025-11-21T19:30:00+00:00,98923.7
2025-11-21T19:45:00+00:00,98923.7
2025-11-21T20:00:00+00:00,98923.7
2025-11-21T20:10:00+00:00,98923.7
2025-11-24T15:00:00+00:00,99198.52
2025-11-24T15:15:00+00:00,99198.52
2025-11-24T15:30:00+00:00,99198.52
2025-11-24T15:45:00+00:00,99198.52
2025-11-24T16:00:00+00:00,99198.52
2025-11-24T16:15:00+00:00,99198.52
2025-11-24T16:30:00+00:00,99198.52
2025-11-24T16:45:00+00:00,99198.52
2025-11-24T17:00:00+00:00,99198.52
2025-11-24T17:15:00+00:00,99198.52
2025-11-24T17:30:00+00:00,99198.52
2025-11-24T17:45:00+00:00,99198.52
2025-11-24T18:00:00+00:00,99198.52
2025-11-24T18:15:00+00:00,99198.52
2025-11-24T18:30:00+00:00,99198.52
2025-11-24T18:45:00+00:00,99198.52
2025-11-24T19:00:00+00:00,99198.52
2025-11-24T19:15:00+00:00,99198.52
2025-11-24T19:30:00+00:00,99198.52
2025-11-24T19:45:00+00:00,99198.52
2025-11-24T20:00:00+00:00,99198.52
2025-11-24T20:10:00+00:00,99198.52
2025-11-25T15:00:00+00:00,99135.41
2025-11-25T15:15:00+00:00,99135.41
2025-11-25T15:30:00+00:00,99135.41
2025-11-25T15:45:00+00:00,99135.41
2025-11-25T16:00:00+00:00,99135.41
2025-11-25T16:15:00+00:00,99135.41
2025-11-25T16:30:00+00:00,99135.41
2025-11-25T16:45:00+00:00,99135.41
2025-11-25T17:00:00+00:00,99135.41
2025-11-25T17:15:00+00:00,99135.41
2025-11-25T17:30:00+00:00,99135.41
2025-11-25T17:45:00+00:00,99135.41
2025-11-25T18:00:00+00:00,99135.41
2025-11-25T18:15:00+00:00,99135.41
2025-11-25T18:30:00+00:00,99135.41
2025-11-25T18:45:00+00:00,99135.41
2025-11-25T19:00:00+00:00,99135.41
2025-11-25T19:15:00+00:00,99135.41
2025-11-25T19:30:00+00:00,99135.41
2025-11-25T19:45:00+00:00,99135.41
2025-11-25T20:00:00+00:00,99135.41
2025-11-25T20:10:00+00:00,99130.46
2025-11-26T15:00:00+00:00,99123.46
2025-11-26T15:15:00+00:00,99123.18
2025-11-26T15:30:00+00:00,99121.55
2025-11-26T15:45:00+00:00,99121.55
2025-11-26T16:00:00+00:00,99121.55
2025-11-26T16:15:00+00:00,99121.55
2025-11-26T16:30:00+00:00,99121.55
2025-11-26T16:45:00+00:00,99121.55
2025-11-26T17:00:00+00:00,99121.55
2025-11-26T17:15:00+00:00,99121.55
2025-11-26T17:30:00+00:00,99121.55
2025-11-26T17:45:00+00:00,99121.55
2025-11-26T18:00:00+00:00,99121.55
2025-11-26T18:15:00+00:00,99121.55
2025-11-26T18:30:00+00:00,99121.55
2025-11-26T18:45:00+00:00,99114.55
2025-11-26T19:00:00+00:00,99120.29
2025-11-26T19:15:00+00:00,99113.49
2025-11-26T19:30:00+00:00,99113.49
2025-11-26T19:45:00+00:00,99113.49
2025-11-26T20:00:00+00:00,99113.49
2025-11-26T20:10:00+00:00,99113.49
2025-11-28T15:00:00+00:00,99113.49
2025-11-28T15:15:00+00:00,99106.99
2025-11-28T15:30:00+00:00,99108.29
2025-11-28T15:45:00+00:00,99096.91
2025-11-28T16:00:00+00:00,99105.38
2025-11-28T16:15:00+00:00,99510.73
2025-11-28T16:30:00+00:00,99510.73
2025-11-28T16:45:00+00:00,99510.73
2025-11-28T17:00:00+00:00,99510.73
2025-11-28T17:15:00+00:00,99510.73
2025-11-28T17:30:00+00:00,99510.73
2025-11-28T17:45:00+00:00,99510.73
2025-11-28T18:00:00+00:00,99510.73
2025-11-28T18:15:00+00:00,99510.73
2025-11-28T18:30:00+00:00,99503.73
2025-11-28T18:45:00+00:00,99504.71
2025-11-28T19:00:00+00:00,99498.32
2025-11-28T19:15:00+00:00,99498.32
2025-11-28T19:30:00+00:00,99498.32
2025-11-28T19:45:00+00:00,99498.32
2025-11-28T20:00:00+00:00,99498.32
2025-11-28T20:10:00+00:00,99498.32
2025-12-01T15:00:00+00:00,99477.32
2025-12-01T15:15:00+00:00,98511.23
2025-12-01T15:30:00+00:00,98511.23
2025-12-01T15:45:00+00:00,98504.23
2025-12-01T16:00:00+00:00,98508.29
2025-12-01T16:15:00+00:00,98530.32
2025-12-01T16:30:00+00:00,98543.62
2025-12-01T16:45:00+00:00,100094.45
2025-12-01T17:00:00+00:00,100094.45
2025-12-01T17:15:00+00:00,100094.45
2025-12-01T17:30:00+00:00,100094.45
2025-12-01T17:45:00+00:00,100094.45
2025-12-01T18:00:00+00:00,100094.45
2025-12-01T18:15:00+00:00,100094.45
2025-12-01T18:30:00+00:00,100089.45
2025-12-01T18:45:00+00:00,100075.5
2025-12-01T19:00:00+00:00,99814.9
2025-12-01T19:15:00+00:00,99814.9
2025-12-01T19:30:00+00:00,99814.9
2025-12-01T19:45:00+00:00,99814.9
2025-12-01T20:00:00+00:00,99814.9
2025-12-01T20:10:00+00:00,99814.9
2025-12-02T15:00:00+00:00,99814.9
2025-12-02T15:15:00+00:00,99814.9
2025-12-02T15:30:00+00:00,99814.9
2025-12-02T15:45:00+00:00,99807.4
2025-12-02T16:00:00+00:00,100178.38
2025-12-02T16:15:00+00:00,100178.38
2025-12-02T16:30:00+00:00,100178.38
2025-12-02T16:45:00+00:00,100178.38
2025-12-02T17:00:00+00:00,100178.38
2025-12-02T17:15:00+00:00,100178.38
2025-12-02T17:30:00+00:00,100178.38
2025-12-02T17:45:00+00:00,100178.38
2025-12-02T18:00:00+00:00,100178.38
2025-12-02T18:15:00+00:00,100178.38
2025-12-02T18:30:00+00:00,100172.88
2025-12-02T18:45:00+00:00,100164.77
2025-12-02T19:00:00+00:00,100164.77
2025-12-02T19:15:00+00:00,100164.77
2025-12-02T19:30:00+00:00,100164.77
2025-12-02T19:45:00+00:00,100164.77
2025-12-02T20:00:00+00:00,100164.77
2025-12-02T20:10:00+00:00,100164.77
2025-12-03T15:00:00+00:00,100164.77
2025-12-03T15:15:00+00:00,100164.77
2025-12-03T15:30:00+00:00,100164.77
2025-12-03T15:45:00+00:00,100159.77
2025-12-03T16:00:00+00:00,100164.42
2025-12-03T16:15:00+00:00,100160.32
2025-12-03T16:30:00+00:00,100160.32
2025-12-03T16:45:00+00:00,100160.32
2025-12-03T17:00:00+00:00,100160.32
2025-12-03T17:15:00+00:00,100160.32
2025-12-03T17:30:00+00:00,100160.32
2025-12-03T17:45:00+00:00,100160.32
2025-12-03T18:00:00+00:00,100160.32
2025-12-03T18:15:00+00:00,100160.32
2025-12-03T18:30:00+00:00,100154.32
2025-12-03T18:45:00+00:00,100148.28
2025-12-03T19:00:00+00:00,100257.87
2025-12-03T19:15:00+00:00,100257.87
2025-12-03T19:30:00+00:00,100257.87
2025-12-03T19:45:00+00:00,100257.87
2025-12-03T20:00:00+00:00,100257.87
2025-12-03T20:10:00+00:00,100257.87
2025-12-04T15:00:00+00:00,100250.37
2025-12-04T15:15:00+00:00,100208.67
2025-12-04T15:30:00+00:00,100208.67
2025-12-04T15:45:00+00:00,100208.67
2025-12-04T16:00:00+00:00,100208.67
2025-12-04T16:15:00+00:00,100201.67
2025-12-04T16:30:00+00:00,100186.83
2025-12-04T16:45:00+00:00,100171.06
2025-12-04T17:00:00+00:00,100171.06
2025-12-04T17:15:00+00:00,100171.06
2025-12-04T17:30:00+00:00,100171.06
2025-12-04T17:45:00+00:00,100171.06
2025-12-04T18:00:00+00:00,100171.06
2025-12-04T18:15:00+00:00,100171.06
2025-12-04T18:30:00+00:00,100164.56
2025-12-04T18:45:00+00:00,100153.79
2025-12-04T19:00:00+00:00,100143.29
2025-12-04T19:15:00+00:00,100089.17
2025-12-04T19:30:00+00:00,100089.17
2025-12-04T19:45:00+00:00,100089.17
2025-12-04T20:00:00+00:00,100089.17
2025-12-04T20:10:00+00:00,100089.17
2025-12-05T15:00:00+00:00,100089.17
2025-12-05T15:15:00+00:00,100082.17
2025-12-05T15:30:00+00:00,100107.79
2025-12-05T15:45:00+00:00,100098.6
2025-12-05T16:00:00+00:00,100094.1
2025-12-05T16:15:00+00:00,100063.23
2025-12-05T16:30:00+00:00,100054.1
2025-12-05T16:45:00+00:00,100054.1
2025-12-05T17:00:00+00:00,100054.1
2025-12-05T17:15:00+00:00,100054.1
2025-12-05T17:30:00+00:00,100054.1
2025-12-05T17:45:00+00:00,100054.1
2025-12-05T18:00:00+00:00,100054.1
2025-12-05T18:15:00+00:00,100054.1
2025-12-05T18:30:00+00:00,100054.1
2025-12-05T18:45:00+00:00,100054.1
2025-12-05T19:00:00+00:00,100054.1
2025-12-05T19:15:00+00:00,100054.1
2025-12-05T19:30:00+00:00,100049.6
2025-12-05T19:45:00+00:00,100053.47
2025-12-05T20:00:00+00:00,100050.8
2025-12-05T20:10:00+00:00,100050.8
2025-12-08T15:00:00+00:00,100045.8
2025-12-08T15:15:00+00:00,100115.27
2025-12-08T15:30:00+00:00,100041.32
2025-12-08T15:45:00+00:00,100041.32
2025-12-08T16:00:00+00:00,100041.32
2025-12-08T16:15:00+00:00,100041.32
2025-12-08T16:30:00+00:00,100041.32
2025-12-08T16:45:00+00:00,100041.32
2025-12-08T17:00:00+00:00,100041.32
2025-12-08T17:15:00+00:00,100041.32
2025-12-08T17:30:00+00:00,100041.32
2025-12-08T17:45:00+00:00,100041.32
2025-12-08T18:00:00+00:00,100041.32
2025-12-08T18:15:00+00:00,100041.32
2025-12-08T18:30:00+00:00,100036.82
2025-12-08T18:45:00+00:00,100037.09
2025-12-08T19:00:00+00:00,100032.56
2025-12-08T19:15:00+00:00,100032.56
2025-12-08T19:30:00+00:00,100032.56
2025-12-08T19:45:00+00:00,100032.56
2025-12-08T20:00:00+00:00,100032.56
2025-12-08T20:10:00+00:00,100032.56
2025-12-09T15:00:00+00:00,100032.56
2025-12-09T15:15:00+00:00,100025.06
2025-12-09T15:30:00+00:00,99685.85
2025-12-09T15:45:00+00:00,99685.85
2025-12-09T16:00:00+00:00,99685.85
2025-12-09T16:15:00+00:00,99685.85
2025-12-09T16:30:00+00:00,99685.85
2025-12-09T16:45:00+00:00,99685.85
2025-12-09T17:00:00+00:00,99685.85
2025-12-09T17:15:00+00:00,99685.85
2025-12-09T17:30:00+00:00,99685.85
2025-12-09T17:45:00+00:00,99685.85
2025-12-09T18:00:00+00:00,99685.85
2025-12-09T18:15:00+00:00,99685.85
2025-12-09T18:30:00+00:00,99685.85
2025-12-09T18:45:00+00:00,99681.35
2025-12-09T19:00:00+00:00,99672.77
2025-12-09T19:15:00+00:00,99672.77
2025-12-09T19:30:00+00:00,99672.77
2025-12-09T19:45:00+00:00,99672.77
2025-12-09T20:00:00+00:00,99672.77
2025-12-09T20:10:00+00:00,99672.77
2025-12-10T15:00:00+00:00,99667.77
2025-12-10T15:15:00+00:00,99668.04
2025-12-10T15:30:00+00:00,99659.01
2025-12-10T15:45:00+00:00,99647.01
2025-12-10T16:00:00+00:00,99678.73
2025-12-10T16:15:00+00:00,99645.7
2025-12-10T16:30:00+00:00,99634.68
2025-12-10T16:45:00+00:00,99634.68
2025-12-10T17:00:00+00:00,99634.68
2025-12-10T17:15:00+00:00,99634.68
2025-12-10T17:30:00+00:00,99634.68
2025-12-10T17:45:00+00:00,99634.68
2025-12-10T18:00:00+00:00,99634.68
2025-12-10T18:15:00+00:00,99634.68
2025-12-10T18:30:00+00:00,99629.68
2025-12-10T18:45:00+00:00,99625.87
2025-12-10T19:00:00+00:00,99814.58
2025-12-10T19:15:00+00:00,99814.58
2025-12-10T19:30:00+00:00,99814.58
2025-12-10T19:45:00+00:00,99814.58
2025-12-10T20:00:00+00:00,99814.58
2025-12-10T20:10:00+00:00,99814.58
2025-12-11T15:00:00+00:00,99804.58
2025-12-11T15:15:00+00:00,99584.49
2025-12-11T15:30:00+00:00,99598.45
2025-12-11T15:45:00+00:00,99613.95
2025-12-11T16:00:00+00:00,99613.95
2025-12-11T16:15:00+00:00,99613.95
2025-12-11T16:30:00+00:00,99613.95
2025-12-11T16:45:00+00:00,99613.95
2025-12-11T17:00:00+00:00,99613.95
2025-12-11T17:15:00+00:00,99613.95
2025-12-11T17:30:00+00:00,99613.95
2025-12-11T17:45:00+00:00,99613.95
2025-12-11T18:00:00+00:00,99613.95
2025-12-11T18:15:00+00:00,99613.95
2025-12-11T18:30:00+00:00,99613.95
2025-12-11T18:45:00+00:00,99613.95
2025-12-11T19:00:00+00:00,99609.95
2025-12-11T19:15:00+00:00,99618.47
2025-12-11T19:30:00+00:00,99620.33
2025-12-11T19:45:00+00:00,99620.33
2025-12-11T20:00:00+00:00,99620.33
2025-12-11T20:10:00+00:00,99620.33
2025-12-12T15:00:00+00:00,99609.33
2025-12-12T15:15:00+00:00,99587.68
2025-12-12T15:30:00+00:00,99541.26
2025-12-12T15:45:00+00:00,99537.26
2025-12-12T16:00:00+00:00,99525.65
2025-12-12T16:15:00+00:00,99519.15
2025-12-12T16:30:00+00:00,99542.03
2025-12-12T16:45:00+00:00,99515.03
2025-12-12T17:00:00+00:00,99515.03
2025-12-12T17:15:00+00:00,99515.03
2025-12-12T17:30:00+00:00,99515.03
2025-12-12T17:45:00+00:00,99515.03
2025-12-12T18:00:00+00:00,99515.03
2025-12-12T18:15:00+00:00,99515.03
2025-12-12T18:30:00+00:00,99494.03
2025-12-12T18:45:00+00:00,99486.81
2025-12-12T19:00:00+00:00,99470.8
2025-12-12T19:15:00+00:00,99470.8
2025-12-12T19:30:00+00:00,99470.8
2025-12-12T19:45:00+00:00,99470.8
2025-12-12T20:00:00+00:00,99470.8
2025-12-12T20:10:00+00:00,99470.8
2025-12-15T15:00:00+00:00,99467.3
2025-12-15T15:15:00+00:00,99475.82
2025-12-15T15:30:00+00:00,99475.82
2025-12-15T15:45:00+00:00,99475.82
2025-12-15T16:00:00+00:00,99475.82
2025-12-15T16:15:00+00:00,99475.82
2025-12-15T16:30:00+00:00,99475.82
2025-12-15T16:45:00+00:00,99475.82
2025-12-15T17:00:00+00:00,99475.82
2025-12-15T17:15:00+00:00,99475.82
2025-12-15T17:30:00+00:00,99475.82
2025-12-15T17:45:00+00:00,99475.82
2025-12-15T18:00:00+00:00,99475.82
2025-12-15T18:15:00+00:00,99475.82
2025-12-15T18:30:00+00:00,99475.82
2025-12-15T18:45:00+00:00,99475.82
2025-12-15T19:00:00+00:00,99475.82
2025-12-15T19:15:00+00:00,99463.82
2025-12-15T19:30:00+00:00,99037.25
2025-12-15T19:45:00+00:00,99037.25
2025-12-15T20:00:00+00:00,99037.25
2025-12-15T20:10:00+00:00,99037.25
2025-12-16T15:00:00+00:00,99031.25
2025-12-16T15:15:00+00:00,99030.17
2025-12-16T15:30:00+00:00,99024.92
2025-12-16T15:45:00+00:00,99024.92
2025-12-16T16:00:00+00:00,99024.92
2025-12-16T16:15:00+00:00,99024.92
2025-12-16T16:30:00+00:00,99024.92
2025-12-16T16:45:00+00:00,99024.92
2025-12-16T17:00:00+00:00,99024.92
2025-12-16T17:15:00+00:00,99024.92
2025-12-16T17:30:00+00:00,99024.92
2025-12-16T17:45:00+00:00,99024.92
2025-12-16T18:00:00+00:00,99024.92
2025-12-16T18:15:00+00:00,99024.92
2025-12-16T18:30:00+00:00,99020.92
2025-12-16T18:45:00+00:00,99040.84
2025-12-16T19:00:00+00:00,99041.47
2025-12-16T19:15:00+00:00,99041.47
2025-12-16T19:30:00+00:00,99041.47
2025-12-16T19:45:00+00:00,99041.47
2025-12-16T20:00:00+00:00,99041.47
2025-12-16T20:10:00+00:00,99041.47
2025-12-17T15:00:00+00:00,99041.47
2025-12-17T15:15:00+00:00,99041.47
2025-12-17T15:30:00+00:00,99041.47
2025-12-17T15:45:00+00:00,99041.47
2025-12-17T16:00:00+00:00,99041.47
2025-12-17T16:15:00+00:00,99037.47
2025-12-17T16:30:00+00:00,99036.43
2025-12-17T16:45:00+00:00,99039.86
2025-12-17T17:00:00+00:00,99039.86
2025-12-17T17:15:00+00:00,99039.86
2025-12-17T17:30:00+00:00,99039.86
2025-12-17T17:45:00+00:00,99039.86
2025-12-17T18:00:00+00:00,99039.86
2025-12-17T18:15:00+00:00,99039.86
2025-12-17T18:30:00+00:00,99039.86
2025-12-17T18:45:00+00:00,99039.86
2025-12-17T19:00:00+00:00,99039.86
2025-12-17T19:15:00+00:00,99039.86
2025-12-17T19:30:00+00:00,99039.86
2025-12-17T19:45:00+00:00,99039.86
2025-12-17T20:00:00+00:00,99039.86
2025-12-17T20:10:00+00:00,99039.86
2025-12-18T15:00:00+00:00,99035.86
2025-12-18T15:15:00+00:00,99026.76
2025-12-18T15:30:00+00:00,99044.91
2025-12-18T15:45:00+00:00,99087.34
2025-12-18T16:00:00+00:00,99087.34
2025-12-18T16:15:00+00:00,99087.34
2025-12-18T16:30:00+00:00,99087.34
2025-12-18T16:45:00+00:00,99087.34
2025-12-18T17:00:00+00:00,99087.34
2025-12-18T17:15:00+00:00,99087.34
2025-12-18T17:30:00+00:00,99087.34
2025-12-18T17:45:00+00:00,99087.34
2025-12-18T18:00:00+00:00,99087.34
2025-12-18T18:15:00+00:00,99087.34
2025-12-18T18:30:00+00:00,99087.34
2025-12-18T18:45:00+00:00,99081.34
2025-12-18T19:00:00+00:00,99075.28
2025-12-18T19:15:00+00:00,99066.12
2025-12-18T19:30:00+00:00,99066.12
2025-12-18T19:45:00+00:00,99066.12
2025-12-18T20:00:00+00:00,99066.12
2025-12-18T20:10:00+00:00,99066.12
2025-12-19T15:00:00+00:00,99061.12
2025-12-19T15:15:00+00:00,100601.34
2025-12-19T15:30:00+00:00,100569.69
2025-12-19T15:45:00+00:00,100553.25
2025-12-19T16:00:00+00:00,100547.25
2025-12-19T16:15:00+00:00,100531.83
2025-12-19T16:30:00+00:00,100729.23
2025-12-19T16:45:00+00:00,100729.23
2025-12-19T17:00:00+00:00,100729.23
2025-12-19T17:15:00+00:00,100729.23
2025-12-19T17:30:00+00:00,100729.23
2025-12-19T17:45:00+00:00,100729.23
2025-12-19T18:00:00+00:00,100729.23
2025-12-19T18:15:00+00:00,100729.23
2025-12-19T18:30:00+00:00,100723.23
2025-12-19T18:45:00+00:00,100719.03
2025-12-19T19:00:00+00:00,100739.79
2025-12-19T19:15:00+00:00,100739.79
2025-12-19T19:30:00+00:00,100739.79
2025-12-19T19:45:00+00:00,100739.79
2025-12-19T20:00:00+00:00,100739.79
2025-12-19T20:10:00+00:00,100739.79
2025-12-22T15:00:00+00:00,100733.79
2025-12-22T15:15:00+00:00,100733.83
2025-12-22T15:30:00+00:00,100726.94
2025-12-22T15:45:00+00:00,100726.94
2025-12-22T16:00:00+00:00,100726.94
2025-12-22T16:15:00+00:00,100721.94
2025-12-22T16:30:00+00:00,100721.76
2025-12-22T16:45:00+00:00,100716.91
2025-12-22T17:00:00+00:00,100716.91
2025-12-22T17:15:00+00:00,100716.91
2025-12-22T17:30:00+00:00,100716.91
2025-12-22T17:45:00+00:00,100716.91
2025-12-22T18:00:00+00:00,100716.91
2025-12-22T18:15:00+00:00,100716.91
2025-12-22T18:30:00+00:00,100710.91
2025-12-22T18:45:00+00:00,100702.35
2025-12-22T19:00:00+00:00,100708.26
2025-12-22T19:15:00+00:00,100684.29
2025-12-22T19:30:00+00:00,100684.29
2025-12-22T19:45:00+00:00,100684.29
2025-12-22T20:00:00+00:00,100684.29
2025-12-22T20:10:00+00:00,100684.29
2025-12-23T15:00:00+00:00,100684.29
2025-12-23T15:15:00+00:00,100684.29
2025-12-23T15:30:00+00:00,100684.29
2025-12-23T15:45:00+00:00,100684.29
2025-12-23T16:00:00+00:00,100684.29
2025-12-23T16:15:00+00:00,100684.29
2025-12-23T16:30:00+00:00,100684.29
2025-12-23T16:45:00+00:00,100684.29
2025-12-23T17:00:00+00:00,100684.29
2025-12-23T17:15:00+00:00,100684.29
2025-12-23T17:30:00+00:00,100684.29
2025-12-23T17:45:00+00:00,100684.29
2025-12-23T18:00:00+00:00,100684.29
2025-12-23T18:15:00+00:00,100684.29
2025-12-23T18:30:00+00:00,100684.29
2025-12-23T18:45:00+00:00,100684.29
2025-12-23T19:00:00+00:00,100684.29
2025-12-23T19:15:00+00:00,100684.29
2025-12-23T19:30:00+00:00,100684.29
2025-12-23T19:45:00+00:00,100684.29
2025-12-23T20:00:00+00:00,100684.29
2025-12-23T20:10:00+00:00,100684.29
2025-12-24T15:00:00+00:00,100679.29
2025-12-24T15:15:00+00:00,100685.19
2025-12-24T15:30:00+00:00,100657.35
2025-12-24T15:45:00+00:00,100657.35
2025-12-24T16:00:00+00:00,100651.85
2025-12-24T16:15:00+00:00,100652.84
2025-12-24T16:30:00+00:00,100646.7
2025-12-24T16:45:00+00:00,100646.7
2025-12-24T17:00:00+00:00,100646.7
2025-12-24T17:15:00+00:00,100646.7
2025-12-24T17:30:00+00:00,100646.7
2025-12-24T17:45:00+00:00,100646.7
2025-12-24T18:00:00+00:00,100646.7
2025-12-24T18:15:00+00:00,100646.7
2025-12-24T18:30:00+00:00,100633.7
2025-12-24T18:45:00+00:00,100559.21
2025-12-24T19:00:00+00:00,100467.99
2025-12-24T19:15:00+00:00,100467.99
2025-12-24T19:30:00+00:00,100467.99
2025-12-24T19:45:00+00:00,100467.99
2025-12-24T20:00:00+00:00,100467.99
2025-12-24T20:10:00+00:00,100467.99
2025-12-26T15:00:00+00:00,100467.99
2025-12-26T15:15:00+00:00,100456.49
2025-12-26T15:30:00+00:00,102695.01
2025-12-26T15:45:00+00:00,102689.16
2025-12-26T16:00:00+00:00,102684.16
2025-12-26T16:15:00+00:00,102798.07
2025-12-26T16:30:00+00:00,102798.07
2025-12-26T16:45:00+00:00,102798.07
2025-12-26T17:00:00+00:00,102798.07
2025-12-26T17:15:00+00:00,102798.07
2025-12-26T17:30:00+00:00,102798.07
2025-12-26T17:45:00+00:00,102798.07
2025-12-26T18:00:00+00:00,102798.07
2025-12-26T18:15:00+00:00,102798.07
2025-12-26T18:30:00+00:00,102784.57
2025-12-26T18:45:00+00:00,102558.18
2025-12-26T19:00:00+00:00,102552.81
2025-12-26T19:15:00+00:00,102552.81
2025-12-26T19:30:00+00:00,102552.81
2025-12-26T19:45:00+00:00,102552.81
2025-12-26T20:00:00+00:00,102552.81
2025-12-26T20:10:00+00:00,102552.81
2025-12-29T15:00:00+00:00,102546.81
2025-12-29T15:15:00+00:00,102548.87
2025-12-29T15:30:00+00:00,102559.7
2025-12-29T15:45:00+00:00,102555.53
2025-12-29T16:00:00+00:00,102555.53
2025-12-29T16:15:00+00:00,102555.53
2025-12-29T16:30:00+00:00,102555.53
2025-12-29T16:45:00+00:00,102555.53
2025-12-29T17:00:00+00:00,102555.53
2025-12-29T17:15:00+00:00,102555.53
2025-12-29T17:30:00+00:00,102555.53
2025-12-29T17:45:00+00:00,102555.53
2025-12-29T18:00:00+00:00,102555.53
2025-12-29T18:15:00+00:00,102555.53
2025-12-29T18:30:00+00:00,102555.53
2025-12-29T18:45:00+00:00,102555.53
2025-12-29T19:00:00+00:00,102555.53
2025-12-29T19:15:00+00:00,102550.53
2025-12-29T19:30:00+00:00,102548.31
2025-12-29T19:45:00+00:00,102543.56
2025-12-29T20:00:00+00:00,102543.56
2025-12-29T20:10:00+00:00,102543.56
2025-12-30T15:00:00+00:00,102543.56
2025-12-30T15:15:00+00:00,102537.06
2025-12-30T15:30:00+00:00,102526.73
2025-12-30T15:45:00+00:00,102512.43
2025-12-30T16:00:00+00:00,102510.54
2025-12-30T16:15:00+00:00,102510.54
2025-12-30T16:30:00+00:00,102510.54
2025-12-30T16:45:00+00:00,102510.54
2025-12-30T17:00:00+00:00,102510.54
2025-12-30T17:15:00+00:00,102510.54
2025-12-30T17:30:00+00:00,102510.54
2025-12-30T17:45:00+00:00,102510.54
2025-12-30T18:00:00+00:00,102510.54
2025-12-30T18:15:00+00:00,102510.54
2025-12-30T18:30:00+00:00,102505.04
2025-12-30T18:45:00+00:00,102511.09
2025-12-30T19:00:00+00:00,102507.15
2025-12-30T19:15:00+00:00,102507.15
2025-12-30T19:30:00+00:00,102507.15
2025-12-30T19:45:00+00:00,102507.15
2025-12-30T20:00:00+00:00,102507.15
2025-12-30T20:10:00+00:00,102507.15
2025-12-31T15:00:00+00:00,102507.15
2025-12-31T15:15:00+00:00,102507.15
2025-12-31T15:30:00+00:00,102507.15
2025-12-31T15:45:00+00:00,102507.15
2025-12-31T16:00:00+00:00,102507.15
2025-12-31T16:15:00+00:00,102507.15
2025-12-31T16:30:00+00:00,102507.15
2025-12-31T16:45:00+00:00,102507.15
2025-12-31T17:00:00+00:00,102507.15
2025-12-31T17:15:00+00:00,102507.15
2025-12-31T17:30:00+00:00,102507.15
2025-12-31T17:45:00+00:00,102507.15
2025-12-31T18:00:00+00:00,102507.15
2025-12-31T18:15:00+00:00,102507.15
2025-12-31T18:30:00+00:00,102507.15
2025-12-31T18:45:00+00:00,102496.15
2025-12-31T19:00:00+00:00,102524.42
2025-12-31T19:15:00+00:00,102488.03
2025-12-31T19:30:00+00:00,102482.53
2025-12-31T19:45:00+00:00,102485.94
2025-12-31T20:00:00+00:00,102479.03
2025-12-31T20:10:00+00:00,102479.03
2026-01-02T15:00:00+00:00,102474.53
2026-01-02T15:15:00+00:00,102457.07
2026-01-02T15:30:00+00:00,102443.66
2026-01-02T15:45:00+00:00,102438.16
2026-01-02T16:00:00+00:00,102397.46
2026-01-02T16:15:00+00:00,103866.75
2026-01-02T16:30:00+00:00,103866.75
2026-01-02T16:45:00+00:00,103866.75
2026-01-02T17:00:00+00:00,103866.75
2026-01-02T17:15:00+00:00,103866.75
2026-01-02T17:30:00+00:00,103866.75
2026-01-02T17:45:00+00:00,103866.75
2026-01-02T18:00:00+00:00,103866.75
2026-01-02T18:15:00+00:00,103866.75
2026-01-02T18:30:00+00:00,103862.25
2026-01-02T18:45:00+00:00,103865.7
2026-01-02T19:00:00+00:00,103858.05
2026-01-02T19:15:00+00:00,103858.05
2026-01-02T19:30:00+00:00,103858.05
2026-01-02T19:45:00+00:00,103858.05
2026-01-02T20:00:00+00:00,103858.05
2026-01-02T20:10:00+00:00,103858.05
2026-01-05T15:00:00+00:00,103858.05
2026-01-05T15:15:00+00:00,103845.55
2026-01-05T15:30:00+00:00,103285.66
2026-01-05T15:45:00+00:00,103285.66
2026-01-05T16:00:00+00:00,103285.66
2026-01-05T16:15:00+00:00,103285.66
2026-01-05T16:30:00+00:00,103285.66
2026-01-05T16:45:00+00:00,103285.66
2026-01-05T17:00:00+00:00,103285.66
2026-01-05T17:15:00+00:00,103285.66
2026-01-05T17:30:00+00:00,103285.66
2026-01-05T17:45:00+00:00,103285.66
2026-01-05T18:00:00+00:00,103285.66
2026-01-05T18:15:00+00:00,103285.66
2026-01-05T18:30:00+00:00,103285.66
2026-01-05T18:45:00+00:00,103285.66
2026-01-05T19:00:00+00:00,103285.66
2026-01-05T19:15:00+00:00,103273.66
2026-01-05T19:30:00+00:00,103061.01
2026-01-05T19:45:00+00:00,103061.01
2026-01-05T20:00:00+00:00,103061.01
2026-01-05T20:10:00+00:00,103061.01
2026-01-06T15:00:00+00:00,103058.01
2026-01-06T15:15:00+00:00,103058.01
2026-01-06T15:30:00+00:00,103058.01
2026-01-06T15:45:00+00:00,103058.01
2026-01-06T16:00:00+00:00,103058.01
2026-01-06T16:15:00+00:00,103058.01
2026-01-06T16:30:00+00:00,103058.01
2026-01-06T16:45:00+00:00,103058.01
2026-01-06T17:00:00+00:00,103058.01
2026-01-06T17:15:00+00:00,103058.01
2026-01-06T17:30:00+00:00,103058.01
2026-01-06T17:45:00+00:00,103058.01
2026-01-06T18:00:00+00:00,103058.01
2026-01-06T18:15:00+00:00,103058.01
2026-01-06T18:30:00+00:00,103058.01
2026-01-06T18:45:00+00:00,103058.01
2026-01-06T19:00:00+00:00,103058.01
2026-01-06T19:15:00+00:00,103058.01
2026-01-06T19:30:00+00:00,103058.01
2026-01-06T19:45:00+00:00,103058.01
2026-01-06T20:00:00+00:00,103058.01
2026-01-06T20:10:00+00:00,103058.01
2026-01-07T15:00:00+00:00,103026.01
2026-01-07T15:15:00+00:00,104065.29
2026-01-07T15:30:00+00:00,104065.29
2026-01-07T15:45:00+00:00,104060.29
2026-01-07T16:00:00+00:00,104059.04
2026-01-07T16:15:00+00:00,104054.42
2026-01-07T16:30:00+00:00,104054.42
2026-01-07T16:45:00+00:00,104054.42
2026-01-07T17:00:00+00:00,104054.42
2026-01-07T17:15:00+00:00,104054.42
2026-01-07T17:30:00+00:00,104054.42
2026-01-07T17:45:00+00:00,104054.42
2026-01-07T18:00:00+00:00,104054.42
2026-01-07T18:15:00+00:00,104054.42
2026-01-07T18:30:00+00:00,104049.42
2026-01-07T18:45:00+00:00,104049.7
2026-01-07T19:00:00+00:00,104042.44
2026-01-07T19:15:00+00:00,104042.44
2026-01-07T19:30:00+00:00,104042.44
2026-01-07T19:45:00+00:00,104042.44
2026-01-07T20:00:00+00:00,104042.44
2026-01-07T20:10:00+00:00,104042.44
2026-01-08T15:00:00+00:00,104079.44
2026-01-08T15:15:00+00:00,104067.94
2026-01-08T15:30:00+00:00,104067.91
2026-01-08T15:45:00+00:00,104060.3
2026-01-08T16:00:00+00:00,104060.3
2026-01-08T16:15:00+00:00,104060.3
2026-01-08T16:30:00+00:00,104060.3
2026-01-08T16:45:00+00:00,104060.3
2026-01-08T17:00:00+00:00,104060.3
2026-01-08T17:15:00+00:00,104060.3
2026-01-08T17:30:00+00:00,104060.3
2026-01-08T17:45:00+00:00,104060.3
2026-01-08T18:00:00+00:00,104060.3
2026-01-08T18:15:00+00:00,104060.3
2026-01-08T18:30:00+00:00,104056.3
2026-01-08T18:45:00+00:00,104046.24
2026-01-08T19:00:00+00:00,104040.68
2026-01-08T19:15:00+00:00,104030.09
2026-01-08T19:30:00+00:00,104030.09
2026-01-08T19:45:00+00:00,104030.09
2026-01-08T20:00:00+00:00,104030.09
2026-01-08T20:10:00+00:00,104030.09
2026-01-09T15:00:00+00:00,104065.09
2026-01-09T15:15:00+00:00,104065.09
2026-01-09T15:30:00+00:00,104065.09
2026-01-09T15:45:00+00:00,104055.09
2026-01-09T16:00:00+00:00,103376.8
2026-01-09T16:15:00+00:00,103374.46
2026-01-09T16:30:00+00:00,103369.04
2026-01-09T16:45:00+00:00,103369.04
2026-01-09T17:00:00+00:00,103369.04
2026-01-09T17:15:00+00:00,103369.04
2026-01-09T17:30:00+00:00,103369.04
2026-01-09T17:45:00+00:00,103369.04
2026-01-09T18:00:00+00:00,103369.04
2026-01-09T18:15:00+00:00,103369.04
2026-01-09T18:30:00+00:00,103340.04
2026-01-09T18:45:00+00:00,102968.23
2026-01-09T19:00:00+00:00,102969.44
2026-01-09T19:15:00+00:00,102969.44
2026-01-09T19:30:00+00:00,102964.44
2026-01-09T19:45:00+00:00,102975.64
2026-01-09T20:00:00+00:00,103085.25
2026-01-09T20:10:00+00:00,103085.25
2026-01-12T15:00:00+00:00,103089.75
2026-01-12T15:15:00+00:00,103065.37
2026-01-12T15:30:00+00:00,103065.37
2026-01-12T15:45:00+00:00,103065.37
2026-01-12T16:00:00+00:00,103065.37
2026-01-12T16:15:00+00:00,103057.37
2026-01-12T16:30:00+00:00,103065.19
2026-01-12T16:45:00+00:00,103061.69
2026-01-12T17:00:00+00:00,103061.69
2026-01-12T17:15:00+00:00,103061.69
2026-01-12T17:30:00+00:00,103061.69
2026-01-12T17:45:00+00:00,103061.69
2026-01-12T18:00:00+00:00,103061.69
2026-01-12T18:15:00+00:00,103061.69
2026-01-12T18:30:00+00:00,103061.69
2026-01-12T18:45:00+00:00,103061.69
2026-01-12T19:00:00+00:00,103061.69
2026-01-12T19:15:00+00:00,103061.69
2026-01-12T19:30:00+00:00,103061.69
2026-01-12T19:45:00+00:00,103061.69
2026-01-12T20:00:00+00:00,103061.69
2026-01-12T20:10:00+00:00,103061.69
2026-01-13T15:00:00+00:00,103100.23
2026-01-13T15:15:00+00:00,103100.23
2026-01-13T15:30:00+00:00,103100.23
2026-01-13T15:45:00+00:00,103100.23
2026-01-13T16:00:00+00:00,103100.23
2026-01-13T16:15:00+00:00,103094.73
2026-01-13T16:30:00+00:00,103075.15
2026-01-13T16:45:00+00:00,103086.07
2026-01-13T17:00:00+00:00,103086.07
2026-01-13T17:15:00+00:00,103086.07
2026-01-13T17:30:00+00:00,103086.07
2026-01-13T17:45:00+00:00,103086.07
2026-01-13T18:00:00+00:00,103086.07
2026-01-13T18:15:00+00:00,103086.07
2026-01-13T18:30:00+00:00,103086.07
2026-01-13T18:45:00+00:00,103086.07
2026-01-13T19:00:00+00:00,103086.07
2026-01-13T19:15:00+00:00,103086.07
2026-01-13T19:30:00+00:00,103086.07
2026-01-13T19:45:00+00:00,103086.07
2026-01-13T20:00:00+00:00,103086.07
2026-01-13T20:10:00+00:00,103086.07
2026-01-14T15:00:00+00:00,103080.07
2026-01-14T15:15:00+00:00,103080.07
2026-01-14T15:30:00+00:00,103080.07
2026-01-14T15:45:00+00:00,103080.07
2026-01-14T16:00:00+00:00,103080.07
2026-01-14T16:15:00+00:00,103080.07
2026-01-14T16:30:00+00:00,103080.07
2026-01-14T16:45:00+00:00,103080.07
2026-01-14T17:00:00+00:00,103080.07
2026-01-14T17:15:00+00:00,103080.07
2026-01-14T17:30:00+00:00,103080.07
2026-01-14T17:45:00+00:00,103080.07
2026-01-14T18:00:00+00:00,103080.07
2026-01-14T18:15:00+00:00,103080.07
2026-01-14T18:30:00+00:00,103075.57
2026-01-14T18:45:00+00:00,103052.26
2026-01-14T19:00:00+00:00,103052.26
2026-01-14T19:15:00+00:00,103052.26
2026-01-14T19:30:00+00:00,103052.26
2026-01-14T19:45:00+00:00,103052.26
2026-01-14T20:00:00+00:00,103052.26
2026-01-14T20:10:00+00:00,103052.26
2026-01-15T15:00:00+00:00,103080.26
2026-01-15T15:15:00+00:00,103079.18
2026-01-15T15:30:00+00:00,103089.73
2026-01-15T15:45:00+00:00,103087.94
2026-01-15T16:00:00+00:00,103087.94
2026-01-15T16:15:00+00:00,103083.94
2026-01-15T16:30:00+00:00,103052.99
2026-01-15T16:45:00+00:00,103052.99
2026-01-15T17:00:00+00:00,103052.99
2026-01-15T17:15:00+00:00,103052.99
2026-01-15T17:30:00+00:00,103052.99
2026-01-15T17:45:00+00:00,103052.99
2026-01-15T18:00:00+00:00,103052.99
2026-01-15T18:15:00+00:00,103052.99
2026-01-15T18:30:00+00:00,103048.99
2026-01-15T18:45:00+00:00,103048.19
2026-01-15T19:00:00+00:00,103048.18
2026-01-15T19:15:00+00:00,103048.18
2026-01-15T19:30:00+00:00,103048.18
2026-01-15T19:45:00+00:00,103048.18
2026-01-15T20:00:00+00:00,103048.18
2026-01-15T20:10:00+00:00,103048.18
2026-01-16T15:00:00+00:00,103171.18
2026-01-16T15:15:00+00:00,103171.18
2026-01-16T15:30:00+00:00,103133.68
2026-01-16T15:45:00+00:00,103005.94
2026-01-16T16:00:00+00:00,102998.44
2026-01-16T16:15:00+00:00,103008.04
2026-01-16T16:30:00+00:00,102989.95
2026-01-16T16:45:00+00:00,102989.95
2026-01-16T17:00:00+00:00,102989.95
2026-01-16T17:15:00+00:00,102989.95
2026-01-16T17:30:00+00:00,102989.95
2026-01-16T17:45:00+00:00,102989.95
2026-01-16T18:00:00+00:00,102989.95
2026-01-16T18:15:00+00:00,102989.95
2026-01-16T18:30:00+00:00,102982.45
2026-01-16T18:45:00+00:00,102981.7
2026-01-16T19:00:00+00:00,103015.41
2026-01-16T19:15:00+00:00,103027.09
2026-01-16T19:30:00+00:00,103026.44
2026-01-16T19:45:00+00:00,103026.44
2026-01-16T20:00:00+00:00,103026.44
2026-01-16T20:10:00+00:00,103026.44
2026-01-20T15:00:00+00:00,102974.56
2026-01-20T15:15:00+00:00,102974.56
2026-01-20T15:30:00+00:00,102974.56
2026-01-20T15:45:00+00:00,102974.56
2026-01-20T16:00:00+00:00,102974.56
2026-01-20T16:15:00+00:00,102974.56
2026-01-20T16:30:00+00:00,102974.56
2026-01-20T16:45:00+00:00,102974.56
2026-01-20T17:00:00+00:00,102974.56
2026-01-20T17:15:00+00:00,102974.56
2026-01-20T17:30:00+00:00,102974.56
2026-01-20T17:45:00+00:00,102974.56
2026-01-20T18:00:00+00:00,102974.56
2026-01-20T18:15:00+00:00,102974.56
2026-01-20T18:30:00+00:00,102974.56
2026-01-20T18:45:00+00:00,102969.06
2026-01-20T19:00:00+00:00,102966.97
2026-01-20T19:15:00+00:00,102964.46
2026-01-20T19:30:00+00:00,102964.46
2026-01-20T19:45:00+00:00,102964.46
2026-01-20T20:00:00+00:00,102964.46
2026-01-20T20:10:00+00:00,102964.46
2026-01-21T15:00:00+00:00,102950.46
2026-01-21T15:15:00+00:00,102944.51
2026-01-21T15:30:00+00:00,102944.51
2026-01-21T15:45:00+00:00,102944.51
2026-01-21T16:00:00+00:00,102944.51
2026-01-21T16:15:00+00:00,102944.51
2026-01-21T16:30:00+00:00,102944.51
2026-01-21T16:45:00+00:00,102944.51
2026-01-21T17:00:00+00:00,102944.51
2026-01-21T17:15:00+00:00,102944.51
2026-01-21T17:30:00+00:00,102944.51
2026-01-21T17:45:00+00:00,102944.51
2026-01-21T18:00:00+00:00,102944.51
2026-01-21T18:15:00+00:00,102944.51
2026-01-21T18:30:00+00:00,102944.51
2026-01-21T18:45:00+00:00,102944.51
2026-01-21T19:00:00+00:00,102944.51
2026-01-21T19:15:00+00:00,102944.51
2026-01-21T19:30:00+00:00,102944.51
2026-01-21T19:45:00+00:00,102944.51
2026-01-21T20:00:00+00:00,102944.51
2026-01-21T20:10:00+00:00,102944.51
2026-01-22T15:00:00+00:00,102791.51
2026-01-22T15:15:00+00:00,102791.51
2026-01-22T15:30:00+00:00,102791.51
2026-01-22T15:45:00+00:00,102791.51
2026-01-22T16:00:00+00:00,102791.51
2026-01-22T16:15:00+00:00,102791.51
2026-01-22T16:30:00+00:00,102791.51
2026-01-22T16:45:00+00:00,102791.51
2026-01-22T17:00:00+00:00,102791.51
2026-01-22T17:15:00+00:00,102791.51
2026-01-22T17:30:00+00:00,102791.51
2026-01-22T17:45:00+00:00,102773.83
2026-01-22T18:00:00+00:00,102773.83
2026-01-22T18:15:00+00:00,102773.83
2026-01-22T18:30:00+00:00,102773.83
2026-01-22T18:45:00+00:00,102773.83
2026-01-22T19:00:00+00:00,102773.83
2026-01-22T19:15:00+00:00,102769.83
2026-01-22T19:30:00+00:00,102769.71
2026-01-22T19:45:00+00:00,102765.46
2026-01-22T20:00:00+00:00,102765.46
2026-01-22T20:10:00+00:00,102765.46
2026-01-23T15:00:00+00:00,102860.96
2026-01-23T15:15:00+00:00,102816.48
2026-01-23T15:30:00+00:00,102821.88
2026-01-23T15:45:00+00:00,102815.08
2026-01-23T16:00:00+00:00,102815.08
2026-01-23T16:15:00+00:00,102807.58
2026-01-23T16:30:00+00:00,102810.25
2026-01-23T16:45:00+00:00,102805.87
2026-01-23T17:00:00+00:00,102805.87
2026-01-23T17:15:00+00:00,102805.87
2026-01-23T17:30:00+00:00,102805.87
2026-01-23T17:45:00+00:00,102805.87
2026-01-23T18:00:00+00:00,102805.87
2026-01-23T18:15:00+00:00,102805.87
2026-01-23T18:30:00+00:00,102798.37
2026-01-23T18:45:00+00:00,102794.56
2026-01-23T19:00:00+00:00,102784.18
2026-01-23T19:15:00+00:00,102785.18
2026-01-23T19:30:00+00:00,102774.59
2026-01-23T19:45:00+00:00,102774.59
2026-01-23T20:00:00+00:00,102774.59
2026-01-23T20:10:00+00:00,102774.59
2026-01-26T15:00:00+00:00,102770.59
2026-01-26T15:15:00+00:00,102770.59
2026-01-26T15:30:00+00:00,102765.59
2026-01-26T15:45:00+00:00,102747.09
2026-01-26T16:00:00+00:00,102742.81
2026-01-26T16:15:00+00:00,102742.81
2026-01-26T16:30:00+00:00,102742.81
2026-01-26T16:45:00+00:00,102742.81
2026-01-26T17:00:00+00:00,102742.81
2026-01-26T17:15:00+00:00,102742.81
2026-01-26T17:30:00+00:00,102742.81
2026-01-26T17:45:00+00:00,102742.81
2026-01-26T18:00:00+00:00,102742.81
2026-01-26T18:15:00+00:00,102742.81
2026-01-26T18:30:00+00:00,102737.81
2026-01-26T18:45:00+00:00,102719.61
2026-01-26T19:00:00+00:00,102717.12
2026-01-26T19:15:00+00:00,102717.12
2026-01-26T19:30:00+00:00,102717.12
2026-01-26T19:45:00+00:00,102717.12
2026-01-26T20:00:00+00:00,102717.12
2026-01-26T20:10:00+00:00,102717.12
2026-01-27T15:00:00+00:00,102766.68
2026-01-27T15:15:00+00:00,102766.68
2026-01-27T15:30:00+00:00,102766.68
2026-01-27T15:45:00+00:00,102766.68
2026-01-27T16:00:00+00:00,102766.68
2026-01-27T16:15:00+00:00,102766.68
2026-01-27T16:30:00+00:00,102766.68
2026-01-27T16:45:00+00:00,102766.68
2026-01-27T17:00:00+00:00,102766.68
2026-01-27T17:15:00+00:00,102766.68
2026-01-27T17:30:00+00:00,102766.68
2026-01-27T17:45:00+00:00,102766.68
2026-01-27T18:00:00+00:00,102766.68
2026-01-27T18:15:00+00:00,102766.68
2026-01-27T18:30:00+00:00,102766.68
2026-01-27T18:45:00+00:00,102766.68
2026-01-27T19:00:00+00:00,102766.68
2026-01-27T19:15:00+00:00,102766.68
2026-01-27T19:30:00+00:00,102766.68
2026-01-27T19:45:00+00:00,102766.68
2026-01-27T20:00:00+00:00,102766.68
2026-01-27T20:10:00+00:00,102766.68
2026-01-28T15:00:00+00:00,102757.68
2026-01-28T15:15:00+00:00,102743.67
2026-01-28T15:30:00+00:00,102743.67
2026-01-28T15:45:00+00:00,102738.67
2026-01-28T16:00:00+00:00,102717.67
2026-01-28T16:15:00+00:00,102706.18
2026-01-28T16:30:00+00:00,102706.18
2026-01-28T16:45:00+00:00,102706.18
2026-01-28T17:00:00+00:00,102706.18
2026-01-28T17:15:00+00:00,102706.18
2026-01-28T17:30:00+00:00,102706.18
2026-01-28T17:45:00+00:00,102706.18
2026-01-28T18:00:00+00:00,102706.18
2026-01-28T18:15:00+00:00,102706.18
2026-01-28T18:30:00+00:00,102695.18
2026-01-28T18:45:00+00:00,102702.0
2026-01-28T19:00:00+00:00,102687.58
2026-01-28T19:15:00+00:00,102687.58
2026-01-28T19:30:00+00:00,102687.58
2026-01-28T19:45:00+00:00,102687.58
2026-01-28T20:00:00+00:00,102687.58
2026-01-28T20:10:00+00:00,102687.58
2026-01-29T15:00:00+00:00,102732.58
2026-01-29T15:15:00+00:00,102679.98
2026-01-29T15:30:00+00:00,102679.98
2026-01-29T15:45:00+00:00,102679.98
2026-01-29T16:00:00+00:00,102679.98
2026-01-29T16:15:00+00:00,102673.48
2026-01-29T16:30:00+00:00,102669.84
2026-01-29T16:45:00+00:00,102665.73
2026-01-29T17:00:00+00:00,102665.73
2026-01-29T17:15:00+00:00,102665.73
2026-01-29T17:30:00+00:00,102665.73
2026-01-29T17:45:00+00:00,102665.73
2026-01-29T18:00:00+00:00,102665.73
2026-01-29T18:15:00+00:00,102665.73
2026-01-29T18:30:00+00:00,102659.23
2026-01-29T18:45:00+00:00,102661.57
2026-01-29T19:00:00+00:00,102656.28
2026-01-29T19:15:00+00:00,102656.28
2026-01-29T19:30:00+00:00,102651.28
2026-01-29T19:45:00+00:00,102664.98
2026-01-29T20:00:00+00:00,102645.34
2026-01-29T20:10:00+00:00,102645.34
2026-01-30T15:00:00+00:00,102629.34
2026-01-30T15:15:00+00:00,102616.84
2026-01-30T15:30:00+00:00,102614.66
2026-01-30T15:45:00+00:00,102604.49
2026-01-30T16:00:00+00:00,102604.49
2026-01-30T16:15:00+00:00,102604.49
2026-01-30T16:30:00+00:00,102604.49
2026-01-30T16:45:00+00:00,102604.49
2026-01-30T17:00:00+00:00,102604.49
2026-01-30T17:15:00+00:00,102604.49
2026-01-30T17:30:00+00:00,102604.49
2026-01-30T17:45:00+00:00,102604.49
2026-01-30T18:00:00+00:00,102604.49
2026-01-30T18:15:00+00:00,102604.49
2026-01-30T18:30:00+00:00,102590.49
2026-01-30T18:45:00+00:00,102656.57
2026-01-30T19:00:00+00:00,102221.23
2026-01-30T19:15:00+00:00,102181.23
2026-01-30T19:30:00+00:00,102206.85
2026-01-30T19:45:00+00:00,102206.85
2026-01-30T20:00:00+00:00,102206.85
2026-01-30T20:10:00+00:00,102206.85
2026-02-02T15:00:00+00:00,102203.85
2026-02-02T15:15:00+00:00,102203.85
2026-02-02T15:30:00+00:00,102203.85
2026-02-02T15:45:00+00:00,102203.85
2026-02-02T16:00:00+00:00,102203.85
2026-02-02T16:15:00+00:00,102203.85
2026-02-02T16:30:00+00:00,102203.85
2026-02-02T16:45:00+00:00,102203.85
2026-02-02T17:00:00+00:00,102203.85
2026-02-02T17:15:00+00:00,102203.85
2026-02-02T17:30:00+00:00,102203.85
2026-02-02T17:45:00+00:00,102203.85
2026-02-02T18:00:00+00:00,102203.85
2026-02-02T18:15:00+00:00,102203.85
2026-02-02T18:30:00+00:00,102203.85
2026-02-02T18:45:00+00:00,102203.85
2026-02-02T19:00:00+00:00,102203.85
2026-02-02T19:15:00+00:00,102203.85
2026-02-02T19:30:00+00:00,102203.85
2026-02-02T19:45:00+00:00,102203.85
2026-02-02T20:00:00+00:00,102203.85
2026-02-02T20:10:00+00:00,102203.85
2026-02-03T15:00:00+00:00,102168.89
2026-02-03T15:15:00+00:00,102168.89
2026-02-03T15:30:00+00:00,102168.89
2026-02-03T15:45:00+00:00,102168.89
2026-02-03T16:00:00+00:00,102168.89
2026-02-03T16:15:00+00:00,102134.89
2026-02-03T16:30:00+00:00,102134.89
2026-02-03T16:45:00+00:00,102134.89
2026-02-03T17:00:00+00:00,102134.89
2026-02-03T17:15:00+00:00,102134.89
2026-02-03T17:30:00+00:00,102134.89
2026-02-03T17:45:00+00:00,102134.89
2026-02-03T18:00:00+00:00,102134.89
2026-02-03T18:15:00+00:00,102134.89
2026-02-03T18:30:00+00:00,102134.89
2026-02-03T18:45:00+00:00,102134.89
2026-02-03T19:00:00+00:00,102134.89
2026-02-03T19:15:00+00:00,102134.89
2026-02-03T19:30:00+00:00,102134.89
2026-02-03T19:45:00+00:00,102134.89
2026-02-03T20:00:00+00:00,102134.89
2026-02-03T20:10:00+00:00,102134.89
2026-02-04T15:00:00+00:00,101842.89
2026-02-04T15:15:00+00:00,101842.89
2026-02-04T15:30:00+00:00,101842.89
2026-02-04T15:45:00+00:00,101842.89
2026-02-04T16:00:00+00:00,101842.89
2026-02-04T16:15:00+00:00,101842.89
2026-02-04T16:30:00+00:00,101842.89
2026-02-04T16:45:00+00:00,101842.89
2026-02-04T17:00:00+00:00,101842.89
2026-02-04T17:15:00+00:00,101842.89
2026-02-04T17:30:00+00:00,101842.89
2026-02-04T17:45:00+00:00,101842.89
2026-02-04T18:00:00+00:00,101842.89
2026-02-04T18:15:00+00:00,101810.39
2026-02-04T18:30:00+00:00,101777.55
2026-02-04T18:45:00+00:00,101777.55
2026-02-04T19:00:00+00:00,101777.55
2026-02-04T19:15:00+00:00,101777.55
2026-02-04T19:30:00+00:00,101777.55
2026-02-04T19:45:00+00:00,101777.55
2026-02-04T20:00:00+00:00,101777.55
2026-02-04T20:10:00+00:00,101777.55
2026-02-05T15:00:00+00:00,101947.55
2026-02-05T15:15:00+00:00,101945.05
2026-02-05T15:30:00+00:00,101944.5
2026-02-05T15:45:00+00:00,101942.1
2026-02-05T16:00:00+00:00,101942.1
2026-02-05T16:15:00+00:00,101942.1
2026-02-05T16:30:00+00:00,101942.1
2026-02-05T16:45:00+00:00,101942.1
2026-02-05T17:00:00+00:00,101942.1
2026-02-05T17:15:00+00:00,101942.1
2026-02-05T17:30:00+00:00,101942.1
2026-02-05T17:45:00+00:00,101942.1
2026-02-05T18:00:00+00:00,101942.1
2026-02-05T18:15:00+00:00,101942.1
2026-02-05T18:30:00+00:00,101942.1
2026-02-05T18:45:00+00:00,101942.1
2026-02-05T19:00:00+00:00,101942.1
2026-02-05T19:15:00+00:00,101939.6
2026-02-05T19:30:00+00:00,101939.7
2026-02-05T19:45:00+00:00,101938.45
2026-02-05T20:00:00+00:00,101938.45
2026-02-05T20:10:00+00:00,101938.45
2026-02-06T15:00:00+00:00,101837.6
2026-02-06T15:15:00+00:00,101837.6
2026-02-06T15:30:00+00:00,101837.6
2026-02-06T15:45:00+00:00,101837.6
2026-02-06T16:00:00+00:00,101837.6
2026-02-06T16:15:00+00:00,101837.6
2026-02-06T16:30:00+00:00,101837.6
2026-02-06T16:45:00+00:00,101837.6
2026-02-06T17:00:00+00:00,101837.6
2026-02-06T17:15:00+00:00,101837.6
2026-02-06T17:30:00+00:00,101837.6
2026-02-06T17:45:00+00:00,101837.6
2026-02-06T18:00:00+00:00,101837.6
2026-02-06T18:15:00+00:00,101837.6
2026-02-06T18:30:00+00:00,101837.6
2026-02-06T18:45:00+00:00,101837.6
2026-02-06T19:00:00+00:00,101837.6
2026-02-06T19:15:00+00:00,101837.6
2026-02-06T19:30:00+00:00,101837.6
2026-02-06T19:45:00+00:00,101837.6
2026-02-06T20:00:00+00:00,101837.6
2026-02-06T20:10:00+00:00,101837.6
2026-02-09T15:00:00+00:00,101819.6
2026-02-09T15:15:00+00:00,101819.6
2026-02-09T15:30:00+00:00,101819.6
2026-02-09T15:45:00+00:00,101819.6
2026-02-09T16:00:00+00:00,101819.6
2026-02-09T16:15:00+00:00,101819.6
2026-02-09T16:30:00+00:00,101819.6
2026-02-09T16:45:00+00:00,101819.6
2026-02-09T17:00:00+00:00,101819.6
2026-02-09T17:15:00+00:00,101819.6
2026-02-09T17:30:00+00:00,101819.6
2026-02-09T17:45:00+00:00,101819.6
2026-02-09T18:00:00+00:00,101819.6
2026-02-09T18:15:00+00:00,101819.6
2026-02-09T18:30:00+00:00,101819.6
2026-02-09T18:45:00+00:00,101819.6
2026-02-09T19:00:00+00:00,101819.6
2026-02-09T19:15:00+00:00,101819.6
2026-02-09T19:30:00+00:00,101819.6
2026-02-09T19:45:00+00:00,101819.6
2026-02-09T20:00:00+00:00,101819.6
2026-02-09T20:10:00+00:00,101819.6
2026-02-10T15:00:00+00:00,101793.66
2026-02-10T15:15:00+00:00,101793.66
2026-02-10T15:30:00+00:00,101793.66
2026-02-10T15:45:00+00:00,101793.66
2026-02-10T16:00:00+00:00,101793.66
2026-02-10T16:15:00+00:00,101793.66
2026-02-10T16:30:00+00:00,101793.66
2026-02-10T16:45:00+00:00,101793.66
2026-02-10T17:00:00+00:00,101793.66
2026-02-10T17:15:00+00:00,101793.66
2026-02-10T17:30:00+00:00,101793.66
2026-02-10T17:45:00+00:00,101793.66
2026-02-10T18:00:00+00:00,101793.66
2026-02-10T18:15:00+00:00,101793.66
2026-02-10T18:30:00+00:00,101793.66
2026-02-10T18:45:00+00:00,101793.66
2026-02-10T19:00:00+00:00,101793.66
2026-02-10T19:15:00+00:00,101793.66
2026-02-10T19:30:00+00:00,101793.66
2026-02-10T19:45:00+00:00,101793.66
2026-02-10T20:00:00+00:00,101793.66
2026-02-10T20:10:00+00:00,101793.66
2026-02-11T15:00:00+00:00,101793.66
2026-02-11T15:15:00+00:00,101791.16
2026-02-11T15:30:00+00:00,101791.16
2026-02-11T15:45:00+00:00,101791.16
2026-02-11T16:00:00+00:00,101791.16
2026-02-11T16:15:00+00:00,101791.16
2026-02-11T16:30:00+00:00,101791.16
2026-02-11T16:45:00+00:00,101791.16
2026-02-11T17:00:00+00:00,101791.16
2026-02-11T17:15:00+00:00,101791.16
2026-02-11T17:30:00+00:00,101791.16
2026-02-11T17:45:00+00:00,101791.16
2026-02-11T18:00:00+00:00,101791.16
2026-02-11T18:15:00+00:00,101791.16
2026-02-11T18:30:00+00:00,101791.16
2026-02-11T18:45:00+00:00,101791.16
2026-02-11T19:00:00+00:00,101791.16
2026-02-11T19:15:00+00:00,101791.16
2026-02-11T19:30:00+00:00,101791.16
2026-02-11T19:45:00+00:00,101791.16
2026-02-11T20:00:00+00:00,101791.16
2026-02-11T20:10:00+00:00,101791.16
2026-02-12T15:00:00+00:00,101700.16
2026-02-12T15:15:00+00:00,101705.03
2026-02-12T15:30:00+00:00,101699.03
2026-02-12T15:45:00+00:00,101701.07
2026-02-12T16:00:00+00:00,101692.94
2026-02-12T16:15:00+00:00,101687.94
2026-02-12T16:30:00+00:00,101657.32
2026-02-12T16:45:00+00:00,101682.61
2026-02-12T17:00:00+00:00,101682.61
2026-02-12T17:15:00+00:00,101682.61
2026-02-12T17:30:00+00:00,101682.61
2026-02-12T17:45:00+00:00,101682.61
2026-02-12T18:00:00+00:00,101682.61
2026-02-12T18:15:00+00:00,101682.61
2026-02-12T18:30:00+00:00,101682.61
2026-02-12T18:45:00+00:00,101682.61
2026-02-12T19:00:00+00:00,101682.61
2026-02-12T19:15:00+00:00,101682.61
2026-02-12T19:30:00+00:00,101682.61
2026-02-12T19:45:00+00:00,101682.61
2026-02-12T20:00:00+00:00,101682.61
2026-02-12T20:10:00+00:00,101682.61
2026-02-13T15:00:00+00:00,101692.27
2026-02-13T15:15:00+00:00,101684.26
2026-02-13T15:30:00+00:00,101684.26
2026-02-13T15:45:00+00:00,101684.26
2026-02-13T16:00:00+00:00,101684.26
2026-02-13T16:15:00+00:00,101684.26
2026-02-13T16:30:00+00:00,101684.26
2026-02-13T16:45:00+00:00,101684.26
2026-02-13T17:00:00+00:00,101684.26
2026-02-13T17:15:00+00:00,101684.26
2026-02-13T17:30:00+00:00,101684.26
2026-02-13T17:45:00+00:00,101684.26
2026-02-13T18:00:00+00:00,101684.26
2026-02-13T18:15:00+00:00,101684.26
2026-02-13T18:30:00+00:00,101684.26
2026-02-13T18:45:00+00:00,101684.26
2026-02-13T19:00:00+00:00,101684.26
2026-02-13T19:15:00+00:00,101684.26
2026-02-13T19:30:00+00:00,101684.26
2026-02-13T19:45:00+00:00,101684.26
2026-02-13T20:00:00+00:00,101684.26
2026-02-13T20:10:00+00:00,101684.26
2026-02-17T15:00:00+00:00,101769.07
2026-02-17T15:15:00+00:00,101769.07
2026-02-17T15:30:00+00:00,101769.07
2026-02-17T15:45:00+00:00,101769.07
2026-02-17T16:00:00+00:00,101769.07
2026-02-17T16:15:00+00:00,101769.07
2026-02-17T16:30:00+00:00,101769.07
2026-02-17T16:45:00+00:00,101769.07
2026-02-17T17:00:00+00:00,101769.07
2026-02-17T17:15:00+00:00,101769.07
2026-02-17T17:30:00+00:00,101769.07
2026-02-17T17:45:00+00:00,101769.07
2026-02-17T18:00:00+00:00,101769.07
2026-02-17T18:15:00+00:00,101769.07
2026-02-17T18:30:00+00:00,101769.07
2026-02-17T18:45:00+00:00,101769.07
2026-02-17T19:00:00+00:00,101769.07
2026-02-17T19:15:00+00:00,101769.07
2026-02-17T19:30:00+00:00,101769.07
2026-02-17T19:45:00+00:00,101769.07
2026-02-17T20:00:00+00:00,101769.07
2026-02-17T20:10:00+00:00,101769.07
2026-02-18T15:00:00+00:00,101811.07
2026-02-18T15:15:00+00:00,101811.07
2026-02-18T15:30:00+00:00,101811.07
2026-02-18T15:45:00+00:00,101811.07
2026-02-18T16:00:00+00:00,101811.07
2026-02-18T16:15:00+00:00,101811.07
2026-02-18T16:30:00+00:00,101811.07
2026-02-18T16:45:00+00:00,101811.07
2026-02-18T17:00:00+00:00,101811.07
2026-02-18T17:15:00+00:00,101811.07
2026-02-18T17:30:00+00:00,101811.07
2026-02-18T17:45:00+00:00,101811.07
2026-02-18T18:00:00+00:00,101811.07
2026-02-18T18:15:00+00:00,101811.07
2026-02-18T18:30:00+00:00,101811.07
2026-02-18T18:45:00+00:00,101811.07
2026-02-18T19:00:00+00:00,101811.07
2026-02-18T19:15:00+00:00,101811.07
2026-02-18T19:30:00+00:00,101806.07
2026-02-18T19:45:00+00:00,101804.37
2026-02-18T20:00:00+00:00,101802.98
2026-02-18T20:10:00+00:00,101802.98
2026-02-19T15:00:00+00:00,101902.98
2026-02-19T15:15:00+00:00,101902.98
2026-02-19T15:30:00+00:00,101902.98
2026-02-19T15:45:00+00:00,101902.98
2026-02-19T16:00:00+00:00,101902.98
2026-02-19T16:15:00+00:00,101902.98
2026-02-19T16:30:00+00:00,101902.98
2026-02-19T16:45:00+00:00,101902.98
2026-02-19T17:00:00+00:00,101902.98
2026-02-19T17:15:00+00:00,101902.98
2026-02-19T17:30:00+00:00,101902.98
2026-02-19T17:45:00+00:00,101902.98
2026-02-19T18:00:00+00:00,101902.98
2026-02-19T18:15:00+00:00,101902.98
2026-02-19T18:30:00+00:00,101902.98
2026-02-19T18:45:00+00:00,101902.98
2026-02-19T19:00:00+00:00,101902.98
2026-02-19T19:15:00+00:00,101902.98
2026-02-19T19:30:00+00:00,101902.98
2026-02-19T19:45:00+00:00,101902.98
2026-02-19T20:00:00+00:00,101902.98
2026-02-19T20:10:00+00:00,101902.98
2026-02-20T15:00:00+00:00,101970.98
2026-02-20T15:15:00+00:00,101970.98
2026-02-20T15:30:00+00:00,101970.98
2026-02-20T15:45:00+00:00,101970.98
2026-02-20T16:00:00+00:00,101970.98
2026-02-20T16:15:00+00:00,101970.98
2026-02-20T16:30:00+00:00,101970.98
2026-02-20T16:45:00+00:00,101970.98
2026-02-20T17:00:00+00:00,101970.98
2026-02-20T17:15:00+00:00,101970.98
2026-02-20T17:30:00+00:00,101970.98
2026-02-20T17:45:00+00:00,101970.98
2026-02-20T18:00:00+00:00,101970.98
2026-02-20T18:15:00+00:00,101970.98
2026-02-20T18:30:00+00:00,101970.98
2026-02-20T18:45:00+00:00,101970.98
2026-02-20T19:00:00+00:00,101970.98
2026-02-20T19:15:00+00:00,101970.98
2026-02-20T19:30:00+00:00,101970.98
2026-02-20T19:45:00+00:00,101970.98
2026-02-20T20:00:00+00:00,101970.98
2026-02-20T20:10:00+00:00,101970.98
2026-02-23T15:00:00+00:00,101958.98
2026-02-23T15:15:00+00:00,101958.98
2026-02-23T15:30:00+00:00,101952.48
2026-02-23T15:45:00+00:00,101978.09
2026-02-23T16:00:00+00:00,102048.98
2026-02-23T16:15:00+00:00,102048.98
2026-02-23T16:30:00+00:00,102048.98
2026-02-23T16:45:00+00:00,102048.98
2026-02-23T17:00:00+00:00,102048.98
2026-02-23T17:15:00+00:00,102048.98
2026-02-23T17:30:00+00:00,102048.98
2026-02-23T17:45:00+00:00,102048.98
2026-02-23T18:00:00+00:00,102048.98
2026-02-23T18:15:00+00:00,102048.98
2026-02-23T18:30:00+00:00,102048.98
2026-02-23T18:45:00+00:00,102042.48
2026-02-23T19:00:00+00:00,102044.04
2026-02-23T19:15:00+00:00,101975.83
2026-02-23T19:30:00+00:00,101975.83
2026-02-23T19:45:00+00:00,101975.83
2026-02-23T20:00:00+00:00,101975.83
2026-02-23T20:10:00+00:00,101975.83
2026-02-24T15:00:00+00:00,102101.4
2026-02-24T15:15:00+00:00,102101.4
2026-02-24T15:30:00+00:00,102101.4
2026-02-24T15:45:00+00:00,102101.4
2026-02-24T16:00:00+00:00,102101.4
2026-02-24T16:15:00+00:00,102101.4
2026-02-24T16:30:00+00:00,102101.4
2026-02-24T16:45:00+00:00,102101.4
2026-02-24T17:00:00+00:00,102101.4
2026-02-24T17:15:00+00:00,102101.4
2026-02-24T17:30:00+00:00,102101.4
2026-02-24T17:45:00+00:00,102101.4
2026-02-24T18:00:00+00:00,102101.4
2026-02-24T18:15:00+00:00,102101.4
2026-02-24T18:30:00+00:00,102101.4
2026-02-24T18:45:00+00:00,102101.4
2026-02-24T19:00:00+00:00,102101.4
2026-02-24T19:15:00+00:00,102101.4
2026-02-24T19:30:00+00:00,102101.4
2026-02-24T19:45:00+00:00,102101.4
2026-02-24T20:00:00+00:00,102101.4
2026-02-24T20:10:00+00:00,102101.4
2026-02-25T15:00:00+00:00,102061.4
2026-02-25T15:15:00+00:00,102061.4
2026-02-25T15:30:00+00:00,102061.4
2026-02-25T15:45:00+00:00,102061.4
2026-02-25T16:00:00+00:00,102061.4
2026-02-25T16:15:00+00:00,102061.4
2026-02-25T16:30:00+00:00,102061.4
2026-02-25T16:45:00+00:00,102061.4
2026-02-25T17:00:00+00:00,102061.4
2026-02-25T17:15:00+00:00,102061.4
2026-02-25T17:30:00+00:00,102061.4
2026-02-25T17:45:00+00:00,102061.4
2026-02-25T18:00:00+00:00,102061.4
2026-02-25T18:15:00+00:00,102061.4
2026-02-25T18:30:00+00:00,102061.4
2026-02-25T18:45:00+00:00,102061.4
2026-02-25T19:00:00+00:00,102061.4
2026-02-25T19:15:00+00:00,102061.4
2026-02-25T19:30:00+00:00,102061.4
2026-02-25T19:45:00+00:00,102061.4
2026-02-25T20:00:00+00:00,102061.4
2026-02-25T20:10:00+00:00,102061.4
2026-02-26T15:00:00+00:00,102129.4
2026-02-26T15:15:00+00:00,102129.4
2026-02-26T15:30:00+00:00,102129.4
2026-02-26T15:45:00+00:00,102129.4
2026-02-26T16:00:00+00:00,102129.4
2026-02-26T16:15:00+00:00,102129.4
2026-02-26T16:30:00+00:00,102129.4
2026-02-26T16:45:00+00:00,102129.4
2026-02-26T17:00:00+00:00,102129.4
2026-02-26T17:15:00+00:00,102129.4
2026-02-26T17:30:00+00:00,102129.4
2026-02-26T17:45:00+00:00,102129.4
2026-02-26T18:00:00+00:00,102129.4
2026-02-26T18:15:00+00:00,102129.4
2026-02-26T18:30:00+00:00,102129.4
2026-02-26T18:45:00+00:00,102129.4
2026-02-26T19:00:00+00:00,102129.4
2026-02-26T19:15:00+00:00,102129.4
2026-02-26T19:30:00+00:00,102129.4
2026-02-26T19:45:00+00:00,102129.4
2026-02-26T20:00:00+00:00,102129.4
2026-02-26T20:10:00+00:00,102129.4
2026-02-27T15:00:00+00:00,102273.4
2026-02-27T15:15:00+00:00,102273.4
2026-02-27T15:30:00+00:00,102268.4
2026-02-27T15:45:00+00:00,102263.26
2026-02-27T16:00:00+00:00,102259.89
2026-02-27T16:15:00+00:00,102259.89
2026-02-27T16:30:00+00:00,102259.89
2026-02-27T16:45:00+00:00,102259.89
2026-02-27T17:00:00+00:00,102259.89
2026-02-27T17:15:00+00:00,102259.89
2026-02-27T17:30:00+00:00,102259.89
2026-02-27T17:45:00+00:00,102259.89
2026-02-27T18:00:00+00:00,102259.89
2026-02-27T18:15:00+00:00,102259.89
2026-02-27T18:30:00+00:00,102259.89
2026-02-27T18:45:00+00:00,102259.89
2026-02-27T19:00:00+00:00,102259.89
2026-02-27T19:15:00+00:00,102259.89
2026-02-27T19:30:00+00:00,102259.89
2026-02-27T19:45:00+00:00,102259.89
2026-02-27T20:00:00+00:00,102259.89
2026-02-27T20:10:00+00:00,102259.89
2026-03-02T15:00:00+00:00,102330.57
2026-03-02T15:15:00+00:00,102330.57
2026-03-02T15:30:00+00:00,102325.57
2026-03-02T15:45:00+00:00,102332.87
2026-03-02T16:00:00+00:00,102326.58
2026-03-02T16:15:00+00:00,102326.58
2026-03-02T16:30:00+00:00,102326.58
2026-03-02T16:45:00+00:00,102326.58
2026-03-02T17:00:00+00:00,102326.58
2026-03-02T17:15:00+00:00,102326.58
2026-03-02T17:30:00+00:00,102326.58
2026-03-02T17:45:00+00:00,102326.58
2026-03-02T18:00:00+00:00,102326.58
2026-03-02T18:15:00+00:00,102326.58
2026-03-02T18:30:00+00:00,102326.58
2026-03-02T18:45:00+00:00,102321.58
2026-03-02T19:00:00+00:00,102320.08
2026-03-02T19:15:00+00:00,102311.92
2026-03-02T19:30:00+00:00,102311.92
2026-03-02T19:45:00+00:00,102311.92
2026-03-02T20:00:00+00:00,102311.92
2026-03-02T20:10:00+00:00,102311.92
2026-03-03T15:00:00+00:00,102300.92
2026-03-03T15:15:00+00:00,102300.92
2026-03-03T15:30:00+00:00,102300.92
2026-03-03T15:45:00+00:00,102300.92
2026-03-03T16:00:00+00:00,102300.92
2026-03-03T16:15:00+00:00,102300.92
2026-03-03T16:30:00+00:00,102300.92
2026-03-03T16:45:00+00:00,102300.92
2026-03-03T17:00:00+00:00,102300.92
2026-03-03T17:15:00+00:00,102300.92
2026-03-03T17:30:00+00:00,102300.92
2026-03-03T17:45:00+00:00,102300.92
2026-03-03T18:00:00+00:00,102300.92
2026-03-03T18:15:00+00:00,102300.92
2026-03-03T18:30:00+00:00,102300.92
2026-03-03T18:45:00+00:00,102300.92
2026-03-03T19:00:00+00:00,102300.92
2026-03-03T19:15:00+00:00,102300.92
2026-03-03T19:30:00+00:00,102300.92
2026-03-03T19:45:00+00:00,102300.92
2026-03-03T20:00:00+00:00,102300.92
2026-03-03T20:10:00+00:00,102300.92
2026-03-04T15:00:00+00:00,102391.42
2026-03-04T15:15:00+00:00,102371.58
2026-03-04T15:30:00+00:00,102366.58
2026-03-04T15:45:00+00:00,102368.94
2026-03-04T16:00:00+00:00,102363.09
2026-03-04T16:15:00+00:00,102363.09
2026-03-04T16:30:00+00:00,102363.09
2026-03-04T16:45:00+00:00,102363.09
2026-03-04T17:00:00+00:00,102363.09
2026-03-04T17:15:00+00:00,102363.09
2026-03-04T17:30:00+00:00,102363.09
2026-03-04T17:45:00+00:00,102363.09
2026-03-04T18:00:00+00:00,102363.09
2026-03-04T18:15:00+00:00,102363.09
2026-03-04T18:30:00+00:00,102356.59
2026-03-04T18:45:00+00:00,102341.64
2026-03-04T19:00:00+00:00,102393.42
2026-03-04T19:15:00+00:00,102393.42
2026-03-04T19:30:00+00:00,102393.42
2026-03-04T19:45:00+00:00,102393.42
2026-03-04T20:00:00+00:00,102393.42
2026-03-04T20:10:00+00:00,102393.42
2026-03-05T15:00:00+00:00,102618.81
2026-03-05T15:15:00+00:00,102609.81
2026-03-05T15:30:00+00:00,102609.81
2026-03-05T15:45:00+00:00,102609.81
2026-03-05T16:00:00+00:00,102609.81
2026-03-05T16:15:00+00:00,102609.81
2026-03-05T16:30:00+00:00,102609.81
2026-03-05T16:45:00+00:00,102609.81
2026-03-05T17:00:00+00:00,102609.81
2026-03-05T17:15:00+00:00,102609.81
2026-03-05T17:30:00+00:00,102609.81
2026-03-05T17:45:00+00:00,102609.81
2026-03-05T18:00:00+00:00,102609.81
2026-03-05T18:15:00+00:00,102609.81
2026-03-05T18:30:00+00:00,102609.81
2026-03-05T18:45:00+00:00,102609.81
2026-03-05T19:00:00+00:00,102609.81
2026-03-05T19:15:00+00:00,102609.81
2026-03-05T19:30:00+00:00,102609.81
2026-03-05T19:45:00+00:00,102609.81
2026-03-05T20:00:00+00:00,102609.81
2026-03-05T20:10:00+00:00,102609.81
2026-03-06T15:00:00+00:00,102795.81
2026-03-06T15:15:00+00:00,102795.81
2026-03-06T15:30:00+00:00,102795.81
2026-03-06T15:45:00+00:00,102795.81
2026-03-06T16:00:00+00:00,102795.81
2026-03-06T16:15:00+00:00,102795.81
2026-03-06T16:30:00+00:00,102795.81
2026-03-06T16:45:00+00:00,102795.81
2026-03-06T17:00:00+00:00,102795.81
2026-03-06T17:15:00+00:00,102795.81
2026-03-06T17:30:00+00:00,102795.81
2026-03-06T17:45:00+00:00,102795.81
2026-03-06T18:00:00+00:00,102795.81
2026-03-06T18:15:00+00:00,102795.81
2026-03-06T18:30:00+00:00,102795.81
2026-03-06T18:45:00+00:00,102795.81
2026-03-06T19:00:00+00:00,102795.81
2026-03-06T19:15:00+00:00,102795.81
2026-03-06T19:30:00+00:00,102795.81
2026-03-06T19:45:00+00:00,102795.81
2026-03-06T20:00:00+00:00,102795.81
2026-03-06T20:10:00+00:00,102795.81
2026-03-09T14:00:00+00:00,102949.81
2026-03-09T14:15:00+00:00,102949.81
2026-03-09T14:30:00+00:00,102949.81
2026-03-09T14:45:00+00:00,102944.31
2026-03-09T15:00:00+00:00,102943.76
2026-03-09T15:15:00+00:00,102947.3
2026-03-09T15:30:00+00:00,102947.3
2026-03-09T15:45:00+00:00,102947.3
2026-03-09T16:00:00+00:00,102947.3
2026-03-09T16:15:00+00:00,102947.3
2026-03-09T16:30:00+00:00,102947.3
2026-03-09T16:45:00+00:00,102947.3
2026-03-09T17:00:00+00:00,102947.3
2026-03-09T17:15:00+00:00,102947.3
2026-03-09T17:30:00+00:00,102947.3
2026-03-09T17:45:00+00:00,102947.3
2026-03-09T18:00:00+00:00,102947.3
2026-03-09T18:15:00+00:00,102947.3
2026-03-09T18:30:00+00:00,102947.3
2026-03-09T18:45:00+00:00,102947.3
2026-03-09T19:00:00+00:00,102947.3
2026-03-09T19:10:00+00:00,102947.3
2026-03-10T14:00:00+00:00,103039.3
2026-03-10T14:15:00+00:00,103039.3
2026-03-10T14:30:00+00:00,103039.3
2026-03-10T14:45:00+00:00,103039.3
2026-03-10T15:00:00+00:00,103039.3
2026-03-10T15:15:00+00:00,103039.3
2026-03-10T15:30:00+00:00,103039.3
2026-03-10T15:45:00+00:00,103039.3
2026-03-10T16:00:00+00:00,103039.3
2026-03-10T16:15:00+00:00,103039.3
2026-03-10T16:30:00+00:00,103039.3
2026-03-10T16:45:00+00:00,103039.3
2026-03-10T17:00:00+00:00,103039.3
2026-03-10T17:15:00+00:00,103039.3
2026-03-10T17:30:00+00:00,103032.8
2026-03-10T17:45:00+00:00,103027.6
2026-03-10T18:00:00+00:00,103021.01
2026-03-10T18:15:00+00:00,103016.01
2026-03-10T18:30:00+00:00,103018.98
2026-03-10T18:45:00+00:00,103017.73
2026-03-10T19:00:00+00:00,103017.73
2026-03-10T19:10:00+00:00,103017.73
2026-03-11T14:00:00+00:00,103105.73
2026-03-11T14:15:00+00:00,103105.73
2026-03-11T14:30:00+00:00,103105.73
2026-03-11T14:45:00+00:00,103105.73
2026-03-11T15:00:00+00:00,103105.73
2026-03-11T15:15:00+00:00,103105.73
2026-03-11T15:30:00+00:00,103105.73
2026-03-11T15:45:00+00:00,103105.73
2026-03-11T16:00:00+00:00,103105.73
2026-03-11T16:15:00+00:00,103105.73
2026-03-11T16:30:00+00:00,103105.73
2026-03-11T16:45:00+00:00,103105.73
2026-03-11T17:00:00+00:00,103105.73
2026-03-11T17:15:00+00:00,103105.73
2026-03-11T17:30:00+00:00,103105.73
2026-03-11T17:45:00+00:00,103105.73
2026-03-11T18:00:00+00:00,103105.73
2026-03-11T18:15:00+00:00,103105.73
2026-03-11T18:30:00+00:00,103105.73
2026-03-11T18:45:00+00:00,103105.73
2026-03-11T19:00:00+00:00,103105.73
2026-03-11T19:10:00+00:00,103105.73
2026-03-12T14:00:00+00:00,103147.73
2026-03-12T14:15:00+00:00,103147.73
2026-03-12T14:30:00+00:00,103147.73
2026-03-12T14:45:00+00:00,103147.73
2026-03-12T15:00:00+00:00,103147.73
2026-03-12T15:15:00+00:00,103147.73
2026-03-12T15:30:00+00:00,103147.73
2026-03-12T15:45:00+00:00,103147.73
2026-03-12T16:00:00+00:00,103147.73
2026-03-12T16:15:00+00:00,103147.73
2026-03-12T16:30:00+00:00,103147.73
2026-03-12T16:45:00+00:00,103147.73
2026-03-12T17:00:00+00:00,103147.73
2026-03-12T17:15:00+00:00,103147.73
2026-03-12T17:30:00+00:00,103147.73
2026-03-12T17:45:00+00:00,103147.73
2026-03-12T18:00:00+00:00,103147.73
2026-03-12T18:15:00+00:00,103147.73
2026-03-12T18:30:00+00:00,103147.73
2026-03-12T18:45:00+00:00,103147.73
2026-03-12T19:00:00+00:00,103147.73
2026-03-12T19:10:00+00:00,103147.73
2026-03-13T14:00:00+00:00,103177.73
2026-03-13T14:15:00+00:00,103177.73
2026-03-13T14:30:00+00:00,103177.73
2026-03-13T14:45:00+00:00,103177.73
2026-03-13T15:00:00+00:00,103177.73
2026-03-13T15:15:00+00:00,103177.73
2026-03-13T15:30:00+00:00,103177.73
2026-03-13T15:45:00+00:00,103177.73
2026-03-13T16:00:00+00:00,103177.73
2026-03-13T16:15:00+00:00,103177.73
2026-03-13T16:30:00+00:00,103177.73
2026-03-13T16:45:00+00:00,103177.73
2026-03-13T17:00:00+00:00,103177.73
2026-03-13T17:15:00+00:00,103177.73
2026-03-13T17:30:00+00:00,103177.73
2026-03-13T17:45:00+00:00,103177.73
2026-03-13T18:00:00+00:00,103177.73
2026-03-13T18:15:00+00:00,103177.73
2026-03-13T18:30:00+00:00,103177.73
2026-03-13T18:45:00+00:00,103177.73
2026-03-13T19:00:00+00:00,103177.73
2026-03-13T19:10:00+00:00,103177.73
2026-03-16T14:00:00+00:00,103336.4
2026-03-16T14:15:00+00:00,103336.4
2026-03-16T14:30:00+00:00,103336.4
2026-03-16T14:45:00+00:00,103336.4
2026-03-16T15:00:00+00:00,103336.4
2026-03-16T15:15:00+00:00,103336.4
2026-03-16T15:30:00+00:00,103336.4
2026-03-16T15:45:00+00:00,103336.4
2026-03-16T16:00:00+00:00,103336.4
2026-03-16T16:15:00+00:00,103336.4
2026-03-16T16:30:00+00:00,103336.4
2026-03-16T16:45:00+00:00,103336.4
2026-03-16T17:00:00+00:00,103336.4
2026-03-16T17:15:00+00:00,103336.4
2026-03-16T17:30:00+00:00,103336.4
2026-03-16T17:45:00+00:00,103336.4
2026-03-16T18:00:00+00:00,103336.4
2026-03-16T18:15:00+00:00,103336.4
2026-03-16T18:30:00+00:00,103333.9
2026-03-16T18:45:00+00:00,103380.22
2026-03-16T19:00:00+00:00,103384.24
2026-03-16T19:10:00+00:00,103384.24
2026-03-17T14:00:00+00:00,103384.24
2026-03-17T14:15:00+00:00,103384.24
2026-03-17T14:30:00+00:00,103384.24
2026-03-17T14:45:00+00:00,103384.24
2026-03-17T15:00:00+00:00,103384.24
2026-03-17T15:15:00+00:00,103384.24
2026-03-17T15:30:00+00:00,103384.24
2026-03-17T15:45:00+00:00,103384.24
2026-03-17T16:00:00+00:00,103384.24
2026-03-17T16:15:00+00:00,103384.24
2026-03-17T16:30:00+00:00,103384.24
2026-03-17T16:45:00+00:00,103384.24
2026-03-17T17:00:00+00:00,103384.24
2026-03-17T17:15:00+00:00,103384.24
2026-03-17T17:30:00+00:00,103384.24
2026-03-17T17:45:00+00:00,103384.24
2026-03-17T18:00:00+00:00,103384.24
2026-03-17T18:15:00+00:00,103384.24
2026-03-17T18:30:00+00:00,103384.24
2026-03-17T18:45:00+00:00,103384.24
2026-03-17T19:00:00+00:00,103384.24
2026-03-17T19:10:00+00:00,103384.24
2026-03-18T14:00:00+00:00,103384.24
2026-03-18T14:15:00+00:00,103384.24
2026-03-18T14:30:00+00:00,103384.24
2026-03-18T14:45:00+00:00,103384.24
2026-03-18T15:00:00+00:00,103384.24
2026-03-18T15:15:00+00:00,103384.24
2026-03-18T15:30:00+00:00,103384.24
2026-03-18T15:45:00+00:00,103384.24
2026-03-18T16:00:00+00:00,103384.24
2026-03-18T16:15:00+00:00,103384.24
2026-03-18T16:30:00+00:00,103384.24
2026-03-18T16:45:00+00:00,103384.24
2026-03-18T17:00:00+00:00,103384.24
2026-03-18T17:15:00+00:00,103384.24
2026-03-18T17:30:00+00:00,103384.24
2026-03-18T17:45:00+00:00,103384.24
2026-03-18T18:00:00+00:00,103384.24
2026-03-18T18:15:00+00:00,103384.24
2026-03-18T18:30:00+00:00,103384.24
2026-03-18T18:45:00+00:00,103384.24
2026-03-18T19:00:00+00:00,103384.24
2026-03-18T19:10:00+00:00,103384.24
2026-03-19T14:00:00+00:00,103364.74
2026-03-19T14:15:00+00:00,103364.74
2026-03-19T14:30:00+00:00,103364.74
2026-03-19T14:45:00+00:00,103364.74
2026-03-19T15:00:00+00:00,103364.74
2026-03-19T15:15:00+00:00,103364.74
2026-03-19T15:30:00+00:00,103364.74
2026-03-19T15:45:00+00:00,103364.74
2026-03-19T16:00:00+00:00,103364.74
2026-03-19T16:15:00+00:00,103364.74
2026-03-19T16:30:00+00:00,103364.74
2026-03-19T16:45:00+00:00,103364.74
2026-03-19T17:00:00+00:00,103364.74
2026-03-19T17:15:00+00:00,103364.74
2026-03-19T17:30:00+00:00,103364.74
2026-03-19T17:45:00+00:00,103364.74
2026-03-19T18:00:00+00:00,103364.74
2026-03-19T18:15:00+00:00,103364.74
2026-03-19T18:30:00+00:00,103364.74
2026-03-19T18:45:00+00:00,103364.74
2026-03-19T19:00:00+00:00,103364.74
2026-03-19T19:10:00+00:00,103364.74
2026-03-20T14:00:00+00:00,103184.74
2026-03-20T14:15:00+00:00,103184.74
2026-03-20T14:30:00+00:00,103184.74
2026-03-20T14:45:00+00:00,103184.74
2026-03-20T15:00:00+00:00,103184.74
2026-03-20T15:15:00+00:00,103184.74
2026-03-20T15:30:00+00:00,103184.74
2026-03-20T15:45:00+00:00,103184.74
2026-03-20T16:00:00+00:00,103184.74
2026-03-20T16:15:00+00:00,103184.74
2026-03-20T16:30:00+00:00,103184.74
2026-03-20T16:45:00+00:00,103184.74
2026-03-20T17:00:00+00:00,103184.74
2026-03-20T17:15:00+00:00,103184.74
2026-03-20T17:30:00+00:00,103184.74
2026-03-20T17:45:00+00:00,103184.74
2026-03-20T18:00:00+00:00,103184.74
2026-03-20T18:15:00+00:00,103184.74
2026-03-20T18:30:00+00:00,103184.74
2026-03-20T18:45:00+00:00,103184.74
2026-03-20T19:00:00+00:00,103184.74
2026-03-20T19:10:00+00:00,103184.74
2026-03-23T14:00:00+00:00,103124.74
2026-03-23T14:15:00+00:00,103124.74
2026-03-23T14:30:00+00:00,103124.74
2026-03-23T14:45:00+00:00,103124.74
2026-03-23T15:00:00+00:00,103083.28
2026-03-23T15:15:00+00:00,103083.28
2026-03-23T15:30:00+00:00,103083.28
2026-03-23T15:45:00+00:00,103083.28
2026-03-23T16:00:00+00:00,103083.28
2026-03-23T16:15:00+00:00,103083.28
2026-03-23T16:30:00+00:00,103083.28
2026-03-23T16:45:00+00:00,103083.28
2026-03-23T17:00:00+00:00,103083.28
2026-03-23T17:15:00+00:00,103083.28
2026-03-23T17:30:00+00:00,103083.28
2026-03-23T17:45:00+00:00,103083.28
2026-03-23T18:00:00+00:00,103083.28
2026-03-23T18:15:00+00:00,103083.28
2026-03-23T18:30:00+00:00,103083.28
2026-03-23T18:45:00+00:00,103083.28
2026-03-23T19:00:00+00:00,103083.28
2026-03-23T19:10:00+00:00,103083.28
2026-03-24T14:00:00+00:00,103083.28
2026-03-24T14:15:00+00:00,103083.28
2026-03-24T14:30:00+00:00,103083.28
2026-03-24T14:45:00+00:00,103083.28
2026-03-24T15:00:00+00:00,103083.28
2026-03-24T15:15:00+00:00,103083.28
2026-03-24T15:30:00+00:00,103083.28
2026-03-24T15:45:00+00:00,103083.28
2026-03-24T16:00:00+00:00,103083.28
2026-03-24T16:15:00+00:00,103083.28
2026-03-24T16:30:00+00:00,103083.28
2026-03-24T16:45:00+00:00,103083.28
2026-03-24T17:00:00+00:00,103083.28
2026-03-24T17:15:00+00:00,103083.28
2026-03-24T17:30:00+00:00,103083.28
2026-03-24T17:45:00+00:00,103083.28
2026-03-24T18:00:00+00:00,103083.28
2026-03-24T18:15:00+00:00,103083.28
2026-03-24T18:30:00+00:00,103083.28
2026-03-24T18:45:00+00:00,103083.28
2026-03-24T19:00:00+00:00,103083.28
2026-03-24T19:10:00+00:00,103083.28
2026-03-25T14:00:00+00:00,103054.78
2026-03-25T14:15:00+00:00,103054.78
2026-03-25T14:30:00+00:00,103054.78
2026-03-25T14:45:00+00:00,103054.78
2026-03-25T15:00:00+00:00,103054.78
2026-03-25T15:15:00+00:00,103054.78
2026-03-25T15:30:00+00:00,103054.78
2026-03-25T15:45:00+00:00,103054.78
2026-03-25T16:00:00+00:00,103054.78
2026-03-25T16:15:00+00:00,103054.78
2026-03-25T16:30:00+00:00,103054.78
2026-03-25T16:45:00+00:00,103054.78
2026-03-25T17:00:00+00:00,103054.78
2026-03-25T17:15:00+00:00,103054.78
2026-03-25T17:30:00+00:00,103054.78
2026-03-25T17:45:00+00:00,103054.78
2026-03-25T18:00:00+00:00,103054.78
2026-03-25T18:15:00+00:00,103054.78
2026-03-25T18:30:00+00:00,103054.78
2026-03-25T18:45:00+00:00,103054.78
2026-03-25T19:00:00+00:00,103054.78
2026-03-25T19:10:00+00:00,103054.78
2026-03-26T14:00:00+00:00,103163.77
2026-03-26T14:15:00+00:00,103163.47
2026-03-26T14:30:00+00:00,103155.16
2026-03-26T14:45:00+00:00,103147.24
2026-03-26T15:00:00+00:00,103149.4
2026-03-26T15:15:00+00:00,103158.43
2026-03-26T15:30:00+00:00,103164.7
2026-03-26T15:45:00+00:00,103174.81
2026-03-26T16:00:00+00:00,103178.29
2026-03-26T16:15:00+00:00,103180.06
2026-03-26T16:30:00+00:00,103214.77
2026-03-26T16:45:00+00:00,103216.78
2026-03-26T17:00:00+00:00,103210.96
2026-03-26T17:15:00+00:00,103209.58
2026-03-26T17:30:00+00:00,103214.38
2026-03-26T17:45:00+00:00,103215.1
2026-03-26T18:00:00+00:00,103216.93
2026-03-26T18:15:00+00:00,103215.37
2026-03-26T18:30:00+00:00,103218.22
2026-03-26T18:45:00+00:00,103212.46
2026-03-26T19:00:00+00:00,103209.13
2026-03-26T19:10:00+00:00,103215.85
2026-03-27T14:00:00+00:00,103288.78
2026-03-27T14:15:00+00:00,103288.78
2026-03-27T14:30:00+00:00,103288.78
2026-03-27T14:45:00+00:00,103288.78
2026-03-27T15:00:00+00:00,103288.78
2026-03-27T15:15:00+00:00,103288.78
2026-03-27T15:30:00+00:00,103288.78
2026-03-27T15:45:00+00:00,103288.78
2026-03-27T16:00:00+00:00,103288.78
2026-03-27T16:15:00+00:00,103288.78
2026-03-27T16:30:00+00:00,103288.78
2026-03-27T16:45:00+00:00,103288.78
2026-03-27T17:00:00+00:00,103288.78
2026-03-27T17:15:00+00:00,103288.78
2026-03-27T17:30:00+00:00,103288.78
2026-03-27T17:45:00+00:00,103288.78
2026-03-27T18:00:00+00:00,103288.78
2026-03-27T18:15:00+00:00,103288.78
2026-03-27T18:30:00+00:00,103288.78
2026-03-27T18:45:00+00:00,103288.78
2026-03-27T19:00:00+00:00,103288.78
2026-03-27T19:10:00+00:00,103288.78
2026-03-30T14:00:00+00:00,103348.78
2026-03-30T14:15:00+00:00,103348.78
2026-03-30T14:30:00+00:00,103348.78
2026-03-30T14:45:00+00:00,103348.78
2026-03-30T15:00:00+00:00,103348.78
2026-03-30T15:15:00+00:00,103348.78
2026-03-30T15:30:00+00:00,103348.78
2026-03-30T15:45:00+00:00,103348.78
2026-03-30T16:00:00+00:00,103348.78
2026-03-30T16:15:00+00:00,103348.78
2026-03-30T16:30:00+00:00,103348.78
2026-03-30T16:45:00+00:00,103348.78
2026-03-30T17:00:00+00:00,103348.78
2026-03-30T17:15:00+00:00,103348.78
2026-03-30T17:30:00+00:00,103348.78
2026-03-30T17:45:00+00:00,103341.78
2026-03-30T18:00:00+00:00,103286.48
2026-03-30T18:15:00+00:00,103275.05
2026-03-30T18:30:00+00:00,103275.05
2026-03-30T18:45:00+00:00,103275.05
2026-03-30T19:00:00+00:00,103275.05
2026-03-30T19:10:00+00:00,103275.05
2026-03-31T14:00:00+00:00,103278.05
2026-03-31T14:15:00+00:00,103278.05
2026-03-31T14:30:00+00:00,103278.05
2026-03-31T14:45:00+00:00,103278.05
2026-03-31T15:00:00+00:00,103278.05
2026-03-31T15:15:00+00:00,103278.05
2026-03-31T15:30:00+00:00,103278.05
2026-03-31T15:45:00+00:00,103278.05
2026-03-31T16:00:00+00:00,103278.05
2026-03-31T16:15:00+00:00,103278.05
2026-03-31T16:30:00+00:00,103278.05
2026-03-31T16:45:00+00:00,103278.05
2026-03-31T17:00:00+00:00,103278.05
2026-03-31T17:15:00+00:00,103278.05
2026-03-31T17:30:00+00:00,103273.55
2026-03-31T17:45:00+00:00,103273.19
2026-03-31T18:00:00+00:00,103269.17
2026-03-31T18:15:00+00:00,103269.17
2026-03-31T18:30:00+00:00,103269.17
2026-03-31T18:45:00+00:00,103269.17
2026-03-31T19:00:00+00:00,103269.17
2026-03-31T19:10:00+00:00,103269.17
2026-04-01T14:00:00+00:00,102825.27
2026-04-01T14:15:00+00:00,102825.27
2026-04-01T14:30:00+00:00,102825.27
2026-04-01T14:45:00+00:00,102825.27
2026-04-01T15:00:00+00:00,102825.27
2026-04-01T15:15:00+00:00,102825.27
2026-04-01T15:30:00+00:00,102825.27
2026-04-01T15:45:00+00:00,102825.27
2026-04-01T16:00:00+00:00,102825.27
2026-04-01T16:15:00+00:00,102825.27
2026-04-01T16:30:00+00:00,102825.27
2026-04-01T16:45:00+00:00,102825.27
2026-04-01T17:00:00+00:00,102825.27
2026-04-01T17:15:00+00:00,102825.27
2026-04-01T17:30:00+00:00,102825.27
2026-04-01T17:45:00+00:00,102825.27
2026-04-01T18:00:00+00:00,102825.27
2026-04-01T18:15:00+00:00,102825.27
2026-04-01T18:30:00+00:00,102825.27
2026-04-01T18:45:00+00:00,102825.27
2026-04-01T19:00:00+00:00,102825.27
2026-04-01T19:10:00+00:00,102825.27
2026-04-02T14:00:00+00:00,102825.27
2026-04-02T14:15:00+00:00,102825.27
2026-04-02T14:30:00+00:00,102825.27
2026-04-02T14:45:00+00:00,102825.27
2026-04-02T15:00:00+00:00,102825.27
2026-04-02T15:15:00+00:00,102825.27
2026-04-02T15:30:00+00:00,102825.27
2026-04-02T15:45:00+00:00,102825.27
2026-04-02T16:00:00+00:00,102825.27
2026-04-02T16:15:00+00:00,102825.27
2026-04-02T16:30:00+00:00,102825.27
2026-04-02T16:45:00+00:00,102825.27
2026-04-02T17:00:00+00:00,102825.27
2026-04-02T17:15:00+00:00,102825.27
2026-04-02T17:30:00+00:00,102825.27
2026-04-02T17:45:00+00:00,102825.27
2026-04-02T18:00:00+00:00,102825.27
2026-04-02T18:15:00+00:00,102825.27
2026-04-02T18:30:00+00:00,102825.27
2026-04-02T18:45:00+00:00,102825.27
2026-04-02T19:00:00+00:00,102825.27
2026-04-02T19:10:00+00:00,102825.27
2026-04-06T14:00:00+00:00,102818.27
2026-04-06T14:15:00+00:00,102818.97
2026-04-06T14:30:00+00:00,102972.74
2026-04-06T14:45:00+00:00,102972.74
2026-04-06T15:00:00+00:00,102972.74
2026-04-06T15:15:00+00:00,102972.74
2026-04-06T15:30:00+00:00,102972.74
2026-04-06T15:45:00+00:00,102972.74
2026-04-06T16:00:00+00:00,102972.74
2026-04-06T16:15:00+00:00,102972.74
2026-04-06T16:30:00+00:00,102972.74
2026-04-06T16:45:00+00:00,102972.74
2026-04-06T17:00:00+00:00,102972.74
2026-04-06T17:15:00+00:00,102972.74
2026-04-06T17:30:00+00:00,102972.74
2026-04-06T17:45:00+00:00,102972.74
2026-04-06T18:00:00+00:00,102972.74
2026-04-06T18:15:00+00:00,102965.74
2026-04-06T18:30:00+00:00,103072.61
2026-04-06T18:45:00+00:00,103072.61
2026-04-06T19:00:00+00:00,103072.61
2026-04-06T19:10:00+00:00,103072.61
2026-04-07T14:00:00+00:00,103072.61
2026-04-07T14:15:00+00:00,103072.61
2026-04-07T14:30:00+00:00,103072.61
2026-04-07T14:45:00+00:00,103072.61
2026-04-07T15:00:00+00:00,103072.61
2026-04-07T15:15:00+00:00,103072.61
2026-04-07T15:30:00+00:00,103072.61
2026-04-07T15:45:00+00:00,103072.61
2026-04-07T16:00:00+00:00,103072.61
2026-04-07T16:15:00+00:00,103072.61
2026-04-07T16:30:00+00:00,103072.61
2026-04-07T16:45:00+00:00,103072.61
2026-04-07T17:00:00+00:00,103072.61
2026-04-07T17:15:00+00:00,103072.61
2026-04-07T17:30:00+00:00,103072.61
2026-04-07T17:45:00+00:00,103072.61
2026-04-07T18:00:00+00:00,103066.61
2026-04-07T18:15:00+00:00,103070.69
2026-04-07T18:30:00+00:00,103067.36
2026-04-07T18:45:00+00:00,103067.36
2026-04-07T19:00:00+00:00,103067.36
2026-04-07T19:10:00+00:00,103067.36
2026-04-08T14:00:00+00:00,103067.36
2026-04-08T14:15:00+00:00,103067.36
2026-04-08T14:30:00+00:00,103067.36
2026-04-08T14:45:00+00:00,103067.36
2026-04-08T15:00:00+00:00,103067.36
2026-04-08T15:15:00+00:00,103067.36
2026-04-08T15:30:00+00:00,103067.36
2026-04-08T15:45:00+00:00,103067.36
2026-04-08T16:00:00+00:00,103067.36
2026-04-08T16:15:00+00:00,103067.36
2026-04-08T16:30:00+00:00,103067.36
2026-04-08T16:45:00+00:00,103067.36
2026-04-08T17:00:00+00:00,103067.36
2026-04-08T17:15:00+00:00,103067.36
2026-04-08T17:30:00+00:00,103067.36
2026-04-08T17:45:00+00:00,103067.36
2026-04-08T18:00:00+00:00,103067.36
2026-04-08T18:15:00+00:00,103067.36
2026-04-08T18:30:00+00:00,103067.36
2026-04-08T18:45:00+00:00,103067.36
2026-04-08T19:00:00+00:00,103067.36
2026-04-08T19:10:00+00:00,103067.36
2026-04-09T14:00:00+00:00,103067.36
2026-04-09T14:15:00+00:00,103067.36
2026-04-09T14:30:00+00:00,103067.36
2026-04-09T14:45:00+00:00,103067.36
2026-04-09T15:00:00+00:00,103067.36
2026-04-09T15:15:00+00:00,103067.36
2026-04-09T15:30:00+00:00,103067.36
2026-04-09T15:45:00+00:00,103067.36
2026-04-09T16:00:00+00:00,103067.36
2026-04-09T16:15:00+00:00,103067.36
2026-04-09T16:30:00+00:00,103067.36
2026-04-09T16:45:00+00:00,103067.36
2026-04-09T17:00:00+00:00,103067.36
2026-04-09T17:15:00+00:00,103067.36
2026-04-09T17:30:00+00:00,103067.36
2026-04-09T17:45:00+00:00,103067.36
2026-04-09T18:00:00+00:00,103067.36
2026-04-09T18:15:00+00:00,103067.36
2026-04-09T18:30:00+00:00,103067.36
2026-04-09T18:45:00+00:00,103067.36
2026-04-09T19:00:00+00:00,103067.36
2026-04-09T19:10:00+00:00,103067.36
2026-04-10T14:00:00+00:00,103067.36
2026-04-10T14:15:00+00:00,103067.36
2026-04-10T14:30:00+00:00,103067.36
2026-04-10T14:45:00+00:00,103061.36
2026-04-10T15:00:00+00:00,103048.79
2026-04-10T15:15:00+00:00,103048.79
2026-04-10T15:30:00+00:00,103048.79
2026-04-10T15:45:00+00:00,103048.79
2026-04-10T16:00:00+00:00,103048.79
2026-04-10T16:15:00+00:00,103048.79
2026-04-10T16:30:00+00:00,103048.79
2026-04-10T16:45:00+00:00,103048.79
2026-04-10T17:00:00+00:00,103048.79
2026-04-10T17:15:00+00:00,103048.79
2026-04-10T17:30:00+00:00,103048.79
2026-04-10T17:45:00+00:00,103048.79
2026-04-10T18:00:00+00:00,103042.79
2026-04-10T18:15:00+00:00,103043.27
2026-04-10T18:30:00+00:00,103032.02
2026-04-10T18:45:00+00:00,103032.02
2026-04-10T19:00:00+00:00,103032.02
2026-04-10T19:10:00+00:00,103032.02
2026-04-13T14:00:00+00:00,103020.02
2026-04-13T14:15:00+00:00,103020.02
2026-04-13T14:30:00+00:00,103020.02
2026-04-13T14:45:00+00:00,103020.02
2026-04-13T15:00:00+00:00,103020.02
2026-04-13T15:15:00+00:00,103020.02
2026-04-13T15:30:00+00:00,103020.02
2026-04-13T15:45:00+00:00,103020.02
2026-04-13T16:00:00+00:00,103020.02
2026-04-13T16:15:00+00:00,103020.02
2026-04-13T16:30:00+00:00,103020.02
2026-04-13T16:45:00+00:00,103020.02
2026-04-13T17:00:00+00:00,103020.02
2026-04-13T17:15:00+00:00,103020.02
2026-04-13T17:30:00+00:00,103014.02
2026-04-13T17:45:00+00:00,103013.06
2026-04-13T18:00:00+00:00,103007.33
2026-04-13T18:15:00+00:00,103007.33
2026-04-13T18:30:00+00:00,103007.33
2026-04-13T18:45:00+00:00,103007.33
2026-04-13T19:00:00+00:00,103007.33
2026-04-13T19:10:00+00:00,103007.33
2026-04-14T14:00:00+00:00,102827.33
2026-04-14T14:15:00+00:00,102827.33
2026-04-14T14:30:00+00:00,102827.33
2026-04-14T14:45:00+00:00,102827.33
2026-04-14T15:00:00+00:00,102827.33
2026-04-14T15:15:00+00:00,102827.33
2026-04-14T15:30:00+00:00,102827.33
2026-04-14T15:45:00+00:00,102827.33
2026-04-14T16:00:00+00:00,102827.33
2026-04-14T16:15:00+00:00,102827.33
2026-04-14T16:30:00+00:00,102827.33
2026-04-14T16:45:00+00:00,102827.33
2026-04-14T17:00:00+00:00,102827.33
2026-04-14T17:15:00+00:00,102827.33
2026-04-14T17:30:00+00:00,102827.33
2026-04-14T17:45:00+00:00,102827.33
2026-04-14T18:00:00+00:00,102827.33
2026-04-14T18:15:00+00:00,102827.33
2026-04-14T18:30:00+00:00,102827.33
2026-04-14T18:45:00+00:00,102827.33
2026-04-14T19:00:00+00:00,102827.33
2026-04-14T19:10:00+00:00,102827.33
2026-04-15T14:00:00+00:00,102968.33
2026-04-15T14:15:00+00:00,102968.33
2026-04-15T14:30:00+00:00,102968.33
2026-04-15T14:45:00+00:00,102968.33
2026-04-15T15:00:00+00:00,102968.33
2026-04-15T15:15:00+00:00,102961.33
2026-04-15T15:30:00+00:00,102970.29
2026-04-15T15:45:00+00:00,102959.99
2026-04-15T16:00:00+00:00,102959.99
2026-04-15T16:15:00+00:00,102959.99
2026-04-15T16:30:00+00:00,102959.99
2026-04-15T16:45:00+00:00,102959.99
2026-04-15T17:00:00+00:00,102959.99
2026-04-15T17:15:00+00:00,102959.99
2026-04-15T17:30:00+00:00,102959.99
2026-04-15T17:45:00+00:00,102959.99
2026-04-15T18:00:00+00:00,102959.99
2026-04-15T18:15:00+00:00,102959.99
2026-04-15T18:30:00+00:00,102959.99
2026-04-15T18:45:00+00:00,102959.99
2026-04-15T19:00:00+00:00,102959.99
2026-04-15T19:10:00+00:00,102959.99
2026-04-16T14:00:00+00:00,103093.99
2026-04-16T14:15:00+00:00,103093.99
2026-04-16T14:30:00+00:00,103093.99
2026-04-16T14:45:00+00:00,103093.99
2026-04-16T15:00:00+00:00,103093.99
2026-04-16T15:15:00+00:00,103093.99
2026-04-16T15:30:00+00:00,103093.99
2026-04-16T15:45:00+00:00,103093.99
2026-04-16T16:00:00+00:00,103093.99
2026-04-16T16:15:00+00:00,103093.99
2026-04-16T16:30:00+00:00,103093.99
2026-04-16T16:45:00+00:00,103093.99
2026-04-16T17:00:00+00:00,103093.99
2026-04-16T17:15:00+00:00,103093.99
2026-04-16T17:30:00+00:00,103093.99
2026-04-16T17:45:00+00:00,103093.99
2026-04-16T18:00:00+00:00,103093.99
2026-04-16T18:15:00+00:00,103093.99
2026-04-16T18:30:00+00:00,103093.99
2026-04-16T18:45:00+00:00,103093.99
2026-04-16T19:00:00+00:00,103093.99
2026-04-16T19:10:00+00:00,103093.99
2026-04-17T14:00:00+00:00,102405.48
2026-04-17T14:15:00+00:00,102378.31
2026-04-17T14:30:00+00:00,102378.31
2026-04-17T14:45:00+00:00,102378.31
2026-04-17T15:00:00+00:00,102378.31
2026-04-17T15:15:00+00:00,102378.31
2026-04-17T15:30:00+00:00,102378.31
2026-04-17T15:45:00+00:00,102378.31
2026-04-17T16:00:00+00:00,102378.31
2026-04-17T16:15:00+00:00,102378.31
2026-04-17T16:30:00+00:00,102378.31
2026-04-17T16:45:00+00:00,102378.31
2026-04-17T17:00:00+00:00,102378.31
2026-04-17T17:15:00+00:00,102378.31
2026-04-17T17:30:00+00:00,102378.31
2026-04-17T17:45:00+00:00,102378.31
2026-04-17T18:00:00+00:00,102378.31
2026-04-17T18:15:00+00:00,102378.31
2026-04-17T18:30:00+00:00,102378.31
2026-04-17T18:45:00+00:00,102378.31
2026-04-17T19:00:00+00:00,102378.31
2026-04-17T19:10:00+00:00,102378.31
2026-04-20T14:00:00+00:00,102283.31
2026-04-20T14:15:00+00:00,102283.31
2026-04-20T14:30:00+00:00,102283.31
2026-04-20T14:45:00+00:00,102283.31
2026-04-20T15:00:00+00:00,102283.31
2026-04-20T15:15:00+00:00,102283.31
2026-04-20T15:30:00+00:00,102283.31
2026-04-20T15:45:00+00:00,102283.31
2026-04-20T16:00:00+00:00,102283.31
2026-04-20T16:15:00+00:00,102283.31
2026-04-20T16:30:00+00:00,102283.31
2026-04-20T16:45:00+00:00,102283.31
2026-04-20T17:00:00+00:00,102283.31
2026-04-20T17:15:00+00:00,102283.31
2026-04-20T17:30:00+00:00,102283.31
2026-04-20T17:45:00+00:00,102283.31
2026-04-20T18:00:00+00:00,102283.31
2026-04-20T18:15:00+00:00,102283.31
2026-04-20T18:30:00+00:00,102283.31
2026-04-20T18:45:00+00:00,102283.31
2026-04-20T19:00:00+00:00,102283.31
2026-04-20T19:10:00+00:00,102283.31
2026-04-21T14:00:00+00:00,102154.31
2026-04-21T14:15:00+00:00,102154.31
2026-04-21T14:30:00+00:00,102154.31
2026-04-21T14:45:00+00:00,102154.31
2026-04-21T15:00:00+00:00,102154.31
2026-04-21T15:15:00+00:00,102154.31
2026-04-21T15:30:00+00:00,102154.31
2026-04-21T15:45:00+00:00,102154.31
2026-04-21T16:00:00+00:00,102154.31
2026-04-21T16:15:00+00:00,102138.1
2026-04-21T16:30:00+00:00,102138.1
2026-04-21T16:45:00+00:00,102138.1
2026-04-21T17:00:00+00:00,102138.1
2026-04-21T17:15:00+00:00,102138.1
2026-04-21T17:30:00+00:00,102138.1
2026-04-21T17:45:00+00:00,102138.1
2026-04-21T18:00:00+00:00,102138.1
2026-04-21T18:15:00+00:00,102138.1
2026-04-21T18:30:00+00:00,102138.1
2026-04-21T18:45:00+00:00,102138.1
2026-04-21T19:00:00+00:00,102138.1
2026-04-21T19:10:00+00:00,102138.1
2026-04-22T14:00:00+00:00,102211.1
2026-04-22T14:15:00+00:00,102223.42
2026-04-22T14:30:00+00:00,102150.82
2026-04-22T14:45:00+00:00,102150.82
2026-04-22T15:00:00+00:00,102150.82
2026-04-22T15:15:00+00:00,102150.82
2026-04-22T15:30:00+00:00,102150.82
2026-04-22T15:45:00+00:00,102150.82
2026-04-22T16:00:00+00:00,102150.82
2026-04-22T16:15:00+00:00,102150.82
2026-04-22T16:30:00+00:00,102150.82
2026-04-22T16:45:00+00:00,102150.82
2026-04-22T17:00:00+00:00,102150.82
2026-04-22T17:15:00+00:00,102150.82
2026-04-22T17:30:00+00:00,102150.82
2026-04-22T17:45:00+00:00,102150.82
2026-04-22T18:00:00+00:00,102150.82
2026-04-22T18:15:00+00:00,102150.82
2026-04-22T18:30:00+00:00,102150.82
2026-04-22T18:45:00+00:00,102150.82
2026-04-22T19:00:00+00:00,102150.82
2026-04-22T19:10:00+00:00,102150.82
2026-04-23T14:00:00+00:00,102151.82
2026-04-23T14:15:00+00:00,102151.82
2026-04-23T14:30:00+00:00,102151.82
2026-04-23T14:45:00+00:00,102151.82
2026-04-23T15:00:00+00:00,102151.82
2026-04-23T15:15:00+00:00,102151.82
2026-04-23T15:30:00+00:00,102151.82
2026-04-23T15:45:00+00:00,102151.82
2026-04-23T16:00:00+00:00,102151.82
2026-04-23T16:15:00+00:00,102151.82
2026-04-23T16:30:00+00:00,102151.82
2026-04-23T16:45:00+00:00,102151.82
2026-04-23T17:00:00+00:00,102151.82
2026-04-23T17:15:00+00:00,102151.82
2026-04-23T17:30:00+00:00,102151.82
2026-04-23T17:45:00+00:00,102151.82
2026-04-23T18:00:00+00:00,102151.82
2026-04-23T18:15:00+00:00,102151.82
2026-04-23T18:30:00+00:00,102151.82
2026-04-23T18:45:00+00:00,102151.82
2026-04-23T19:00:00+00:00,102151.82
2026-04-23T19:10:00+00:00,102151.82
2026-04-24T14:00:00+00:00,102395.38
2026-04-24T14:15:00+00:00,102395.38
2026-04-24T14:30:00+00:00,102395.38
2026-04-24T14:45:00+00:00,102395.38
2026-04-24T15:00:00+00:00,102395.38
2026-04-24T15:15:00+00:00,102395.38
2026-04-24T15:30:00+00:00,102395.38
2026-04-24T15:45:00+00:00,102395.38
2026-04-24T16:00:00+00:00,102395.38
2026-04-24T16:15:00+00:00,102395.38
2026-04-24T16:30:00+00:00,102395.38
2026-04-24T16:45:00+00:00,102395.38
2026-04-24T17:00:00+00:00,102395.38
2026-04-24T17:15:00+00:00,102395.38
2026-04-24T17:30:00+00:00,102395.38
2026-04-24T17:45:00+00:00,102395.38
2026-04-24T18:00:00+00:00,102395.38
2026-04-24T18:15:00+00:00,102395.38
2026-04-24T18:30:00+00:00,102395.38
2026-04-24T18:45:00+00:00,102395.38
2026-04-24T19:00:00+00:00,102395.38
2026-04-24T19:10:00+00:00,102395.38
2026-04-27T14:00:00+00:00,102625.88
2026-04-27T14:15:00+00:00,102625.88
2026-04-27T14:30:00+00:00,102625.88
2026-04-27T14:45:00+00:00,102625.88
2026-04-27T15:00:00+00:00,102618.38
2026-04-27T15:15:00+00:00,102660.23
2026-04-27T15:30:00+00:00,102615.14
2026-04-27T15:45:00+00:00,102615.14
2026-04-27T16:00:00+00:00,102615.14
2026-04-27T16:15:00+00:00,102615.14
2026-04-27T16:30:00+00:00,102615.14
2026-04-27T16:45:00+00:00,102615.14
2026-04-27T17:00:00+00:00,102615.14
2026-04-27T17:15:00+00:00,102615.14
2026-04-27T17:30:00+00:00,102615.14
2026-04-27T17:45:00+00:00,102609.14
2026-04-27T18:00:00+00:00,102609.5
2026-04-27T18:15:00+00:00,102603.14
2026-04-27T18:30:00+00:00,102603.14
2026-04-27T18:45:00+00:00,102603.14
2026-04-27T19:00:00+00:00,102603.14
2026-04-27T19:10:00+00:00,102603.14
2026-04-28T14:00:00+00:00,102692.16
2026-04-28T14:15:00+00:00,102692.16
2026-04-28T14:30:00+00:00,102692.16
2026-04-28T14:45:00+00:00,102687.16
2026-04-28T15:00:00+00:00,102766.07
2026-04-28T15:15:00+00:00,102766.07
2026-04-28T15:30:00+00:00,102766.07
2026-04-28T15:45:00+00:00,102766.07
2026-04-28T16:00:00+00:00,102766.07
2026-04-28T16:15:00+00:00,102766.07
2026-04-28T16:30:00+00:00,102766.07
2026-04-28T16:45:00+00:00,102766.07
2026-04-28T17:00:00+00:00,102766.07
2026-04-28T17:15:00+00:00,102766.07
2026-04-28T17:30:00+00:00,102766.07
2026-04-28T17:45:00+00:00,102766.07
2026-04-28T18:00:00+00:00,102766.07
2026-04-28T18:15:00+00:00,102766.07
2026-04-28T18:30:00+00:00,102766.07
2026-04-28T18:45:00+00:00,102766.07
2026-04-28T19:00:00+00:00,102766.07
2026-04-28T19:10:00+00:00,102766.07
2026-04-29T14:00:00+00:00,102610.47
2026-04-29T14:15:00+00:00,102595.75
2026-04-29T14:30:00+00:00,102546.24
2026-04-29T14:45:00+00:00,102546.36
2026-04-29T15:00:00+00:00,102553.46
2026-04-29T15:15:00+00:00,102554.92
2026-04-29T15:30:00+00:00,102553.44
2026-04-29T15:45:00+00:00,102555.64
2026-04-29T16:00:00+00:00,102556.36
2026-04-29T16:15:00+00:00,102556.32
2026-04-29T16:30:00+00:00,102555.96
2026-04-29T16:45:00+00:00,102555.7
2026-04-29T17:00:00+00:00,102555.68
2026-04-29T17:15:00+00:00,102556.34
2026-04-29T17:30:00+00:00,102556.04
2026-04-29T17:45:00+00:00,102556.02
2026-04-29T18:00:00+00:00,102549.34
2026-04-29T18:15:00+00:00,102320.6
2026-04-29T18:30:00+00:00,102320.86
2026-04-29T18:45:00+00:00,102320.54
2026-04-29T19:00:00+00:00,102320.66
2026-04-29T19:10:00+00:00,102320.74
2026-04-30T14:00:00+00:00,102533.26
2026-04-30T14:15:00+00:00,102533.26
2026-04-30T14:30:00+00:00,102533.26
2026-04-30T14:45:00+00:00,102533.26
2026-04-30T15:00:00+00:00,102533.26
2026-04-30T15:15:00+00:00,102533.26
2026-04-30T15:30:00+00:00,102533.26
2026-04-30T15:45:00+00:00,102533.26
2026-04-30T16:00:00+00:00,102533.26
2026-04-30T16:15:00+00:00,102533.26
2026-04-30T16:30:00+00:00,102533.26
2026-04-30T16:45:00+00:00,102533.26
2026-04-30T17:00:00+00:00,102533.26
2026-04-30T17:15:00+00:00,102533.26
2026-04-30T17:30:00+00:00,102533.26
2026-04-30T17:45:00+00:00,102533.26
2026-04-30T18:00:00+00:00,102533.26
2026-04-30T18:15:00+00:00,102533.26
2026-04-30T18:30:00+00:00,102533.26
2026-04-30T18:45:00+00:00,102533.26
2026-04-30T19:00:00+00:00,102533.26
2026-04-30T19:10:00+00:00,102533.26
2026-05-01T14:00:00+00:00,102885.26
2026-05-01T14:15:00+00:00,102885.26
2026-05-01T14:30:00+00:00,102885.26
2026-05-01T14:45:00+00:00,102885.26
2026-05-01T15:00:00+00:00,102885.26
2026-05-01T15:15:00+00:00,102885.26
2026-05-01T15:30:00+00:00,102885.26
2026-05-01T15:45:00+00:00,102885.26
2026-05-01T16:00:00+00:00,102885.26
2026-05-01T16:15:00+00:00,102885.26
2026-05-01T16:30:00+00:00,102885.26
2026-05-01T16:45:00+00:00,102885.26
2026-05-01T17:00:00+00:00,102885.26
2026-05-01T17:15:00+00:00,102885.26
2026-05-01T17:30:00+00:00,102885.26
2026-05-01T17:45:00+00:00,102879.76
2026-05-01T18:00:00+00:00,102879.21
2026-05-01T18:15:00+00:00,102858.22
2026-05-01T18:30:00+00:00,102858.22
2026-05-01T18:45:00+00:00,102858.22
2026-05-01T19:00:00+00:00,102858.22
2026-05-01T19:10:00+00:00,102858.22
2026-05-04T14:00:00+00:00,103138.74
2026-05-04T14:15:00+00:00,103138.74
2026-05-04T14:30:00+00:00,103104.74
2026-05-04T14:45:00+00:00,103104.74
2026-05-04T15:00:00+00:00,103104.74
2026-05-04T15:15:00+00:00,103104.74
2026-05-04T15:30:00+00:00,103104.74
2026-05-04T15:45:00+00:00,103104.74
2026-05-04T16:00:00+00:00,103104.74
2026-05-04T16:15:00+00:00,103104.74
2026-05-04T16:30:00+00:00,103104.74
2026-05-04T16:45:00+00:00,103104.74
2026-05-04T17:00:00+00:00,103104.74
2026-05-04T17:15:00+00:00,103104.74
2026-05-04T17:30:00+00:00,103099.74
2026-05-04T17:45:00+00:00,103100.62
2026-05-04T18:00:00+00:00,103095.24
2026-05-04T18:15:00+00:00,103095.24
2026-05-04T18:30:00+00:00,103090.24
2026-05-04T18:45:00+00:00,103167.57
2026-05-04T19:00:00+00:00,103167.57
2026-05-04T19:10:00+00:00,103167.57
2026-05-05T14:00:00+00:00,103182.42
2026-05-05T14:15:00+00:00,103182.42
2026-05-05T14:30:00+00:00,103152.33
2026-05-05T14:45:00+00:00,103152.33
2026-05-05T15:00:00+00:00,103152.33
2026-05-05T15:15:00+00:00,103152.33
2026-05-05T15:30:00+00:00,103152.33
2026-05-05T15:45:00+00:00,103152.33
2026-05-05T16:00:00+00:00,103152.33
2026-05-05T16:15:00+00:00,103152.33
2026-05-05T16:30:00+00:00,103152.33
2026-05-05T16:45:00+00:00,103152.33
2026-05-05T17:00:00+00:00,103152.33
2026-05-05T17:15:00+00:00,103152.33
2026-05-05T17:30:00+00:00,103152.33
2026-05-05T17:45:00+00:00,103152.33
2026-05-05T18:00:00+00:00,103152.33
2026-05-05T18:15:00+00:00,103152.33
2026-05-05T18:30:00+00:00,103152.33
2026-05-05T18:45:00+00:00,103152.33
2026-05-05T19:00:00+00:00,103152.33
2026-05-05T19:10:00+00:00,103152.33
2026-05-06T14:00:00+00:00,102272.68
2026-05-06T14:15:00+00:00,102260.68
2026-05-06T14:30:00+00:00,102260.68
2026-05-06T14:45:00+00:00,102260.68
2026-05-06T15:00:00+00:00,102260.68
2026-05-06T15:15:00+00:00,102260.68
2026-05-06T15:30:00+00:00,102260.68
2026-05-06T15:45:00+00:00,102260.68
2026-05-06T16:00:00+00:00,102260.68
2026-05-06T16:15:00+00:00,102260.68
2026-05-06T16:30:00+00:00,102260.68
2026-05-06T16:45:00+00:00,102260.68
2026-05-06T17:00:00+00:00,102260.68
2026-05-06T17:15:00+00:00,102260.68
2026-05-06T17:30:00+00:00,102260.68
2026-05-06T17:45:00+00:00,102260.68
2026-05-06T18:00:00+00:00,102260.68
2026-05-06T18:15:00+00:00,102260.68
2026-05-06T18:30:00+00:00,102255.68
2026-05-06T18:45:00+00:00,102255.04
2026-05-06T19:00:00+00:00,102249.98
2026-05-06T19:10:00+00:00,102249.98
2026-05-07T14:00:00+00:00,102563.98
2026-05-07T14:15:00+00:00,102563.98
2026-05-07T14:30:00+00:00,102563.98
2026-05-07T14:45:00+00:00,102563.98
2026-05-07T15:00:00+00:00,102563.98
2026-05-07T15:15:00+00:00,102563.98
2026-05-07T15:30:00+00:00,102563.98
2026-05-07T15:45:00+00:00,102563.98
2026-05-07T16:00:00+00:00,102563.98
2026-05-07T16:15:00+00:00,102563.98
2026-05-07T16:30:00+00:00,102563.98
2026-05-07T16:45:00+00:00,102563.98
2026-05-07T17:00:00+00:00,102563.98
2026-05-07T17:15:00+00:00,102563.98
2026-05-07T17:30:00+00:00,102563.98
2026-05-07T17:45:00+00:00,102563.98
2026-05-07T18:00:00+00:00,102563.98
2026-05-07T18:15:00+00:00,102563.98
2026-05-07T18:30:00+00:00,102563.98
2026-05-07T18:45:00+00:00,102563.98
2026-05-07T19:00:00+00:00,102563.98
2026-05-07T19:10:00+00:00,102563.98
2026-05-08T14:00:00+00:00,102754.98
2026-05-08T14:15:00+00:00,102754.98
2026-05-08T14:30:00+00:00,102754.98
2026-05-08T14:45:00+00:00,102754.98
2026-05-08T15:00:00+00:00,102754.98
2026-05-08T15:15:00+00:00,102754.98
2026-05-08T15:30:00+00:00,102754.98
2026-05-08T15:45:00+00:00,102754.98
2026-05-08T16:00:00+00:00,102754.98
2026-05-08T16:15:00+00:00,102754.98
2026-05-08T16:30:00+00:00,102754.98
2026-05-08T16:45:00+00:00,102754.98
2026-05-08T17:00:00+00:00,102754.98
2026-05-08T17:15:00+00:00,102754.98
2026-05-08T17:30:00+00:00,102754.98
2026-05-08T17:45:00+00:00,102754.98
2026-05-08T18:00:00+00:00,102754.98
2026-05-08T18:15:00+00:00,102754.98
2026-05-08T18:30:00+00:00,102754.98
2026-05-08T18:45:00+00:00,102754.98
2026-05-08T19:00:00+00:00,102754.98
2026-05-08T19:10:00+00:00,102754.98
2026-05-11T14:00:00+00:00,102885.98
2026-05-11T14:15:00+00:00,102885.98
2026-05-11T14:30:00+00:00,102885.98
2026-05-11T14:45:00+00:00,102885.98
2026-05-11T15:00:00+00:00,102885.98
2026-05-11T15:15:00+00:00,102885.98
2026-05-11T15:30:00+00:00,102885.98
2026-05-11T15:45:00+00:00,102885.98
2026-05-11T16:00:00+00:00,102885.98
2026-05-11T16:15:00+00:00,102885.98
2026-05-11T16:30:00+00:00,102885.98
2026-05-11T16:45:00+00:00,102885.98
2026-05-11T17:00:00+00:00,102885.98
2026-05-11T17:15:00+00:00,102885.98
2026-05-11T17:30:00+00:00,102885.98
2026-05-11T17:45:00+00:00,102885.98
2026-05-11T18:00:00+00:00,102885.98
2026-05-11T18:15:00+00:00,102878.98
2026-05-11T18:30:00+00:00,102876.95
2026-05-11T18:45:00+00:00,102880.01
2026-05-11T19:00:00+00:00,102880.01
2026-05-11T19:10:00+00:00,102880.01
2026-05-12T14:00:00+00:00,103030.47
2026-05-12T14:15:00+00:00,103030.47
2026-05-12T14:30:00+00:00,103030.47
2026-05-12T14:45:00+00:00,103030.47
2026-05-12T15:00:00+00:00,103030.47
2026-05-12T15:15:00+00:00,103030.47
2026-05-12T15:30:00+00:00,103030.47
2026-05-12T15:45:00+00:00,103030.47
2026-05-12T16:00:00+00:00,103030.47
2026-05-12T16:15:00+00:00,103030.47
2026-05-12T16:30:00+00:00,103030.47
2026-05-12T16:45:00+00:00,103030.47
2026-05-12T17:00:00+00:00,103030.47
2026-05-12T17:15:00+00:00,103030.47
2026-05-12T17:30:00+00:00,103030.47
2026-05-12T17:45:00+00:00,103030.47
2026-05-12T18:00:00+00:00,103030.47
2026-05-12T18:15:00+00:00,103030.47
2026-05-12T18:30:00+00:00,103030.47
2026-05-12T18:45:00+00:00,103030.47
2026-05-12T19:00:00+00:00,103030.47
2026-05-12T19:10:00+00:00,103030.47
2026-05-13T14:00:00+00:00,103397.47
2026-05-13T14:15:00+00:00,103390.47
2026-05-13T14:30:00+00:00,103422.81
2026-05-13T14:45:00+00:00,103436.72
2026-05-13T15:00:00+00:00,103436.72
2026-05-13T15:15:00+00:00,103436.72
2026-05-13T15:30:00+00:00,103436.72
2026-05-13T15:45:00+00:00,103436.72
2026-05-13T16:00:00+00:00,103436.72
2026-05-13T16:15:00+00:00,103436.72
2026-05-13T16:30:00+00:00,103431.72
2026-05-13T16:45:00+00:00,103431.72
2026-05-13T17:00:00+00:00,103431.72
2026-05-13T17:15:00+00:00,103431.72
2026-05-13T17:30:00+00:00,103431.72
2026-05-13T17:45:00+00:00,103431.72
2026-05-13T18:00:00+00:00,103431.72
2026-05-13T18:15:00+00:00,103431.72
2026-05-13T18:30:00+00:00,103431.72
2026-05-13T18:45:00+00:00,103431.72
2026-05-13T19:00:00+00:00,103431.72
2026-05-13T19:10:00+00:00,103431.72
2026-05-14T14:00:00+00:00,103347.72
2026-05-14T14:15:00+00:00,103347.72
2026-05-14T14:30:00+00:00,103347.72
2026-05-14T14:45:00+00:00,103347.72
2026-05-14T15:00:00+00:00,103347.72
2026-05-14T15:15:00+00:00,103347.72
2026-05-14T15:30:00+00:00,103347.72
2026-05-14T15:45:00+00:00,103347.72
2026-05-14T16:00:00+00:00,103347.72
2026-05-14T16:15:00+00:00,103347.72
2026-05-14T16:30:00+00:00,103347.72
2026-05-14T16:45:00+00:00,103347.72
2026-05-14T17:00:00+00:00,103347.72
2026-05-14T17:15:00+00:00,103347.72
2026-05-14T17:30:00+00:00,103347.72
2026-05-14T17:45:00+00:00,103347.72
2026-05-14T18:00:00+00:00,103347.72
2026-05-14T18:15:00+00:00,103347.72
2026-05-14T18:30:00+00:00,103347.72
2026-05-14T18:45:00+00:00,103347.72
2026-05-14T19:00:00+00:00,103347.72
2026-05-14T19:10:00+00:00,103347.72
2026-05-15T14:00:00+00:00,103292.94
2026-05-15T14:15:00+00:00,103292.94
2026-05-15T14:30:00+00:00,103292.94
2026-05-15T14:45:00+00:00,103292.94
2026-05-15T15:00:00+00:00,103292.94
2026-05-15T15:15:00+00:00,103292.94
2026-05-15T15:30:00+00:00,103292.94
2026-05-15T15:45:00+00:00,103292.94
2026-05-15T16:00:00+00:00,103292.94
2026-05-15T16:15:00+00:00,103292.94
2026-05-15T16:30:00+00:00,103292.94
2026-05-15T16:45:00+00:00,103292.94
2026-05-15T17:00:00+00:00,103292.94
2026-05-15T17:15:00+00:00,103292.94
2026-05-15T17:30:00+00:00,103292.94
2026-05-15T17:45:00+00:00,103285.94
2026-05-15T18:00:00+00:00,103281.32
2026-05-15T18:15:00+00:00,103278.99
2026-05-15T18:30:00+00:00,103278.99
2026-05-15T18:45:00+00:00,103278.99
2026-05-15T19:00:00+00:00,103278.99
2026-05-15T19:10:00+00:00,103278.99
2026-05-18T14:00:00+00:00,103148.4
2026-05-18T14:15:00+00:00,103148.4
2026-05-18T14:30:00+00:00,103104.52
2026-05-18T14:45:00+00:00,103104.52
2026-05-18T15:00:00+00:00,103104.52
2026-05-18T15:15:00+00:00,103104.52
2026-05-18T15:30:00+00:00,103104.52
2026-05-18T15:45:00+00:00,103104.52
2026-05-18T16:00:00+00:00,103104.52
2026-05-18T16:15:00+00:00,103104.52
2026-05-18T16:30:00+00:00,103080.12
2026-05-18T16:45:00+00:00,103080.12
2026-05-18T17:00:00+00:00,103080.12
2026-05-18T17:15:00+00:00,103080.12
2026-05-18T17:30:00+00:00,103080.12
2026-05-18T17:45:00+00:00,103075.12
2026-05-18T18:00:00+00:00,103073.47
2026-05-18T18:15:00+00:00,103860.22
2026-05-18T18:30:00+00:00,103860.22
2026-05-18T18:45:00+00:00,103860.22
2026-05-18T19:00:00+00:00,103860.22
2026-05-18T19:10:00+00:00,103860.22
2026-05-19T14:00:00+00:00,104062.74
2026-05-19T14:15:00+00:00,104062.74
2026-05-19T14:30:00+00:00,104062.74
2026-05-19T14:45:00+00:00,104062.74
2026-05-19T15:00:00+00:00,104062.74
2026-05-19T15:15:00+00:00,104062.74
2026-05-19T15:30:00+00:00,104062.74
2026-05-19T15:45:00+00:00,104062.74
2026-05-19T16:00:00+00:00,104062.74
2026-05-19T16:15:00+00:00,104062.74
2026-05-19T16:30:00+00:00,104062.74
2026-05-19T16:45:00+00:00,104062.74
2026-05-19T17:00:00+00:00,104062.74
2026-05-19T17:15:00+00:00,104062.74
2026-05-19T17:30:00+00:00,104062.74
2026-05-19T17:45:00+00:00,104062.74
2026-05-19T18:00:00+00:00,104062.74
2026-05-19T18:15:00+00:00,104062.74
2026-05-19T18:30:00+00:00,104056.74
2026-05-19T18:45:00+00:00,104047.29
2026-05-19T19:00:00+00:00,104047.29
2026-05-19T19:10:00+00:00,104047.29
2026-05-20T14:00:00+00:00,103949.29
2026-05-20T14:15:00+00:00,103949.29
2026-05-20T14:30:00+00:00,103949.29
2026-05-20T14:45:00+00:00,103949.29
2026-05-20T15:00:00+00:00,103949.29
2026-05-20T15:15:00+00:00,103949.29
2026-05-20T15:30:00+00:00,103915.29
2026-05-20T15:45:00+00:00,103915.29
2026-05-20T16:00:00+00:00,103915.29
2026-05-20T16:15:00+00:00,103915.29
2026-05-20T16:30:00+00:00,103915.29
2026-05-20T16:45:00+00:00,103915.29
2026-05-20T17:00:00+00:00,103915.29
2026-05-20T17:15:00+00:00,103915.29
2026-05-20T17:30:00+00:00,103915.29
2026-05-20T17:45:00+00:00,103915.29
2026-05-20T18:00:00+00:00,103915.29
2026-05-20T18:15:00+00:00,103915.29
2026-05-20T18:30:00+00:00,103915.29
2026-05-20T18:45:00+00:00,103915.29
2026-05-20T19:00:00+00:00,103915.29
2026-05-20T19:10:00+00:00,103915.29
2026-05-21T14:00:00+00:00,103867.29
2026-05-21T14:15:00+00:00,103867.29
2026-05-21T14:30:00+00:00,103867.29
2026-05-21T14:45:00+00:00,103867.29
2026-05-21T15:00:00+00:00,103867.29
2026-05-21T15:15:00+00:00,103867.29
2026-05-21T15:30:00+00:00,103867.29
2026-05-21T15:45:00+00:00,103867.29
2026-05-21T16:00:00+00:00,103867.29
2026-05-21T16:15:00+00:00,103867.29
2026-05-21T16:30:00+00:00,103867.29
2026-05-21T16:45:00+00:00,103867.29
2026-05-21T17:00:00+00:00,103867.29
2026-05-21T17:15:00+00:00,103867.29
2026-05-21T17:30:00+00:00,103839.44
2026-05-21T17:45:00+00:00,103839.44
2026-05-21T18:00:00+00:00,103839.44
2026-05-21T18:15:00+00:00,103834.94
2026-05-21T18:30:00+00:00,103843.1
2026-05-21T18:45:00+00:00,103839.2
2026-05-21T19:00:00+00:00,103839.2
2026-05-21T19:10:00+00:00,103839.2
2026-05-22T14:00:00+00:00,103870.14
2026-05-22T14:15:00+00:00,103870.14
2026-05-22T14:30:00+00:00,103858.14
2026-05-22T14:45:00+00:00,102844.05
2026-05-22T15:00:00+00:00,102844.05
2026-05-22T15:15:00+00:00,102844.05
2026-05-22T15:30:00+00:00,102844.05
2026-05-22T15:45:00+00:00,102844.05
2026-05-22T16:00:00+00:00,102844.05
2026-05-22T16:15:00+00:00,102844.05
2026-05-22T16:30:00+00:00,102844.05
2026-05-22T16:45:00+00:00,102844.05
2026-05-22T17:00:00+00:00,102844.05
2026-05-22T17:15:00+00:00,102844.05
2026-05-22T17:30:00+00:00,102818.05
2026-05-22T17:45:00+00:00,102479.96
2026-05-22T18:00:00+00:00,102479.96
2026-05-22T18:15:00+00:00,102479.96
2026-05-22T18:30:00+00:00,102479.96
2026-05-22T18:45:00+00:00,102479.96
2026-05-22T19:00:00+00:00,102479.96
2026-05-22T19:10:00+00:00,102479.96
2026-05-26T14:00:00+00:00,102000.43
2026-05-26T14:15:00+00:00,101996.93
2026-05-26T14:30:00+00:00,102034.24
2026-05-26T14:45:00+00:00,102032.05
2026-05-26T15:00:00+00:00,102032.05
2026-05-26T15:15:00+00:00,102032.05
2026-05-26T15:30:00+00:00,102032.05
2026-05-26T15:45:00+00:00,102032.05
2026-05-26T16:00:00+00:00,102032.05
2026-05-26T16:15:00+00:00,102032.05
2026-05-26T16:30:00+00:00,102032.05
2026-05-26T16:45:00+00:00,102032.05
2026-05-26T17:00:00+00:00,102032.05
2026-05-26T17:15:00+00:00,102032.05
2026-05-26T17:30:00+00:00,102032.05
2026-05-26T17:45:00+00:00,102032.05
2026-05-26T18:00:00+00:00,102032.05
2026-05-26T18:15:00+00:00,102027.05
2026-05-26T18:30:00+00:00,102031.4
2026-05-26T18:45:00+00:00,102017.66
2026-05-26T19:00:00+00:00,102017.66
2026-05-26T19:10:00+00:00,102017.66
2026-05-27T14:00:00+00:00,102155.66
2026-05-27T14:15:00+00:00,102155.66
2026-05-27T14:30:00+00:00,102155.66
2026-05-27T14:45:00+00:00,102155.66
2026-05-27T15:00:00+00:00,102149.66
2026-05-27T15:15:00+00:00,102148.49
2026-05-27T15:30:00+00:00,102138.89
2026-05-27T15:45:00+00:00,102138.89
2026-05-27T16:00:00+00:00,102138.89
2026-05-27T16:15:00+00:00,102138.89
2026-05-27T16:30:00+00:00,102138.89
2026-05-27T16:45:00+00:00,102138.89
2026-05-27T17:00:00+00:00,102138.89
2026-05-27T17:15:00+00:00,102138.89
2026-05-27T17:30:00+00:00,102132.89
2026-05-27T17:45:00+00:00,102137.63
2026-05-27T18:00:00+00:00,102130.7
2026-05-27T18:15:00+00:00,102126.7
2026-05-27T18:30:00+00:00,102143.58
2026-05-27T18:45:00+00:00,102140.16
2026-05-27T19:00:00+00:00,102140.16
2026-05-27T19:10:00+00:00,102140.16
2026-05-28T14:00:00+00:00,102231.16
2026-05-28T14:15:00+00:00,102226.66
2026-05-28T14:30:00+00:00,102228.94
2026-05-28T14:45:00+00:00,102234.67
2026-05-28T15:00:00+00:00,102234.67
2026-05-28T15:15:00+00:00,102234.67
2026-05-28T15:30:00+00:00,102234.67
2026-05-28T15:45:00+00:00,102234.67
2026-05-28T16:00:00+00:00,102234.67
2026-05-28T16:15:00+00:00,102234.67
2026-05-28T16:30:00+00:00,102234.67
2026-05-28T16:45:00+00:00,102234.67
2026-05-28T17:00:00+00:00,102234.67
2026-05-28T17:15:00+00:00,102234.67
2026-05-28T17:30:00+00:00,102234.67
2026-05-28T17:45:00+00:00,102234.67
2026-05-28T18:00:00+00:00,102234.67
2026-05-28T18:15:00+00:00,102234.67
2026-05-28T18:30:00+00:00,102234.67
2026-05-28T18:45:00+00:00,102234.67
2026-05-28T19:00:00+00:00,102234.67
2026-05-28T19:10:00+00:00,102234.67
2026-05-29T14:00:00+00:00,102202.17
2026-05-29T14:15:00+00:00,101289.1
2026-05-29T14:30:00+00:00,101277.91
2026-05-29T14:45:00+00:00,101277.91
2026-05-29T15:00:00+00:00,101277.91
2026-05-29T15:15:00+00:00,101277.91
2026-05-29T15:30:00+00:00,101277.91
2026-05-29T15:45:00+00:00,101277.91
2026-05-29T16:00:00+00:00,101277.91
2026-05-29T16:15:00+00:00,101277.91
2026-05-29T16:30:00+00:00,101277.91
2026-05-29T16:45:00+00:00,101277.91
2026-05-29T17:00:00+00:00,101277.91
2026-05-29T17:15:00+00:00,101277.91
2026-05-29T17:30:00+00:00,101272.41
2026-05-29T17:45:00+00:00,101276.26
2026-05-29T18:00:00+00:00,101272.87
2026-05-29T18:15:00+00:00,101272.87
2026-05-29T18:30:00+00:00,101265.37
2026-05-29T18:45:00+00:00,101236.42
2026-05-29T19:00:00+00:00,101229.58
2026-05-29T19:10:00+00:00,101229.58
2026-06-01T14:00:00+00:00,101242.58
2026-06-01T14:15:00+00:00,101242.58
2026-06-01T14:30:00+00:00,101242.58
2026-06-01T14:45:00+00:00,101206.58
2026-06-01T15:00:00+00:00,101206.58
2026-06-01T15:15:00+00:00,101206.58
2026-06-01T15:30:00+00:00,101206.58
2026-06-01T15:45:00+00:00,101206.58
2026-06-01T16:00:00+00:00,101206.58
2026-06-01T16:15:00+00:00,101206.58
2026-06-01T16:30:00+00:00,101206.58
2026-06-01T16:45:00+00:00,101206.58
2026-06-01T17:00:00+00:00,101206.58
2026-06-01T17:15:00+00:00,101206.58
2026-06-01T17:30:00+00:00,101206.58
2026-06-01T17:45:00+00:00,101206.58
2026-06-01T18:00:00+00:00,101206.58
2026-06-01T18:15:00+00:00,101206.58
2026-06-01T18:30:00+00:00,101196.08
2026-06-01T18:45:00+00:00,101277.0
2026-06-01T19:00:00+00:00,101129.07
2026-06-01T19:10:00+00:00,101129.07
2026-06-02T14:00:00+00:00,101171.54
2026-06-02T14:15:00+00:00,101166.54
2026-06-02T14:30:00+00:00,101144.64
2026-06-02T14:45:00+00:00,101139.65
2026-06-02T15:00:00+00:00,101139.65
2026-06-02T15:15:00+00:00,101139.65
2026-06-02T15:30:00+00:00,101139.65
2026-06-02T15:45:00+00:00,101139.65
2026-06-02T16:00:00+00:00,101139.65
2026-06-02T16:15:00+00:00,101139.65
2026-06-02T16:30:00+00:00,101139.65
2026-06-02T16:45:00+00:00,101139.65
2026-06-02T17:00:00+00:00,101139.65
2026-06-02T17:15:00+00:00,101139.65
2026-06-02T17:30:00+00:00,101134.65
2026-06-02T17:45:00+00:00,101135.55
2026-06-02T18:00:00+00:00,101126.26
2026-06-02T18:15:00+00:00,101121.26
2026-06-02T18:30:00+00:00,101109.16
2026-06-02T18:45:00+00:00,101074.26
2026-06-02T19:00:00+00:00,101100.4
2026-06-02T19:10:00+00:00,101100.4
2026-06-03T14:00:00+00:00,101034.4
2026-06-03T14:15:00+00:00,101034.4
2026-06-03T14:30:00+00:00,101021.9
2026-06-03T14:45:00+00:00,100872.36
2026-06-03T15:00:00+00:00,100867.36
2026-06-03T15:15:00+00:00,100858.41
2026-06-03T15:30:00+00:00,100867.57
2026-06-03T15:45:00+00:00,100867.57
2026-06-03T16:00:00+00:00,100867.57
2026-06-03T16:15:00+00:00,100867.57
2026-06-03T16:30:00+00:00,100867.57
2026-06-03T16:45:00+00:00,100867.57
2026-06-03T17:00:00+00:00,100867.57
2026-06-03T17:15:00+00:00,100867.57
2026-06-03T17:30:00+00:00,100862.57
2026-06-03T17:45:00+00:00,100850.85
2026-06-03T18:00:00+00:00,100909.65
2026-06-03T18:15:00+00:00,100975.97
2026-06-03T18:30:00+00:00,100971.47
2026-06-03T18:45:00+00:00,100964.27
2026-06-03T19:00:00+00:00,100955.72
2026-06-03T19:10:00+00:00,100955.72
2026-06-04T14:00:00+00:00,101174.72
2026-06-04T14:15:00+00:00,101170.72
2026-06-04T14:30:00+00:00,101167.72
2026-06-04T14:45:00+00:00,101136.18
2026-06-04T15:00:00+00:00,101112.39
2026-06-04T15:15:00+00:00,101112.39
2026-06-04T15:30:00+00:00,101112.39
2026-06-04T15:45:00+00:00,101112.39
2026-06-04T16:00:00+00:00,101112.39
2026-06-04T16:15:00+00:00,101112.39
2026-06-04T16:30:00+00:00,101112.39
2026-06-04T16:45:00+00:00,101112.39
2026-06-04T17:00:00+00:00,101112.39
2026-06-04T17:15:00+00:00,101112.39
2026-06-04T17:30:00+00:00,101106.39
2026-06-04T17:45:00+00:00,101104.23
2026-06-04T18:00:00+00:00,101106.78
2026-06-04T18:15:00+00:00,101106.78
2026-06-04T18:30:00+00:00,101106.78
2026-06-04T18:45:00+00:00,101106.78
2026-06-04T19:00:00+00:00,101106.78
2026-06-04T19:10:00+00:00,101106.78
2026-06-05T14:00:00+00:00,100713.78
2026-06-05T14:15:00+00:00,100707.28
2026-06-05T14:30:00+00:00,100706.89
2026-06-05T14:45:00+00:00,100691.92
2026-06-05T15:00:00+00:00,100693.87
2026-06-05T15:15:00+00:00,100674.09
2026-06-05T15:30:00+00:00,100674.81
2026-06-05T15:45:00+00:00,100666.68
2026-06-05T16:00:00+00:00,100666.68
2026-06-05T16:15:00+00:00,100666.68
2026-06-05T16:30:00+00:00,100666.68
2026-06-05T16:45:00+00:00,100627.31
2026-06-05T17:00:00+00:00,100627.31
2026-06-05T17:15:00+00:00,100627.31
2026-06-05T17:30:00+00:00,100616.31
2026-06-05T17:45:00+00:00,100654.87
2026-06-05T18:00:00+00:00,100614.08
2026-06-05T18:15:00+00:00,100614.08
2026-06-05T18:30:00+00:00,100614.08
2026-06-05T18:45:00+00:00,100614.08
2026-06-05T19:00:00+00:00,100608.6
2026-06-05T19:10:00+00:00,100608.6
2026-06-08T14:00:00+00:00,100791.1
2026-06-08T14:15:00+00:00,100791.1
2026-06-08T14:30:00+00:00,100791.1
2026-06-08T14:45:00+00:00,100791.1
2026-06-08T15:00:00+00:00,100791.1
2026-06-08T15:15:00+00:00,100791.1
2026-06-08T15:30:00+00:00,100791.1
2026-06-08T15:45:00+00:00,100791.1
2026-06-08T16:00:00+00:00,100791.1
2026-06-08T16:15:00+00:00,100791.1
2026-06-08T16:30:00+00:00,100791.1
2026-06-08T16:45:00+00:00,100791.1
2026-06-08T17:00:00+00:00,100791.1
2026-06-08T17:15:00+00:00,100791.1
2026-06-08T17:30:00+00:00,100791.1
2026-06-08T17:45:00+00:00,100791.1
2026-06-08T18:00:00+00:00,100791.1
2026-06-08T18:15:00+00:00,100791.1
2026-06-08T18:30:00+00:00,100791.1
2026-06-08T18:45:00+00:00,100791.1
2026-06-08T19:00:00+00:00,100791.1
2026-06-08T19:10:00+00:00,100791.1
2026-06-09T14:00:00+00:00,100733.97
2026-06-09T14:15:00+00:00,100724.81
2026-06-09T14:30:00+00:00,100717.38
2026-06-09T14:45:00+00:00,100717.38
2026-06-09T15:00:00+00:00,100717.38
2026-06-09T15:15:00+00:00,100717.38
2026-06-09T15:30:00+00:00,100717.38
2026-06-09T15:45:00+00:00,100717.38
2026-06-09T16:00:00+00:00,100717.38
2026-06-09T16:15:00+00:00,100717.38
2026-06-09T16:30:00+00:00,100717.38
2026-06-09T16:45:00+00:00,100717.38
2026-06-09T17:00:00+00:00,100717.38
2026-06-09T17:15:00+00:00,100717.38
2026-06-09T17:30:00+00:00,100717.38
2026-06-09T17:45:00+00:00,100717.38
2026-06-09T18:00:00+00:00,100717.38
2026-06-09T18:15:00+00:00,100717.38
2026-06-09T18:30:00+00:00,100717.38
2026-06-09T18:45:00+00:00,100717.38
2026-06-09T19:00:00+00:00,100717.38
2026-06-09T19:10:00+00:00,100717.38
2026-06-10T14:00:00+00:00,100575.38
2026-06-10T14:15:00+00:00,100575.38
2026-06-10T14:30:00+00:00,100575.38
2026-06-10T14:45:00+00:00,100575.38
2026-06-10T15:00:00+00:00,100575.38
2026-06-10T15:15:00+00:00,100575.38
2026-06-10T15:30:00+00:00,100575.38
2026-06-10T15:45:00+00:00,100575.38
2026-06-10T16:00:00+00:00,100575.38
2026-06-10T16:15:00+00:00,100575.38
2026-06-10T16:30:00+00:00,100575.38
2026-06-10T16:45:00+00:00,100575.38
2026-06-10T17:00:00+00:00,100575.38
2026-06-10T17:15:00+00:00,100575.38
2026-06-10T17:30:00+00:00,100575.38
2026-06-10T17:45:00+00:00,100575.38
2026-06-10T18:00:00+00:00,100575.38
2026-06-10T18:15:00+00:00,100575.38
2026-06-10T18:30:00+00:00,100575.38
2026-06-10T18:45:00+00:00,100575.38
2026-06-10T19:00:00+00:00,100575.38
2026-06-10T19:10:00+00:00,100575.38
2026-06-11T14:00:00+00:00,100737.38
2026-06-11T14:15:00+00:00,100737.38
2026-06-11T14:30:00+00:00,100737.38
2026-06-11T14:45:00+00:00,100737.38
2026-06-11T15:00:00+00:00,100737.38
2026-06-11T15:15:00+00:00,100737.38
2026-06-11T15:30:00+00:00,100737.38
2026-06-11T15:45:00+00:00,100737.38
2026-06-11T16:00:00+00:00,100737.38
2026-06-11T16:15:00+00:00,100737.38
2026-06-11T16:30:00+00:00,100737.38
2026-06-11T16:45:00+00:00,100737.38
2026-06-11T17:00:00+00:00,100737.38
2026-06-11T17:15:00+00:00,100737.38
2026-06-11T17:30:00+00:00,100737.38
2026-06-11T17:45:00+00:00,100737.38
2026-06-11T18:00:00+00:00,100737.38
2026-06-11T18:15:00+00:00,100737.38
2026-06-11T18:30:00+00:00,100737.38
2026-06-11T18:45:00+00:00,100737.38
2026-06-11T19:00:00+00:00,100737.38
2026-06-11T19:10:00+00:00,100737.38
2026-06-12T14:00:00+00:00,100815.38
2026-06-12T14:15:00+00:00,100815.38
2026-06-12T14:30:00+00:00,100815.38
2026-06-12T14:45:00+00:00,100815.38
2026-06-12T15:00:00+00:00,100788.54
2026-06-12T15:15:00+00:00,100788.54
2026-06-12T15:30:00+00:00,100788.54
2026-06-12T15:45:00+00:00,100788.54
2026-06-12T16:00:00+00:00,100788.54
2026-06-12T16:15:00+00:00,100788.54
2026-06-12T16:30:00+00:00,100788.54
2026-06-12T16:45:00+00:00,100788.54
2026-06-12T17:00:00+00:00,100788.54
2026-06-12T17:15:00+00:00,100788.54
2026-06-12T17:30:00+00:00,100788.54
2026-06-12T17:45:00+00:00,100788.54
2026-06-12T18:00:00+00:00,100788.54
2026-06-12T18:15:00+00:00,100788.54
2026-06-12T18:30:00+00:00,100788.54
2026-06-12T18:45:00+00:00,100788.54
2026-06-12T19:00:00+00:00,100788.54
2026-06-12T19:10:00+00:00,100788.54
2026-06-15T14:00:00+00:00,100982.54
2026-06-15T14:15:00+00:00,100999.7
2026-06-15T14:30:00+00:00,101013.69
2026-06-15T14:45:00+00:00,101013.69
2026-06-15T15:00:00+00:00,101013.69
2026-06-15T15:15:00+00:00,101008.19
2026-06-15T15:30:00+00:00,101014.79
2026-06-15T15:45:00+00:00,101036.92
2026-06-15T16:00:00+00:00,101036.92
2026-06-15T16:15:00+00:00,101036.92
2026-06-15T16:30:00+00:00,101036.92
2026-06-15T16:45:00+00:00,101036.92
2026-06-15T17:00:00+00:00,101036.92
2026-06-15T17:15:00+00:00,101036.92
2026-06-15T17:30:00+00:00,101036.92
2026-06-15T17:45:00+00:00,101036.92
2026-06-15T18:00:00+00:00,101030.92
2026-06-15T18:15:00+00:00,101034.46
2026-06-15T18:30:00+00:00,101012.59
2026-06-15T18:45:00+00:00,101012.59
2026-06-15T19:00:00+00:00,101012.59
2026-06-15T19:10:00+00:00,101012.59
2026-06-16T14:00:00+00:00,101026.59
2026-06-16T14:15:00+00:00,101033.82
2026-06-16T14:30:00+00:00,100983.21
2026-06-16T14:45:00+00:00,100983.21
2026-06-16T15:00:00+00:00,100983.21
2026-06-16T15:15:00+00:00,100978.71
2026-06-16T15:30:00+00:00,100969.56
2026-06-16T15:45:00+00:00,100954.07
2026-06-16T16:00:00+00:00,100954.07
2026-06-16T16:15:00+00:00,100954.07
2026-06-16T16:30:00+00:00,100954.07
2026-06-16T16:45:00+00:00,100954.07
2026-06-16T17:00:00+00:00,100954.07
2026-06-16T17:15:00+00:00,100954.07
2026-06-16T17:30:00+00:00,100950.07
2026-06-16T17:45:00+00:00,100947.41
2026-06-16T18:00:00+00:00,100941.88
2026-06-16T18:15:00+00:00,100931.89
2026-06-16T18:30:00+00:00,100931.89
2026-06-16T18:45:00+00:00,100931.89
2026-06-16T19:00:00+00:00,100931.89
2026-06-16T19:10:00+00:00,100931.89
2026-06-17T14:00:00+00:00,100931.89
2026-06-17T14:15:00+00:00,100926.89
2026-06-17T14:30:00+00:00,100923.25
2026-06-17T14:45:00+00:00,100920.26
2026-06-17T15:00:00+00:00,100914.39
2026-06-17T15:15:00+00:00,100914.73
2026-06-17T15:30:00+00:00,100914.73
2026-06-17T15:45:00+00:00,100914.73
2026-06-17T16:00:00+00:00,100914.73
2026-06-17T16:15:00+00:00,100914.73
2026-06-17T16:30:00+00:00,100914.73
2026-06-17T16:45:00+00:00,100914.73
2026-06-17T17:00:00+00:00,100914.73
2026-06-17T17:15:00+00:00,100914.73
2026-06-17T17:30:00+00:00,100914.73
2026-06-17T17:45:00+00:00,100914.73
2026-06-17T18:00:00+00:00,100897.23
2026-06-17T18:15:00+00:00,100853.72
2026-06-17T18:30:00+00:00,100788.95
2026-06-17T18:45:00+00:00,100781.27
2026-06-17T19:00:00+00:00,100782.7
2026-06-17T19:10:00+00:00,100782.7
2026-06-18T14:00:00+00:00,101054.89
2026-06-18T14:15:00+00:00,101054.89
2026-06-18T14:30:00+00:00,101049.89
2026-06-18T14:45:00+00:00,101097.1
2026-06-18T15:00:00+00:00,101097.1
2026-06-18T15:15:00+00:00,101089.1
2026-06-18T15:30:00+00:00,101089.5
2026-06-18T15:45:00+00:00,101081.17
2026-06-18T16:00:00+00:00,101081.17
2026-06-18T16:15:00+00:00,101081.17
2026-06-18T16:30:00+00:00,101081.17
2026-06-18T16:45:00+00:00,101081.17
2026-06-18T17:00:00+00:00,101081.17
2026-06-18T17:15:00+00:00,101081.17
2026-06-18T17:30:00+00:00,101076.17
2026-06-18T17:45:00+00:00,101066.57
2026-06-18T18:00:00+00:00,101055.48
2026-06-18T18:15:00+00:00,101055.48
2026-06-18T18:30:00+00:00,101055.48
2026-06-18T18:45:00+00:00,101055.48
2026-06-18T19:00:00+00:00,101055.48
2026-06-18T19:10:00+00:00,101055.48
2026-06-22T14:00:00+00:00,100860.48
2026-06-22T14:15:00+00:00,100860.48
2026-06-22T14:30:00+00:00,100860.48
2026-06-22T14:45:00+00:00,100860.48
2026-06-22T15:00:00+00:00,100860.48
2026-06-22T15:15:00+00:00,100860.48
2026-06-22T15:30:00+00:00,100860.48
2026-06-22T15:45:00+00:00,100860.48
2026-06-22T16:00:00+00:00,100860.48
2026-06-22T16:15:00+00:00,100860.48
2026-06-22T16:30:00+00:00,100860.48
2026-06-22T16:45:00+00:00,100860.48
2026-06-22T17:00:00+00:00,100860.48
2026-06-22T17:15:00+00:00,100860.48
2026-06-22T17:30:00+00:00,100860.48
2026-06-22T17:45:00+00:00,100860.48
2026-06-22T18:00:00+00:00,100860.48
2026-06-22T18:15:00+00:00,100860.48
2026-06-22T18:30:00+00:00,100860.48
2026-06-22T18:45:00+00:00,100860.48
2026-06-22T19:00:00+00:00,100860.48
2026-06-22T19:10:00+00:00,100860.48
2026-06-23T14:00:00+00:00,100878.48
2026-06-23T14:15:00+00:00,100878.48
2026-06-23T14:30:00+00:00,100878.48
2026-06-23T14:45:00+00:00,100878.48
2026-06-23T15:00:00+00:00,100878.48
2026-06-23T15:15:00+00:00,100878.48
2026-06-23T15:30:00+00:00,100878.48
2026-06-23T15:45:00+00:00,100878.48
2026-06-23T16:00:00+00:00,100878.48
2026-06-23T16:15:00+00:00,100878.48
2026-06-23T16:30:00+00:00,100878.48
2026-06-23T16:45:00+00:00,100878.48
2026-06-23T17:00:00+00:00,100878.48
2026-06-23T17:15:00+00:00,100878.48
2026-06-23T17:30:00+00:00,100878.48
2026-06-23T17:45:00+00:00,100878.48
2026-06-23T18:00:00+00:00,100878.48
2026-06-23T18:15:00+00:00,100878.48
2026-06-23T18:30:00+00:00,100878.48
2026-06-23T18:45:00+00:00,100878.48
2026-06-23T19:00:00+00:00,100878.48
2026-06-23T19:10:00+00:00,100878.48
2026-06-24T14:00:00+00:00,100995.48
2026-06-24T14:15:00+00:00,100995.48
2026-06-24T14:30:00+00:00,100995.48
2026-06-24T14:45:00+00:00,100995.48
2026-06-24T15:00:00+00:00,100995.48
2026-06-24T15:15:00+00:00,100995.48
2026-06-24T15:30:00+00:00,100995.48
2026-06-24T15:45:00+00:00,100995.48
2026-06-24T16:00:00+00:00,100995.48
2026-06-24T16:15:00+00:00,100995.48
2026-06-24T16:30:00+00:00,100995.48
2026-06-24T16:45:00+00:00,100995.48
2026-06-24T17:00:00+00:00,100995.48
2026-06-24T17:15:00+00:00,100995.48
2026-06-24T17:30:00+00:00,100995.48
2026-06-24T17:45:00+00:00,100995.48
2026-06-24T18:00:00+00:00,100995.48
2026-06-24T18:15:00+00:00,100995.48
2026-06-24T18:30:00+00:00,100995.48
2026-06-24T18:45:00+00:00,100995.48
2026-06-24T19:00:00+00:00,100995.48
2026-06-24T19:10:00+00:00,100995.48
2026-06-25T14:00:00+00:00,101079.48
2026-06-25T14:15:00+00:00,101079.48
2026-06-25T14:30:00+00:00,101068.89
2026-06-25T14:45:00+00:00,101069.73
2026-06-25T15:00:00+00:00,101059.7
2026-06-25T15:15:00+00:00,101059.7
2026-06-25T15:30:00+00:00,101059.7
2026-06-25T15:45:00+00:00,101059.7
2026-06-25T16:00:00+00:00,101059.7
2026-06-25T16:15:00+00:00,101059.7
2026-06-25T16:30:00+00:00,101059.7
2026-06-25T16:45:00+00:00,101056.7
2026-06-25T17:00:00+00:00,101056.7
2026-06-25T17:15:00+00:00,101056.7
2026-06-25T17:30:00+00:00,101056.7
2026-06-25T17:45:00+00:00,101049.7
2026-06-25T18:00:00+00:00,101050.4
2026-06-25T18:15:00+00:00,101048.77
2026-06-25T18:30:00+00:00,101048.77
2026-06-25T18:45:00+00:00,101048.77
2026-06-25T19:00:00+00:00,101048.77
2026-06-25T19:10:00+00:00,101048.77
2026-06-26T14:00:00+00:00,101236.67
2026-06-26T14:15:00+00:00,101233.43
2026-06-26T14:30:00+00:00,101264.29
2026-06-26T14:45:00+00:00,101213.08
2026-06-26T15:00:00+00:00,101213.08
2026-06-26T15:15:00+00:00,101213.08
2026-06-26T15:30:00+00:00,101213.08
2026-06-26T15:45:00+00:00,101213.08
2026-06-26T16:00:00+00:00,101213.08
2026-06-26T16:15:00+00:00,101213.08
2026-06-26T16:30:00+00:00,101213.08
2026-06-26T16:45:00+00:00,101213.08
2026-06-26T17:00:00+00:00,101213.08
2026-06-26T17:15:00+00:00,101213.08
2026-06-26T17:30:00+00:00,101207.08
2026-06-26T17:45:00+00:00,101201.08
2026-06-26T18:00:00+00:00,101197.51
2026-06-26T18:15:00+00:00,101191.72
2026-06-26T18:30:00+00:00,101191.72
2026-06-26T18:45:00+00:00,101191.72
2026-06-26T19:00:00+00:00,101191.72
2026-06-26T19:10:00+00:00,101191.72
2026-06-29T14:00:00+00:00,101340.21
2026-06-29T14:15:00+00:00,101340.21
2026-06-29T14:30:00+00:00,101340.21
2026-06-29T14:45:00+00:00,101340.21
2026-06-29T15:00:00+00:00,101334.21
2026-06-29T15:15:00+00:00,101228.52
2026-06-29T15:30:00+00:00,101228.52
2026-06-29T15:45:00+00:00,101228.52
2026-06-29T16:00:00+00:00,101228.52
2026-06-29T16:15:00+00:00,101228.52
2026-06-29T16:30:00+00:00,101228.52
2026-06-29T16:45:00+00:00,101228.52
2026-06-29T17:00:00+00:00,101228.52
2026-06-29T17:15:00+00:00,101228.52
2026-06-29T17:30:00+00:00,101214.52
2026-06-29T17:45:00+00:00,101184.42
2026-06-29T18:00:00+00:00,101140.09
2026-06-29T18:15:00+00:00,101140.09
2026-06-29T18:30:00+00:00,101140.09
2026-06-29T18:45:00+00:00,101140.09
2026-06-29T19:00:00+00:00,101140.09
2026-06-29T19:10:00+00:00,101140.09
2026-06-30T14:00:00+00:00,101398.09
2026-06-30T14:15:00+00:00,101398.09
2026-06-30T14:30:00+00:00,101398.09
2026-06-30T14:45:00+00:00,101398.09
2026-06-30T15:00:00+00:00,101398.09
2026-06-30T15:15:00+00:00,101398.09
2026-06-30T15:30:00+00:00,101398.09
2026-06-30T15:45:00+00:00,101398.09
2026-06-30T16:00:00+00:00,101398.09
2026-06-30T16:15:00+00:00,101398.09
2026-06-30T16:30:00+00:00,101398.09
2026-06-30T16:45:00+00:00,101398.09
2026-06-30T17:00:00+00:00,101398.09
2026-06-30T17:15:00+00:00,101398.09
2026-06-30T17:30:00+00:00,101391.09
2026-06-30T17:45:00+00:00,101388.85
2026-06-30T18:00:00+00:00,101381.48
2026-06-30T18:15:00+00:00,101381.48
2026-06-30T18:30:00+00:00,101381.48
2026-06-30T18:45:00+00:00,101381.48
2026-06-30T19:00:00+00:00,101381.48
2026-06-30T19:10:00+00:00,101381.48
2026-07-01T14:00:00+00:00,101607.88
2026-07-01T14:15:00+00:00,101607.88
2026-07-01T14:30:00+00:00,101607.88
2026-07-01T14:45:00+00:00,101607.88
2026-07-01T15:00:00+00:00,101607.88
2026-07-01T15:15:00+00:00,101607.88
2026-07-01T15:30:00+00:00,101607.88
2026-07-01T15:45:00+00:00,101607.88
2026-07-01T16:00:00+00:00,101607.88
2026-07-01T16:15:00+00:00,101607.88
2026-07-01T16:30:00+00:00,101607.88
2026-07-01T16:45:00+00:00,101607.88
2026-07-01T17:00:00+00:00,101607.88
2026-07-01T17:15:00+00:00,101607.88
2026-07-01T17:30:00+00:00,101607.88
2026-07-01T17:45:00+00:00,101607.88
2026-07-01T18:00:00+00:00,101602.88
2026-07-01T18:15:00+00:00,101604.94
2026-07-01T18:30:00+00:00,101601.98
2026-07-01T18:45:00+00:00,101601.98
2026-07-01T19:00:00+00:00,101601.98
2026-07-01T19:10:00+00:00,101601.98
2026-07-02T14:00:00+00:00,101509.98
2026-07-02T14:15:00+00:00,101504.98
2026-07-02T14:30:00+00:00,101507.54
2026-07-02T14:45:00+00:00,101500.49
2026-07-02T15:00:00+00:00,101500.49
2026-07-02T15:15:00+00:00,101500.49
2026-07-02T15:30:00+00:00,101500.49
2026-07-02T15:45:00+00:00,101500.49
2026-07-02T16:00:00+00:00,101500.49
2026-07-02T16:15:00+00:00,101500.49
2026-07-02T16:30:00+00:00,101500.49
2026-07-02T16:45:00+00:00,101500.49
2026-07-02T17:00:00+00:00,101500.49
2026-07-02T17:15:00+00:00,101500.49
2026-07-02T17:30:00+00:00,101500.49
2026-07-02T17:45:00+00:00,101494.49
2026-07-02T18:00:00+00:00,101494.89
2026-07-02T18:15:00+00:00,101485.79
2026-07-02T18:30:00+00:00,101485.79
2026-07-02T18:45:00+00:00,101485.79
2026-07-02T19:00:00+00:00,101485.79
2026-07-02T19:10:00+00:00,101485.79
2026-07-06T14:00:00+00:00,101536.43
2026-07-06T14:15:00+00:00,101536.43
2026-07-06T14:30:00+00:00,101536.43
2026-07-06T14:45:00+00:00,101536.43
2026-07-06T15:00:00+00:00,101528.93
2026-07-06T15:15:00+00:00,101549.03
2026-07-06T15:30:00+00:00,101528.69
2026-07-06T15:45:00+00:00,101528.69
2026-07-06T16:00:00+00:00,101528.69
2026-07-06T16:15:00+00:00,101528.69
2026-07-06T16:30:00+00:00,101528.69
2026-07-06T16:45:00+00:00,101528.69
2026-07-06T17:00:00+00:00,101528.69
2026-07-06T17:15:00+00:00,101528.69
2026-07-06T17:30:00+00:00,101521.19
2026-07-06T17:45:00+00:00,101496.65
2026-07-06T18:00:00+00:00,101496.65
2026-07-06T18:15:00+00:00,101496.65
2026-07-06T18:30:00+00:00,101496.65
2026-07-06T18:45:00+00:00,101496.65
2026-07-06T19:00:00+00:00,101496.65
2026-07-06T19:10:00+00:00,101496.65
2026-07-07T14:00:00+00:00,101702.97
2026-07-07T14:15:00+00:00,101659.37
2026-07-07T14:30:00+00:00,101675.61
2026-07-07T14:45:00+00:00,101675.61
2026-07-07T15:00:00+00:00,101675.61
2026-07-07T15:15:00+00:00,101669.61
2026-07-07T15:30:00+00:00,101689.05
2026-07-07T15:45:00+00:00,101680.92
2026-07-07T16:00:00+00:00,101680.92
2026-07-07T16:15:00+00:00,101680.92
2026-07-07T16:30:00+00:00,101680.92
2026-07-07T16:45:00+00:00,101680.92
2026-07-07T17:00:00+00:00,101680.92
2026-07-07T17:15:00+00:00,101680.92
2026-07-07T17:30:00+00:00,101680.92
2026-07-07T17:45:00+00:00,101680.92
2026-07-07T18:00:00+00:00,101680.92
2026-07-07T18:15:00+00:00,101676.92
2026-07-07T18:30:00+00:00,101654.7
2026-07-07T18:45:00+00:00,101293.92
2026-07-07T19:00:00+00:00,101293.92
2026-07-07T19:10:00+00:00,101293.92
2026-07-08T14:00:00+00:00,101286.42
2026-07-08T14:15:00+00:00,101279.04
2026-07-08T14:30:00+00:00,101251.11
2026-07-08T14:45:00+00:00,101177.47
2026-07-08T15:00:00+00:00,101177.47
2026-07-08T15:15:00+00:00,101177.47
2026-07-08T15:30:00+00:00,101177.47
2026-07-08T15:45:00+00:00,101177.47
2026-07-08T16:00:00+00:00,101177.47
2026-07-08T16:15:00+00:00,101177.47
2026-07-08T16:30:00+00:00,101177.47
2026-07-08T16:45:00+00:00,101177.47
2026-07-08T17:00:00+00:00,101177.47
2026-07-08T17:15:00+00:00,101177.47
2026-07-08T17:30:00+00:00,101177.47
2026-07-08T17:45:00+00:00,101172.47
2026-07-08T18:00:00+00:00,101180.17
2026-07-08T18:15:00+00:00,101180.68
2026-07-08T18:30:00+00:00,101166.84
2026-07-08T18:45:00+00:00,101172.1
2026-07-08T19:00:00+00:00,101172.1
2026-07-08T19:10:00+00:00,101172.1
2026-07-09T14:00:00+00:00,101166.6
2026-07-09T14:15:00+00:00,101167.81
2026-07-09T14:30:00+00:00,101162.28
2026-07-09T14:45:00+00:00,101172.36
2026-07-09T15:00:00+00:00,101175.03
2026-07-09T15:15:00+00:00,101169.53
2026-07-09T15:30:00+00:00,101181.3
2026-07-09T15:45:00+00:00,101200.57
2026-07-09T16:00:00+00:00,101200.57
2026-07-09T16:15:00+00:00,101200.57
2026-07-09T16:30:00+00:00,101200.57
2026-07-09T16:45:00+00:00,101200.57
2026-07-09T17:00:00+00:00,101200.57
2026-07-09T17:15:00+00:00,101200.57
2026-07-09T17:30:00+00:00,101200.57
2026-07-09T17:45:00+00:00,101195.07
2026-07-09T18:00:00+00:00,101191.0
2026-07-09T18:15:00+00:00,101192.12
2026-07-09T18:30:00+00:00,101192.12
2026-07-09T18:45:00+00:00,101192.12
2026-07-09T19:00:00+00:00,101192.12
2026-07-09T19:10:00+00:00,101192.12
2026-07-10T14:00:00+00:00,101171.12
2026-07-10T14:15:00+00:00,101187.37
2026-07-10T14:30:00+00:00,101156.76
2026-07-10T14:45:00+00:00,101156.76
2026-07-10T15:00:00+00:00,101156.76
2026-07-10T15:15:00+00:00,101147.76
2026-07-10T15:30:00+00:00,101007.45
2026-07-10T15:45:00+00:00,101007.45
2026-07-10T16:00:00+00:00,101007.45
2026-07-10T16:15:00+00:00,101007.45
2026-07-10T16:30:00+00:00,101007.45
2026-07-10T16:45:00+00:00,101007.45
2026-07-10T17:00:00+00:00,101007.45
2026-07-10T17:15:00+00:00,101007.45
2026-07-10T17:30:00+00:00,100995.45
2026-07-10T17:45:00+00:00,101169.15
2026-07-10T18:00:00+00:00,101175.0
2026-07-10T18:15:00+00:00,101175.0
2026-07-10T18:30:00+00:00,101175.0
2026-07-10T18:45:00+00:00,101175.0
2026-07-10T19:00:00+00:00,101175.0
2026-07-10T19:10:00+00:00,101175.0
2026-07-13T14:00:00+00:00,101071.0
2026-07-13T14:15:00+00:00,101067.1
2026-07-13T14:30:00+00:00,101087.0
2026-07-13T14:45:00+00:00,101082.5
2026-07-13T15:00:00+00:00,101106.02
2026-07-13T15:15:00+00:00,101106.02
2026-07-13T15:30:00+00:00,101106.02
2026-07-13T15:45:00+00:00,101106.02
2026-07-13T16:00:00+00:00,101106.02
2026-07-13T16:15:00+00:00,101106.02
2026-07-13T16:30:00+00:00,101106.02
2026-07-13T16:45:00+00:00,101106.02
2026-07-13T17:00:00+00:00,101106.02
2026-07-13T17:15:00+00:00,101106.02
2026-07-13T17:30:00+00:00,101106.02
2026-07-13T17:45:00+00:00,101098.02
2026-07-13T18:00:00+00:00,101077.78
2026-07-13T18:15:00+00:00,101058.64
2026-07-13T18:30:00+00:00,101058.64
2026-07-13T18:45:00+00:00,101058.64
2026-07-13T19:00:00+00:00,101058.64
2026-07-13T19:10:00+00:00,101058.64
2026-07-14T14:00:00+00:00,101264.64
2026-07-14T14:15:00+00:00,101230.94
2026-07-14T14:30:00+00:00,101251.15
2026-07-14T14:45:00+00:00,101251.15
2026-07-14T15:00:00+00:00,101251.15
2026-07-14T15:15:00+00:00,101251.15
2026-07-14T15:30:00+00:00,101251.15
2026-07-14T15:45:00+00:00,101251.15
2026-07-14T16:00:00+00:00,101251.15
2026-07-14T16:15:00+00:00,101251.15
2026-07-14T16:30:00+00:00,101251.15
2026-07-14T16:45:00+00:00,101251.15
2026-07-14T17:00:00+00:00,101251.15
2026-07-14T17:15:00+00:00,101251.15
2026-07-14T17:30:00+00:00,101246.15
2026-07-14T17:45:00+00:00,101235.45
2026-07-14T18:00:00+00:00,101232.16
2026-07-14T18:15:00+00:00,101232.16
2026-07-14T18:30:00+00:00,101232.16
2026-07-14T18:45:00+00:00,101232.16
2026-07-14T19:00:00+00:00,101232.16
2026-07-14T19:10:00+00:00,101232.16
2026-07-15T14:00:00+00:00,101244.16
2026-07-15T14:15:00+00:00,101244.16
2026-07-15T14:30:00+00:00,101244.16
2026-07-15T14:45:00+00:00,101244.16
2026-07-15T15:00:00+00:00,101244.16
2026-07-15T15:15:00+00:00,101244.16
2026-07-15T15:30:00+00:00,101244.16
2026-07-15T15:45:00+00:00,101244.16
2026-07-15T16:00:00+00:00,101244.16
2026-07-15T16:15:00+00:00,101244.16
2026-07-15T16:30:00+00:00,101244.16
2026-07-15T16:45:00+00:00,101244.16
2026-07-15T17:00:00+00:00,101244.16
2026-07-15T17:15:00+00:00,101244.16
2026-07-15T17:30:00+00:00,101237.16
2026-07-15T17:45:00+00:00,101200.2
2026-07-15T18:00:00+00:00,101219.03
2026-07-15T18:15:00+00:00,101226.11
2026-07-15T18:30:00+00:00,101214.2
2026-07-15T18:45:00+00:00,100812.67
2026-07-15T19:00:00+00:00,100812.67
2026-07-15T19:10:00+00:00,100812.67
2026-07-16T14:00:00+00:00,100603.67
2026-07-16T14:15:00+00:00,100603.67
2026-07-16T14:30:00+00:00,100603.67
2026-07-16T14:45:00+00:00,100603.67
2026-07-16T15:00:00+00:00,100603.67
2026-07-16T15:15:00+00:00,100603.67
2026-07-16T15:30:00+00:00,100603.67
2026-07-16T15:45:00+00:00,100603.67
2026-07-16T16:00:00+00:00,100603.67
2026-07-16T16:15:00+00:00,100587.03
2026-07-16T16:30:00+00:00,100587.03
2026-07-16T16:45:00+00:00,100587.03
2026-07-16T17:00:00+00:00,100587.03
2026-07-16T17:15:00+00:00,100587.03
2026-07-16T17:30:00+00:00,100587.03
2026-07-16T17:45:00+00:00,100587.03
2026-07-16T18:00:00+00:00,100580.03
2026-07-16T18:15:00+00:00,100574.97
2026-07-16T18:30:00+00:00,100592.27
2026-07-16T18:45:00+00:00,100586.56
2026-07-16T19:00:00+00:00,100586.56
2026-07-16T19:10:00+00:00,100586.56
2026-07-17T14:00:00+00:00,100593.56
2026-07-17T14:15:00+00:00,100593.56
2026-07-17T14:30:00+00:00,100593.56
2026-07-17T14:45:00+00:00,100572.56
2026-07-17T15:00:00+00:00,99994.98
2026-07-17T15:15:00+00:00,99994.98
2026-07-17T15:30:00+00:00,99994.98
2026-07-17T15:45:00+00:00,99994.98
2026-07-17T16:00:00+00:00,99994.98
2026-07-17T16:15:00+00:00,99994.98
2026-07-17T16:30:00+00:00,99994.98
2026-07-17T16:45:00+00:00,99994.98
2026-07-17T17:00:00+00:00,99994.98
2026-07-17T17:15:00+00:00,99994.98
2026-07-17T17:30:00+00:00,99994.98
2026-07-17T17:45:00+00:00,99973.98
2026-07-17T18:00:00+00:00,98990.89
2026-07-17T18:15:00+00:00,99002.49
2026-07-17T18:30:00+00:00,98991.9
2026-07-17T18:45:00+00:00,98991.9
2026-07-17T19:00:00+00:00,98991.9
2026-07-17T19:10:00+00:00,98991.9
2026-07-20T14:00:00+00:00,99044.9
2026-07-20T14:15:00+00:00,99014.3
2026-07-20T14:30:00+00:00,99012.95
2026-07-20T14:45:00+00:00,99012.95
2026-07-20T15:00:00+00:00,99012.95
2026-07-20T15:15:00+00:00,99008.95
2026-07-20T15:30:00+00:00,99016.47
2026-07-20T15:45:00+00:00,99007.66
2026-07-20T16:00:00+00:00,99007.66
2026-07-20T16:15:00+00:00,99007.66
2026-07-20T16:30:00+00:00,99007.66
2026-07-20T16:45:00+00:00,99007.66
2026-07-20T17:00:00+00:00,99007.66
2026-07-20T17:15:00+00:00,99007.66
2026-07-20T17:30:00+00:00,99002.66
2026-07-20T17:45:00+00:00,98999.46
2026-07-20T18:00:00+00:00,99020.55
2026-07-20T18:15:00+00:00,99019.34
2026-07-20T18:30:00+00:00,99019.34
2026-07-20T18:45:00+00:00,99019.34
2026-07-20T19:00:00+00:00,99019.34
2026-07-20T19:10:00+00:00,99019.34
2026-07-21T14:00:00+00:00,99072.75
2026-07-21T14:15:00+00:00,99062.77
2026-07-21T14:30:00+00:00,99068.14
2026-07-21T14:45:00+00:00,99065.6
2026-07-21T15:00:00+00:00,99065.49
2026-07-21T15:15:00+00:00,99064.16
2026-07-21T15:30:00+00:00,99058.73
2026-07-21T15:45:00+00:00,99058.35
2026-07-21T16:00:00+00:00,99056.88
2026-07-21T16:15:00+00:00,99051.98
2026-07-21T16:30:00+00:00,99044.75
2026-07-21T16:45:00+00:00,99043.53
2026-07-21T17:00:00+00:00,99041.51
2026-07-21T17:15:00+00:00,99047.6
2026-07-21T17:30:00+00:00,99050.36
2026-07-21T17:45:00+00:00,99050.71
2026-07-21T18:00:00+00:00,99054.26
2026-07-21T18:15:00+00:00,99059.0
2026-07-21T18:30:00+00:00,99056.72
2026-07-21T18:45:00+00:00,99057.11
2026-07-21T19:00:00+00:00,99058.19
2026-07-21T19:10:00+00:00,99058.53
2026-07-22T14:00:00+00:00,99120.42
2026-07-22T14:15:00+00:00,99024.99
2026-07-22T14:30:00+00:00,99024.99
2026-07-22T14:45:00+00:00,99024.99
2026-07-22T15:00:00+00:00,99024.99
2026-07-22T15:15:00+00:00,99024.99
2026-07-22T15:30:00+00:00,99024.99
2026-07-22T15:45:00+00:00,99024.99
2026-07-22T16:00:00+00:00,99024.99
2026-07-22T16:15:00+00:00,99024.99
2026-07-22T16:30:00+00:00,99024.99
2026-07-22T16:45:00+00:00,99024.99
2026-07-22T17:00:00+00:00,99024.99
2026-07-22T17:15:00+00:00,99024.99
2026-07-22T17:30:00+00:00,99024.99
2026-07-22T17:45:00+00:00,99024.99
2026-07-22T18:00:00+00:00,99024.99
2026-07-22T18:15:00+00:00,99024.99
2026-07-22T18:30:00+00:00,99024.99
2026-07-22T18:45:00+00:00,99024.99
2026-07-22T19:00:00+00:00,99024.99
2026-07-22T19:10:00+00:00,99024.99
2026-07-23T14:00:00+00:00,99228.99
2026-07-23T14:15:00+00:00,99223.49
2026-07-23T14:30:00+00:00,99214.39
2026-07-23T14:45:00+00:00,99214.39
2026-07-23T15:00:00+00:00,99214.39
2026-07-23T15:15:00+00:00,99214.39
2026-07-23T15:30:00+00:00,99214.39
2026-07-23T15:45:00+00:00,99214.39
2026-07-23T16:00:00+00:00,99214.39
2026-07-23T16:15:00+00:00,99214.39
2026-07-23T16:30:00+00:00,99214.39
2026-07-23T16:45:00+00:00,99214.39
2026-07-23T17:00:00+00:00,99214.39
2026-07-23T17:15:00+00:00,99214.39
2026-07-23T17:30:00+00:00,99214.39
2026-07-23T17:45:00+00:00,99214.39
2026-07-23T18:00:00+00:00,99214.39
2026-07-23T18:15:00+00:00,99197.89
2026-07-23T18:30:00+00:00,98831.5
2026-07-23T18:45:00+00:00,98831.5
2026-07-23T19:00:00+00:00,98831.5
2026-07-23T19:10:00+00:00,98831.5
2026-07-24T14:00:00+00:00,98817.0
2026-07-24T14:15:00+00:00,98818.17
2026-07-24T14:30:00+00:00,98800.41
2026-07-24T14:45:00+00:00,98800.41
2026-07-24T15:00:00+00:00,98800.41
2026-07-24T15:15:00+00:00,98800.41
2026-07-24T15:30:00+00:00,98800.41
2026-07-24T15:45:00+00:00,98800.41
2026-07-24T16:00:00+00:00,98800.41
2026-07-24T16:15:00+00:00,98800.41
2026-07-24T16:30:00+00:00,98800.41
2026-07-24T16:45:00+00:00,98800.41
2026-07-24T17:00:00+00:00,98800.41
2026-07-24T17:15:00+00:00,98800.41
2026-07-24T17:30:00+00:00,98788.91
2026-07-24T17:45:00+00:00,98794.61
2026-07-24T18:00:00+00:00,98782.72
2026-07-24T18:15:00+00:00,98782.72
2026-07-24T18:30:00+00:00,98782.72
2026-07-24T18:45:00+00:00,98782.72
2026-07-24T19:00:00+00:00,98782.72
2026-07-24T19:10:00+00:00,98782.72
2026-07-27T14:00:00+00:00,98733.52
2026-07-27T14:15:00+00:00,98733.52
2026-07-27T14:30:00+00:00,98727.52
2026-07-27T14:45:00+00:00,98726.32
2026-07-27T15:00:00+00:00,98722.28
2026-07-27T15:15:00+00:00,98722.28
2026-07-27T15:30:00+00:00,98722.28
2026-07-27T15:45:00+00:00,98722.28
2026-07-27T16:00:00+00:00,98722.28
2026-07-27T16:15:00+00:00,98722.28
2026-07-27T16:30:00+00:00,98722.28
2026-07-27T16:45:00+00:00,98722.28
2026-07-27T17:00:00+00:00,98722.28
2026-07-27T17:15:00+00:00,98722.28
2026-07-27T17:30:00+00:00,98722.28
2026-07-27T17:45:00+00:00,98722.28
2026-07-27T18:00:00+00:00,98722.28
2026-07-27T18:15:00+00:00,98722.28
2026-07-27T18:30:00+00:00,98716.28
2026-07-27T18:45:00+00:00,98706.44
2026-07-27T19:00:00+00:00,98705.15
2026-07-27T19:10:00+00:00,98705.15
2026-07-28T14:00:00+00:00,98739.57
2026-07-28T14:15:00+00:00,98739.57
2026-07-28T14:30:00+00:00,98739.57
2026-07-28T14:45:00+00:00,98739.57
2026-07-28T15:00:00+00:00,98739.57
2026-07-28T15:15:00+00:00,98739.57
2026-07-28T15:30:00+00:00,98739.57
2026-07-28T15:45:00+00:00,98739.57
2026-07-28T16:00:00+00:00,98739.57
2026-07-28T16:15:00+00:00,98739.57
2026-07-28T16:30:00+00:00,98739.57
2026-07-28T16:45:00+00:00,98739.57
2026-07-28T17:00:00+00:00,98739.57
2026-07-28T17:15:00+00:00,98739.57
2026-07-28T17:30:00+00:00,98739.57
2026-07-28T17:45:00+00:00,98739.57
2026-07-28T18:00:00+00:00,98739.57
2026-07-28T18:15:00+00:00,98739.57
2026-07-28T18:30:00+00:00,98739.57
2026-07-28T18:45:00+00:00,98739.57
2026-07-28T19:00:00+00:00,98739.57
2026-07-28T19:10:00+00:00,98739.57
2026-07-29T14:00:00+00:00,98790.57
2026-07-29T14:15:00+00:00,98790.57
2026-07-29T14:30:00+00:00,98787.07
2026-07-29T14:45:00+00:00,98785.32
2026-07-29T15:00:00+00:00,98780.47
2026-07-29T15:15:00+00:00,98780.47
2026-07-29T15:30:00+00:00,98780.47
2026-07-29T15:45:00+00:00,98780.47
2026-07-29T16:00:00+00:00,98780.47
2026-07-29T16:15:00+00:00,98768.5
2026-07-29T16:30:00+00:00,98768.5
2026-07-29T16:45:00+00:00,98768.5
2026-07-29T17:00:00+00:00,98768.5
2026-07-29T17:15:00+00:00,98768.5
2026-07-29T17:30:00+00:00,98765.0
2026-07-29T17:45:00+00:00,98765.7
2026-07-29T18:00:00+00:00,98758.05
2026-07-29T18:15:00+00:00,98758.05
2026-07-29T18:30:00+00:00,98758.05
2026-07-29T18:45:00+00:00,98758.05
2026-07-29T19:00:00+00:00,98758.05
2026-07-29T19:10:00+00:00,98758.05
2026-07-30T14:00:00+00:00,98971.9
2026-07-30T14:15:00+00:00,98971.9
2026-07-30T14:30:00+00:00,98971.9
2026-07-30T14:45:00+00:00,98971.9
2026-07-30T15:00:00+00:00,98971.9
2026-07-30T15:15:00+00:00,98971.9
2026-07-30T15:30:00+00:00,98971.9
2026-07-30T15:45:00+00:00,98971.9
2026-07-30T16:00:00+00:00,98971.9
2026-07-30T16:15:00+00:00,98971.9
2026-07-30T16:30:00+00:00,98971.9
2026-07-30T16:45:00+00:00,98971.9
2026-07-30T17:00:00+00:00,98971.9
2026-07-30T17:15:00+00:00,98971.9
2026-07-30T17:30:00+00:00,98971.9
2026-07-30T17:45:00+00:00,98971.9
2026-07-30T18:00:00+00:00,98971.9
2026-07-30T18:15:00+00:00,98971.9
2026-07-30T18:30:00+00:00,98971.9
2026-07-30T18:45:00+00:00,98971.9
2026-07-30T19:00:00+00:00,98971.9
2026-07-30T19:10:00+00:00,98965.9
2026-07-31T14:00:00+00:00,99344.9
2026-07-31T14:15:00+00:00,99345.78
2026-07-31T14:30:00+00:00,99339.6
2026-07-31T14:45:00+00:00,99339.6
2026-07-31T15:00:00+00:00,99339.6
2026-07-31T15:15:00+00:00,99334.6
2026-07-31T15:30:00+00:00,99334.05
2026-07-31T15:45:00+00:00,99330.16
2026-07-31T16:00:00+00:00,99330.16
2026-07-31T16:15:00+00:00,99330.16
2026-07-31T16:30:00+00:00,99330.16
2026-07-31T16:45:00+00:00,99330.16
2026-07-31T17:00:00+00:00,99330.16
2026-07-31T17:15:00+00:00,99330.16
2026-07-31T17:30:00+00:00,99330.16
2026-07-31T17:45:00+00:00,99325.16
2026-07-31T18:00:00+00:00,99325.06
2026-07-31T18:15:00+00:00,99320.22
2026-07-31T18:30:00+00:00,99320.22
2026-07-31T18:45:00+00:00,99320.22
2026-07-31T19:00:00+00:00,99320.22
2026-07-31T19:10:00+00:00,99320.22
2026-08-03T14:00:00+00:00,98588.69
2026-08-03T14:15:00+00:00,98566.2
2026-08-03T14:30:00+00:00,98662.58
2026-08-03T14:45:00+00:00,98642.29
2026-08-03T15:00:00+00:00,98642.29
2026-08-03T15:15:00+00:00,98642.29
2026-08-03T15:30:00+00:00,98642.29
2026-08-03T15:45:00+00:00,98642.29
2026-08-03T16:00:00+00:00,98642.29
2026-08-03T16:15:00+00:00,98642.29
2026-08-03T16:30:00+00:00,98642.29
2026-08-03T16:45:00+00:00,98642.29
2026-08-03T17:00:00+00:00,98642.29
2026-08-03T17:15:00+00:00,98642.29
2026-08-03T17:30:00+00:00,98642.29
2026-08-03T17:45:00+00:00,98642.29
2026-08-03T18:00:00+00:00,98642.29
2026-08-03T18:15:00+00:00,98642.29
2026-08-03T18:30:00+00:00,98642.29
2026-08-03T18:45:00+00:00,98642.29
2026-08-03T19:00:00+00:00,98642.29
2026-08-03T19:10:00+00:00,98642.29
2026-08-04T14:00:00+00:00,97821.27
2026-08-04T14:15:00+00:00,97829.19
2026-08-04T14:30:00+00:00,97811.38
2026-08-04T14:45:00+00:00,97811.38
2026-08-04T15:00:00+00:00,97811.38
2026-08-04T15:15:00+00:00,97811.38
2026-08-04T15:30:00+00:00,97811.38
2026-08-04T15:45:00+00:00,97811.38
2026-08-04T16:00:00+00:00,97811.38
2026-08-04T16:15:00+00:00,97811.38
2026-08-04T16:30:00+00:00,97811.38
2026-08-04T16:45:00+00:00,97811.38
2026-08-04T17:00:00+00:00,97811.38
2026-08-04T17:15:00+00:00,97811.38
2026-08-04T17:30:00+00:00,97811.38
2026-08-04T17:45:00+00:00,97811.38
2026-08-04T18:00:00+00:00,97811.38
2026-08-04T18:15:00+00:00,97811.38
2026-08-04T18:30:00+00:00,97811.38
2026-08-04T18:45:00+00:00,97811.38
2026-08-04T19:00:00+00:00,97811.38
2026-08-04T19:10:00+00:00,97811.38
2026-08-05T14:00:00+00:00,97802.88
2026-08-05T14:15:00+00:00,97802.88
2026-08-05T14:30:00+00:00,97802.88
2026-08-05T14:45:00+00:00,97798.38
2026-08-05T15:00:00+00:00,97769.08
2026-08-05T15:15:00+00:00,97749.64
2026-08-05T15:30:00+00:00,97749.64
2026-08-05T15:45:00+00:00,97749.64
2026-08-05T16:00:00+00:00,97749.64
2026-08-05T16:15:00+00:00,97749.64
2026-08-05T16:30:00+00:00,97749.64
2026-08-05T16:45:00+00:00,97749.64
2026-08-05T17:00:00+00:00,97749.64
2026-08-05T17:15:00+00:00,97749.64
2026-08-05T17:30:00+00:00,97749.64
2026-08-05T17:45:00+00:00,97745.14
2026-08-05T18:00:00+00:00,97750.63
2026-08-05T18:15:00+00:00,97731.37
2026-08-05T18:30:00+00:00,97731.37
2026-08-05T18:45:00+00:00,97731.37
2026-08-05T19:00:00+00:00,97731.37
2026-08-05T19:10:00+00:00,97731.37
2026-08-06T14:00:00+00:00,97867.37
2026-08-06T14:15:00+00:00,97867.37
2026-08-06T14:30:00+00:00,97867.37
2026-08-06T14:45:00+00:00,97867.37
2026-08-06T15:00:00+00:00,97867.37
2026-08-06T15:15:00+00:00,97867.37
2026-08-06T15:30:00+00:00,97867.37
2026-08-06T15:45:00+00:00,97867.37
2026-08-06T16:00:00+00:00,97867.37
2026-08-06T16:15:00+00:00,97867.37
2026-08-06T16:30:00+00:00,97867.37
2026-08-06T16:45:00+00:00,97867.37
2026-08-06T17:00:00+00:00,97867.37
2026-08-06T17:15:00+00:00,97867.37
2026-08-06T17:30:00+00:00,97862.87
2026-08-06T17:45:00+00:00,97857.02
2026-08-06T18:00:00+00:00,97855.4
2026-08-06T18:15:00+00:00,97852.7
2026-08-06T18:30:00+00:00,97852.7
2026-08-06T18:45:00+00:00,97852.7
2026-08-06T19:00:00+00:00,97852.7
2026-08-06T19:10:00+00:00,97852.7
2026-08-07T14:00:00+00:00,98142.7
2026-08-07T14:15:00+00:00,98147.5
2026-08-07T14:30:00+00:00,98141.81
2026-08-07T14:45:00+00:00,98141.81
2026-08-07T15:00:00+00:00,98141.81
2026-08-07T15:15:00+00:00,98129.31
2026-08-07T15:30:00+00:00,97965.07
2026-08-07T15:45:00+00:00,97965.07
2026-08-07T16:00:00+00:00,97965.07
2026-08-07T16:15:00+00:00,97965.07
2026-08-07T16:30:00+00:00,97965.07
2026-08-07T16:45:00+00:00,97965.07
2026-08-07T17:00:00+00:00,97965.07
2026-08-07T17:15:00+00:00,97965.07
2026-08-07T17:30:00+00:00,97965.07
2026-08-07T17:45:00+00:00,97960.57
2026-08-07T18:00:00+00:00,97962.82
2026-08-07T18:15:00+00:00,97959.49
2026-08-07T18:30:00+00:00,97959.49
2026-08-07T18:45:00+00:00,97959.49
2026-08-07T19:00:00+00:00,97959.49
2026-08-07T19:10:00+00:00,97959.49
2026-08-10T14:00:00+00:00,97299.77
2026-08-10T14:15:00+00:00,97324.91
2026-08-10T14:30:00+00:00,97326.32
2026-08-10T14:45:00+00:00,97318.73
2026-08-10T15:00:00+00:00,97265.48
2026-08-10T15:15:00+00:00,97274.44
2026-08-10T15:30:00+00:00,97277.48
2026-08-10T15:45:00+00:00,97263.76
2026-08-10T16:00:00+00:00,97269.86
2026-08-10T16:15:00+00:00,97267.03
2026-08-10T16:30:00+00:00,97261.35
2026-08-10T16:45:00+00:00,97253.45
2026-08-10T17:00:00+00:00,97256.2
2026-08-10T17:15:00+00:00,97254.39
2026-08-10T17:30:00+00:00,97253.15
2026-08-10T17:45:00+00:00,97245.89
2026-08-10T18:00:00+00:00,97246.71
2026-08-10T18:15:00+00:00,97255.77
2026-08-10T18:30:00+00:00,97332.07
2026-08-10T18:45:00+00:00,97336.89
2026-08-10T19:00:00+00:00,97344.1
2026-08-10T19:10:00+00:00,97345.8
2026-08-11T14:00:00+00:00,97383.97
2026-08-11T14:15:00+00:00,97377.47
2026-08-11T14:30:00+00:00,97373.05
2026-08-11T14:45:00+00:00,97363.26
2026-08-11T15:00:00+00:00,97368.12
2026-08-11T15:15:00+00:00,97349.14
2026-08-11T15:30:00+00:00,97349.14
2026-08-11T15:45:00+00:00,97349.14
2026-08-11T16:00:00+00:00,97349.14
2026-08-11T16:15:00+00:00,97349.14
2026-08-11T16:30:00+00:00,97349.14
2026-08-11T16:45:00+00:00,97349.14
2026-08-11T17:00:00+00:00,97349.14
2026-08-11T17:15:00+00:00,97349.14
2026-08-11T17:30:00+00:00,97349.14
2026-08-11T17:45:00+00:00,97349.14
2026-08-11T18:00:00+00:00,97349.14
2026-08-11T18:15:00+00:00,97349.14
2026-08-11T18:30:00+00:00,97344.14
2026-08-11T18:45:00+00:00,97335.85
2026-08-11T19:00:00+00:00,97335.85
2026-08-11T19:10:00+00:00,97335.85
2026-08-12T14:00:00+00:00,97359.85
2026-08-12T14:15:00+00:00,97355.35
2026-08-12T14:30:00+00:00,97369.66
2026-08-12T14:45:00+00:00,97382.71
2026-08-12T15:00:00+00:00,97382.71
2026-08-12T15:15:00+00:00,97382.71
2026-08-12T15:30:00+00:00,97382.71
2026-08-12T15:45:00+00:00,97382.71
2026-08-12T16:00:00+00:00,97382.71
2026-08-12T16:15:00+00:00,97382.71
2026-08-12T16:30:00+00:00,97382.71
2026-08-12T16:45:00+00:00,97382.71
2026-08-12T17:00:00+00:00,97382.71
2026-08-12T17:15:00+00:00,97382.71
2026-08-12T17:30:00+00:00,97377.71
2026-08-12T17:45:00+00:00,97375.61
2026-08-12T18:00:00+00:00,97376.02
2026-08-12T18:15:00+00:00,97364.02
2026-08-12T18:30:00+00:00,97409.74
2026-08-12T18:45:00+00:00,97527.97
2026-08-12T19:00:00+00:00,97527.97
2026-08-12T19:10:00+00:00,97527.97
2026-08-13T14:00:00+00:00,97476.83
2026-08-13T14:15:00+00:00,97476.83
2026-08-13T14:30:00+00:00,97476.83
2026-08-13T14:45:00+00:00,97476.83
2026-08-13T15:00:00+00:00,97472.83
2026-08-13T15:15:00+00:00,97451.78
2026-08-13T15:30:00+00:00,97451.78
2026-08-13T15:45:00+00:00,97451.78
2026-08-13T16:00:00+00:00,97451.78
2026-08-13T16:15:00+00:00,97451.78
2026-08-13T16:30:00+00:00,97451.78
2026-08-13T16:45:00+00:00,97451.78
2026-08-13T17:00:00+00:00,97451.78
2026-08-13T17:15:00+00:00,97451.78
2026-08-13T17:30:00+00:00,97451.78
2026-08-13T17:45:00+00:00,97451.78
2026-08-13T18:00:00+00:00,97445.28
2026-08-13T18:15:00+00:00,97472.06
2026-08-13T18:30:00+00:00,97449.61
2026-08-13T18:45:00+00:00,97449.61
2026-08-13T19:00:00+00:00,97449.61
2026-08-13T19:10:00+00:00,97449.61
2026-08-14T14:00:00+00:00,97842.11
2026-08-14T14:15:00+00:00,97472.68
2026-08-14T14:30:00+00:00,97467.18
2026-08-14T14:45:00+00:00,97473.12
2026-08-14T15:00:00+00:00,97473.14
2026-08-14T15:15:00+00:00,97466.64
2026-08-14T15:30:00+00:00,97482.76
2026-08-14T15:45:00+00:00,97487.61
2026-08-14T16:00:00+00:00,97487.61
2026-08-14T16:15:00+00:00,97487.61
2026-08-14T16:30:00+00:00,97487.61
2026-08-14T16:45:00+00:00,97487.61
2026-08-14T17:00:00+00:00,97487.61
2026-08-14T17:15:00+00:00,97487.61
2026-08-14T17:30:00+00:00,97475.61
2026-08-14T17:45:00+00:00,97462.55
2026-08-14T18:00:00+00:00,97462.68
2026-08-14T18:15:00+00:00,97457.68
2026-08-14T18:30:00+00:00,97887.99
2026-08-14T18:45:00+00:00,97887.99
2026-08-14T19:00:00+00:00,97887.99
2026-08-14T19:10:00+00:00,97887.99
2026-08-17T14:00:00+00:00,97963.99
2026-08-17T14:15:00+00:00,97977.55
2026-08-17T14:30:00+00:00,97971.4
2026-08-17T14:45:00+00:00,97971.4
2026-08-17T15:00:00+00:00,97964.4
2026-08-17T15:15:00+00:00,97940.62
2026-08-17T15:30:00+00:00,97908.89
2026-08-17T15:45:00+00:00,97908.89
2026-08-17T16:00:00+00:00,97908.89
2026-08-17T16:15:00+00:00,97908.89
2026-08-17T16:30:00+00:00,97908.89
2026-08-17T16:45:00+00:00,97908.89
2026-08-17T17:00:00+00:00,97908.89
2026-08-17T17:15:00+00:00,97908.89
2026-08-17T17:30:00+00:00,97908.89
2026-08-17T17:45:00+00:00,97904.89
2026-08-17T18:00:00+00:00,97890.25
2026-08-17T18:15:00+00:00,97882.08
2026-08-17T18:30:00+00:00,97792.72
2026-08-17T18:45:00+00:00,97717.35
2026-08-17T19:00:00+00:00,97717.35
2026-08-17T19:10:00+00:00,97717.35
2026-08-18T14:00:00+00:00,97398.35
2026-08-18T14:15:00+00:00,97380.35
2026-08-18T14:30:00+00:00,97431.72
2026-08-18T14:45:00+00:00,97431.72
2026-08-18T15:00:00+00:00,97431.72
2026-08-18T15:15:00+00:00,97427.72
2026-08-18T15:30:00+00:00,97442.04
2026-08-18T15:45:00+00:00,97444.91
2026-08-18T16:00:00+00:00,97444.91
2026-08-18T16:15:00+00:00,97444.91
2026-08-18T16:30:00+00:00,97444.91
2026-08-18T16:45:00+00:00,97444.91
2026-08-18T17:00:00+00:00,97444.91
2026-08-18T17:15:00+00:00,97444.91
2026-08-18T17:30:00+00:00,97444.91
2026-08-18T17:45:00+00:00,97444.91
2026-08-18T18:00:00+00:00,97444.91
2026-08-18T18:15:00+00:00,97439.91
2026-08-18T18:30:00+00:00,97454.61
2026-08-18T18:45:00+00:00,97443.76
2026-08-18T19:00:00+00:00,97443.76
2026-08-18T19:10:00+00:00,97443.76
2026-08-19T14:00:00+00:00,97819.76
2026-08-19T14:15:00+00:00,97819.76
2026-08-19T14:30:00+00:00,97819.76
2026-08-19T14:45:00+00:00,97819.76
2026-08-19T15:00:00+00:00,97819.76
2026-08-19T15:15:00+00:00,97819.76
2026-08-19T15:30:00+00:00,97819.76
2026-08-19T15:45:00+00:00,97819.76
2026-08-19T16:00:00+00:00,97819.76
2026-08-19T16:15:00+00:00,97819.76
2026-08-19T16:30:00+00:00,97819.76
2026-08-19T16:45:00+00:00,97819.76
2026-08-19T17:00:00+00:00,97819.76
2026-08-19T17:15:00+00:00,97819.76
2026-08-19T17:30:00+00:00,97819.76
2026-08-19T17:45:00+00:00,97819.76
2026-08-19T18:00:00+00:00,97819.76
2026-08-19T18:15:00+00:00,97819.76
2026-08-19T18:30:00+00:00,97819.76
2026-08-19T18:45:00+00:00,97819.76
2026-08-19T19:00:00+00:00,97819.76
2026-08-19T19:10:00+00:00,97819.76
2026-08-20T14:00:00+00:00,97779.76
2026-08-20T14:15:00+00:00,97752.88
2026-08-20T14:30:00+00:00,97750.68
2026-08-20T14:45:00+00:00,97755.94
2026-08-20T15:00:00+00:00,97755.94
2026-08-20T15:15:00+00:00,97726.94
2026-08-20T15:30:00+00:00,97712.54
2026-08-20T15:45:00+00:00,97676.61
2026-08-20T16:00:00+00:00,97676.61
2026-08-20T16:15:00+00:00,97676.61
2026-08-20T16:30:00+00:00,97676.61
2026-08-20T16:45:00+00:00,97676.61
2026-08-20T17:00:00+00:00,97676.61
2026-08-20T17:15:00+00:00,97676.61
2026-08-20T17:30:00+00:00,97670.11
2026-08-20T17:45:00+00:00,97717.3
2026-08-20T18:00:00+00:00,97704.21
2026-08-20T18:15:00+00:00,97704.21
2026-08-20T18:30:00+00:00,97704.21
2026-08-20T18:45:00+00:00,97704.21
2026-08-20T19:00:00+00:00,97704.21
2026-08-20T19:10:00+00:00,97704.21
2026-08-21T14:00:00+00:00,98092.71
2026-08-21T14:15:00+00:00,98513.19
2026-08-21T14:30:00+00:00,98513.19
2026-08-21T14:45:00+00:00,98513.19
2026-08-21T15:00:00+00:00,98513.19
2026-08-21T15:15:00+00:00,98499.69
2026-08-21T15:30:00+00:00,98228.44
2026-08-21T15:45:00+00:00,98228.44
2026-08-21T16:00:00+00:00,98228.44
2026-08-21T16:15:00+00:00,98228.44
2026-08-21T16:30:00+00:00,98228.44
2026-08-21T16:45:00+00:00,98228.44
2026-08-21T17:00:00+00:00,98228.44
2026-08-21T17:15:00+00:00,98228.44
2026-08-21T17:30:00+00:00,98223.44
2026-08-21T17:45:00+00:00,98222.04
2026-08-21T18:00:00+00:00,98219.75
2026-08-21T18:15:00+00:00,98219.75
2026-08-21T18:30:00+00:00,98219.75
2026-08-21T18:45:00+00:00,98219.75
2026-08-21T19:00:00+00:00,98219.75
2026-08-21T19:10:00+00:00,98160.72