timestamp,equity
2026-02-02T15:00:00+00:00,100000.0
2026-02-02T15:15:00+00:00,100000.0
2026-02-02T15:30:00+00:00,100000.0
2026-02-02T15:45:00+00:00,100000.0
2026-02-02T16:00:00+00:00,100000.0
2026-02-02T16:15:00+00:00,100000.0
2026-02-02T16:30:00+00:00,100000.0
2026-02-02T16:45:00+00:00,100000.0
2026-02-02T17:00:00+00:00,100000.0
2026-02-02T17:15:00+00:00,100000.0
2026-02-02T17:30:00+00:00,100000.0
2026-02-02T17:45:00+00:00,100000.0
2026-02-02T18:00:00+00:00,100000.0
2026-02-02T18:15:00+00:00,100000.0
2026-02-02T18:30:00+00:00,100000.0
2026-02-02T18:45:00+00:00,100000.0
2026-02-02T19:00:00+00:00,100000.0
2026-02-02T19:15:00+00:00,100000.0
2026-02-02T19:30:00+00:00,100000.0
2026-02-02T19:45:00+00:00,100000.0
2026-02-02T20:00:00+00:00,100000.0
2026-02-02T20:10:00+00:00,100000.0
2026-02-03T15:00:00+00:00,100000.0
2026-02-03T15:15:00+00:00,100000.0
2026-02-03T15:30:00+00:00,100000.0
2026-02-03T15:45:00+00:00,100000.0
2026-02-03T16:00:00+00:00,100000.0
2026-02-03T16:15:00+00:00,100000.0
2026-02-03T16:30:00+00:00,100000.0
2026-02-03T16:45:00+00:00,100000.0
2026-02-03T17:00:00+00:00,100000.0
2026-02-03T17:15:00+00:00,100000.0
2026-02-03T17:30:00+00:00,100000.0
2026-02-03T17:45:00+00:00,100000.0
2026-02-03T18:00:00+00:00,100000.0
2026-02-03T18:15:00+00:00,100000.0
2026-02-03T18:30:00+00:00,100000.0
2026-02-03T18:45:00+00:00,100000.0
2026-02-03T19:00:00+00:00,100000.0
2026-02-03T19:15:00+00:00,100000.0
2026-02-03T19:30:00+00:00,100000.0
2026-02-03T19:45:00+00:00,100000.0
2026-02-03T20:00:00+00:00,100000.0
2026-02-03T20:10:00+00:00,100000.0
2026-02-04T15:00:00+00:00,100000.0
2026-02-04T15:15:00+00:00,100000.0
2026-02-04T15:30:00+00:00,100000.0
2026-02-04T15:45:00+00:00,100000.0
2026-02-04T16:00:00+00:00,100000.0
2026-02-04T16:15:00+00:00,100000.0
2026-02-04T16:30:00+00:00,100000.0
2026-02-04T16:45:00+00:00,100000.0
2026-02-04T17:00:00+00:00,100000.0
2026-02-04T17:15:00+00:00,100000.0
2026-02-04T17:30:00+00:00,100000.0
2026-02-04T17:45:00+00:00,100000.0
2026-02-04T18:00:00+00:00,100000.0
2026-02-04T18:15:00+00:00,100000.0
2026-02-04T18:30:00+00:00,100000.0
2026-02-04T18:45:00+00:00,100000.0
2026-02-04T19:00:00+00:00,100000.0
2026-02-04T19:15:00+00:00,100000.0
2026-02-04T19:30:00+00:00,100000.0
2026-02-04T19:45:00+00:00,100000.0
2026-02-04T20:00:00+00:00,100000.0
2026-02-04T20:10:00+00:00,100000.0
2026-02-05T15:00:00+00:00,100000.0
2026-02-05T15:15:00+00:00,100000.0
2026-02-05T15:30:00+00:00,100000.0
2026-02-05T15:45:00+00:00,100000.0
2026-02-05T16:00:00+00:00,100000.0
2026-02-05T16:15:00+00:00,100000.0
2026-02-05T16:30:00+00:00,100000.0
2026-02-05T16:45:00+00:00,100000.0
2026-02-05T17:00:00+00:00,100000.0
2026-02-05T17:15:00+00:00,100000.0
2026-02-05T17:30:00+00:00,100000.0
2026-02-05T17:45:00+00:00,100000.0
2026-02-05T18:00:00+00:00,100000.0
2026-02-05T18:15:00+00:00,100000.0
2026-02-05T18:30:00+00:00,100000.0
2026-02-05T18:45:00+00:00,100000.0
2026-02-05T19:00:00+00:00,100000.0
2026-02-05T19:15:00+00:00,100000.0
2026-02-05T19:30:00+00:00,100000.0
2026-02-05T19:45:00+00:00,100000.0
2026-02-05T20:00:00+00:00,100000.0
2026-02-05T20:10:00+00:00,100000.0
2026-02-06T15:00:00+00:00,100000.0
2026-02-06T15:15:00+00:00,100000.0
2026-02-06T15:30:00+00:00,100000.0
2026-02-06T15:45:00+00:00,100000.0
2026-02-06T16:00:00+00:00,100000.0
2026-02-06T16:15:00+00:00,100000.0
2026-02-06T16:30:00+00:00,100000.0
2026-02-06T16:45:00+00:00,100000.0
2026-02-06T17:00:00+00:00,100000.0
2026-02-06T17:15:00+00:00,100000.0
2026-02-06T17:30:00+00:00,100000.0
2026-02-06T17:45:00+00:00,100000.0
2026-02-06T18:00:00+00:00,100000.0
2026-02-06T18:15:00+00:00,100000.0
2026-02-06T18:30:00+00:00,100000.0
2026-02-06T18:45:00+00:00,100000.0
2026-02-06T19:00:00+00:00,100000.0
2026-02-06T19:15:00+00:00,100000.0
2026-02-06T19:30:00+00:00,100000.0
2026-02-06T19:45:00+00:00,100000.0
2026-02-06T20:00:00+00:00,100000.0
2026-02-06T20:10:00+00:00,100000.0
2026-02-09T15:00:00+00:00,100000.0
2026-02-09T15:15:00+00:00,100000.0
2026-02-09T15:30:00+00:00,100000.0
2026-02-09T15:45:00+00:00,100000.0
2026-02-09T16:00:00+00:00,100000.0
2026-02-09T16:15:00+00:00,100000.0
2026-02-09T16:30:00+00:00,100000.0
2026-02-09T16:45:00+00:00,100000.0
2026-02-09T17:00:00+00:00,100000.0
2026-02-09T17:15:00+00:00,100000.0
2026-02-09T17:30:00+00:00,100000.0
2026-02-09T17:45:00+00:00,100000.0
2026-02-09T18:00:00+00:00,100000.0
2026-02-09T18:15:00+00:00,100000.0
2026-02-09T18:30:00+00:00,100000.0
2026-02-09T18:45:00+00:00,100000.0
2026-02-09T19:00:00+00:00,100000.0
2026-02-09T19:15:00+00:00,100000.0
2026-02-09T19:30:00+00:00,100000.0
2026-02-09T19:45:00+00:00,100000.0
2026-02-09T20:00:00+00:00,100000.0
2026-02-09T20:10:00+00:00,100000.0
2026-02-10T15:00:00+00:00,100000.0
2026-02-10T15:15:00+00:00,100000.0
2026-02-10T15:30:00+00:00,100000.0
2026-02-10T15:45:00+00:00,100000.0
2026-02-10T16:00:00+00:00,100000.0
2026-02-10T16:15:00+00:00,100000.0
2026-02-10T16:30:00+00:00,100000.0
2026-02-10T16:45:00+00:00,100000.0
2026-02-10T17:00:00+00:00,100000.0
2026-02-10T17:15:00+00:00,100000.0
2026-02-10T17:30:00+00:00,100000.0
2026-02-10T17:45:00+00:00,100000.0
2026-02-10T18:00:00+00:00,100000.0
2026-02-10T18:15:00+00:00,100000.0
2026-02-10T18:30:00+00:00,100000.0
2026-02-10T18:45:00+00:00,100000.0
2026-02-10T19:00:00+00:00,100000.0
2026-02-10T19:15:00+00:00,100000.0
2026-02-10T19:30:00+00:00,100000.0
2026-02-10T19:45:00+00:00,100000.0
2026-02-10T20:00:00+00:00,100000.0
2026-02-10T20:10:00+00:00,100000.0
2026-02-11T15:00:00+00:00,100000.0
2026-02-11T15:15:00+00:00,100000.0
2026-02-11T15:30:00+00:00,100000.0
2026-02-11T15:45:00+00:00,100000.0
2026-02-11T16:00:00+00:00,100000.0
2026-02-11T16:15:00+00:00,100000.0
2026-02-11T16:30:00+00:00,100000.0
2026-02-11T16:45:00+00:00,100000.0
2026-02-11T17:00:00+00:00,100000.0
2026-02-11T17:15:00+00:00,100000.0
2026-02-11T17:30:00+00:00,100000.0
2026-02-11T17:45:00+00:00,100000.0
2026-02-11T18:00:00+00:00,100000.0
2026-02-11T18:15:00+00:00,100000.0
2026-02-11T18:30:00+00:00,100000.0
2026-02-11T18:45:00+00:00,100000.0
2026-02-11T19:00:00+00:00,100000.0
2026-02-11T19:15:00+00:00,100000.0
2026-02-11T19:30:00+00:00,100000.0
2026-02-11T19:45:00+00:00,100000.0
2026-02-11T20:00:00+00:00,100000.0
2026-02-11T20:10:00+00:00,100000.0
2026-02-12T15:00:00+00:00,100000.0
2026-02-12T15:15:00+00:00,100000.0
2026-02-12T15:30:00+00:00,100000.0
2026-02-12T15:45:00+00:00,100000.0
2026-02-12T16:00:00+00:00,100000.0
2026-02-12T16:15:00+00:00,100000.0
2026-02-12T16:30:00+00:00,100000.0
2026-02-12T16:45:00+00:00,100000.0
2026-02-12T17:00:00+00:00,100000.0
2026-02-12T17:15:00+00:00,100000.0
2026-02-12T17:30:00+00:00,100000.0
2026-02-12T17:45:00+00:00,100000.0
2026-02-12T18:00:00+00:00,100000.0
2026-02-12T18:15:00+00:00,100000.0
2026-02-12T18:30:00+00:00,100000.0
2026-02-12T18:45:00+00:00,100000.0
2026-02-12T19:00:00+00:00,100000.0
2026-02-12T19:15:00+00:00,100000.0
2026-02-12T19:30:00+00:00,100000.0
2026-02-12T19:45:00+00:00,100000.0
2026-02-12T20:00:00+00:00,100000.0
2026-02-12T20:10:00+00:00,100000.0
2026-02-13T15:00:00+00:00,100000.0
2026-02-13T15:15:00+00:00,100000.0
2026-02-13T15:30:00+00:00,100000.0
2026-02-13T15:45:00+00:00,100000.0
2026-02-13T16:00:00+00:00,100000.0
2026-02-13T16:15:00+00:00,100000.0
2026-02-13T16:30:00+00:00,100000.0
2026-02-13T16:45:00+00:00,100000.0
2026-02-13T17:00:00+00:00,100000.0
2026-02-13T17:15:00+00:00,100000.0
2026-02-13T17:30:00+00:00,100000.0
2026-02-13T17:45:00+00:00,100000.0
2026-02-13T18:00:00+00:00,100000.0
2026-02-13T18:15:00+00:00,100000.0
2026-02-13T18:30:00+00:00,100000.0
2026-02-13T18:45:00+00:00,100000.0
2026-02-13T19:00:00+00:00,100000.0
2026-02-13T19:15:00+00:00,100000.0
2026-02-13T19:30:00+00:00,100000.0
2026-02-13T19:45:00+00:00,100000.0
2026-02-13T20:00:00+00:00,100000.0
2026-02-13T20:10:00+00:00,100000.0
2026-02-17T15:00:00+00:00,100000.0
2026-02-17T15:15:00+00:00,100000.0
2026-02-17T15:30:00+00:00,100000.0
2026-02-17T15:45:00+00:00,100000.0
2026-02-17T16:00:00+00:00,100000.0
2026-02-17T16:15:00+00:00,100000.0
2026-02-17T16:30:00+00:00,100000.0
2026-02-17T16:45:00+00:00,100000.0
2026-02-17T17:00:00+00:00,100000.0
2026-02-17T17:15:00+00:00,100000.0
2026-02-17T17:30:00+00:00,100000.0
2026-02-17T17:45:00+00:00,100000.0
2026-02-17T18:00:00+00:00,100000.0
2026-02-17T18:15:00+00:00,100000.0
2026-02-17T18:30:00+00:00,100000.0
2026-02-17T18:45:00+00:00,100000.0
2026-02-17T19:00:00+00:00,100000.0
2026-02-17T19:15:00+00:00,100000.0
2026-02-17T19:30:00+00:00,100000.0
2026-02-17T19:45:00+00:00,100000.0
2026-02-17T20:00:00+00:00,100000.0
2026-02-17T20:10:00+00:00,100000.0
2026-02-18T15:00:00+00:00,100000.0
2026-02-18T15:15:00+00:00,100000.0
2026-02-18T15:30:00+00:00,100000.0
2026-02-18T15:45:00+00:00,100000.0
2026-02-18T16:00:00+00:00,100000.0
2026-02-18T16:15:00+00:00,100000.0
2026-02-18T16:30:00+00:00,100000.0
2026-02-18T16:45:00+00:00,100000.0
2026-02-18T17:00:00+00:00,100000.0
2026-02-18T17:15:00+00:00,100000.0
2026-02-18T17:30:00+00:00,100000.0
2026-02-18T17:45:00+00:00,100000.0
2026-02-18T18:00:00+00:00,100000.0
2026-02-18T18:15:00+00:00,100000.0
2026-02-18T18:30:00+00:00,100000.0
2026-02-18T18:45:00+00:00,100000.0
2026-02-18T19:00:00+00:00,100000.0
2026-02-18T19:15:00+00:00,100000.0
2026-02-18T19:30:00+00:00,100000.0
2026-02-18T19:45:00+00:00,100000.0
2026-02-18T20:00:00+00:00,100000.0
2026-02-18T20:10:00+00:00,100000.0
2026-02-19T15:00:00+00:00,100000.0
2026-02-19T15:15:00+00:00,100000.0
2026-02-19T15:30:00+00:00,100000.0
2026-02-19T15:45:00+00:00,100000.0
2026-02-19T16:00:00+00:00,100000.0
2026-02-19T16:15:00+00:00,100000.0
2026-02-19T16:30:00+00:00,100000.0
2026-02-19T16:45:00+00:00,100000.0
2026-02-19T17:00:00+00:00,100000.0
2026-02-19T17:15:00+00:00,100000.0
2026-02-19T17:30:00+00:00,100000.0
2026-02-19T17:45:00+00:00,100000.0
2026-02-19T18:00:00+00:00,100000.0
2026-02-19T18:15:00+00:00,100000.0
2026-02-19T18:30:00+00:00,100000.0
2026-02-19T18:45:00+00:00,100000.0
2026-02-19T19:00:00+00:00,100000.0
2026-02-19T19:15:00+00:00,100000.0
2026-02-19T19:30:00+00:00,100000.0
2026-02-19T19:45:00+00:00,100000.0
2026-02-19T20:00:00+00:00,100000.0
2026-02-19T20:10:00+00:00,100000.0
2026-02-20T15:00:00+00:00,100000.0
2026-02-20T15:15:00+00:00,100000.0
2026-02-20T15:30:00+00:00,100000.0
2026-02-20T15:45:00+00:00,100000.0
2026-02-20T16:00:00+00:00,100000.0
2026-02-20T16:15:00+00:00,100000.0
2026-02-20T16:30:00+00:00,100000.0
2026-02-20T16:45:00+00:00,100000.0
2026-02-20T17:00:00+00:00,100000.0
2026-02-20T17:15:00+00:00,100000.0
2026-02-20T17:30:00+00:00,100000.0
2026-02-20T17:45:00+00:00,100000.0
2026-02-20T18:00:00+00:00,100000.0
2026-02-20T18:15:00+00:00,100000.0
2026-02-20T18:30:00+00:00,100000.0
2026-02-20T18:45:00+00:00,100000.0
2026-02-20T19:00:00+00:00,100000.0
2026-02-20T19:15:00+00:00,100000.0
2026-02-20T19:30:00+00:00,100000.0
2026-02-20T19:45:00+00:00,100000.0
2026-02-20T20:00:00+00:00,100000.0
2026-02-20T20:10:00+00:00,100000.0
2026-02-23T15:00:00+00:00,100000.0
2026-02-23T15:15:00+00:00,100000.0
2026-02-23T15:30:00+00:00,100000.0
2026-02-23T15:45:00+00:00,100000.0
2026-02-23T16:00:00+00:00,100000.0
2026-02-23T16:15:00+00:00,100000.0
2026-02-23T16:30:00+00:00,100000.0
2026-02-23T16:45:00+00:00,100000.0
2026-02-23T17:00:00+00:00,100000.0
2026-02-23T17:15:00+00:00,100000.0
2026-02-23T17:30:00+00:00,100000.0
2026-02-23T17:45:00+00:00,100000.0
2026-02-23T18:00:00+00:00,100000.0
2026-02-23T18:15:00+00:00,100000.0
2026-02-23T18:30:00+00:00,100000.0
2026-02-23T18:45:00+00:00,100000.0
2026-02-23T19:00:00+00:00,100000.0
2026-02-23T19:15:00+00:00,100000.0
2026-02-23T19:30:00+00:00,100000.0
2026-02-23T19:45:00+00:00,100000.0
2026-02-23T20:00:00+00:00,100000.0
2026-02-23T20:10:00+00:00,100000.0
2026-02-24T15:00:00+00:00,100000.0
2026-02-24T15:15:00+00:00,100000.0
2026-02-24T15:30:00+00:00,100000.0
2026-02-24T15:45:00+00:00,100000.0
2026-02-24T16:00:00+00:00,100000.0
2026-02-24T16:15:00+00:00,100000.0
2026-02-24T16:30:00+00:00,100000.0
2026-02-24T16:45:00+00:00,100000.0
2026-02-24T17:00:00+00:00,100000.0
2026-02-24T17:15:00+00:00,100000.0
2026-02-24T17:30:00+00:00,100000.0
2026-02-24T17:45:00+00:00,100000.0
2026-02-24T18:00:00+00:00,100000.0
2026-02-24T18:15:00+00:00,100000.0
2026-02-24T18:30:00+00:00,100000.0
2026-02-24T18:45:00+00:00,100000.0
2026-02-24T19:00:00+00:00,100000.0
2026-02-24T19:15:00+00:00,100000.0
2026-02-24T19:30:00+00:00,100000.0
2026-02-24T19:45:00+00:00,100000.0
2026-02-24T20:00:00+00:00,100000.0
2026-02-24T20:10:00+00:00,100000.0
2026-02-25T15:00:00+00:00,100000.0
2026-02-25T15:15:00+00:00,100000.0
2026-02-25T15:30:00+00:00,100000.0
2026-02-25T15:45:00+00:00,100000.0
2026-02-25T16:00:00+00:00,100000.0
2026-02-25T16:15:00+00:00,100000.0
2026-02-25T16:30:00+00:00,100000.0
2026-02-25T16:45:00+00:00,100000.0
2026-02-25T17:00:00+00:00,100000.0
2026-02-25T17:15:00+00:00,100000.0
2026-02-25T17:30:00+00:00,100000.0
2026-02-25T17:45:00+00:00,100000.0
2026-02-25T18:00:00+00:00,100000.0
2026-02-25T18:15:00+00:00,100000.0
2026-02-25T18:30:00+00:00,100000.0
2026-02-25T18:45:00+00:00,100000.0
2026-02-25T19:00:00+00:00,100000.0
2026-02-25T19:15:00+00:00,100000.0
2026-02-25T19:30:00+00:00,100000.0
2026-02-25T19:45:00+00:00,100000.0
2026-02-25T20:00:00+00:00,100000.0
2026-02-25T20:10:00+00:00,100000.0
2026-02-26T15:00:00+00:00,100000.0
2026-02-26T15:15:00+00:00,100000.0
2026-02-26T15:30:00+00:00,100000.0
2026-02-26T15:45:00+00:00,100000.0
2026-02-26T16:00:00+00:00,100000.0
2026-02-26T16:15:00+00:00,100000.0
2026-02-26T16:30:00+00:00,100000.0
2026-02-26T16:45:00+00:00,100000.0
2026-02-26T17:00:00+00:00,100000.0
2026-02-26T17:15:00+00:00,100000.0
2026-02-26T17:30:00+00:00,100000.0
2026-02-26T17:45:00+00:00,100000.0
2026-02-26T18:00:00+00:00,100000.0
2026-02-26T18:15:00+00:00,100000.0
2026-02-26T18:30:00+00:00,100000.0
2026-02-26T18:45:00+00:00,100000.0
2026-02-26T19:00:00+00:00,100000.0
2026-02-26T19:15:00+00:00,100000.0
2026-02-26T19:30:00+00:00,100000.0
2026-02-26T19:45:00+00:00,100000.0
2026-02-26T20:00:00+00:00,100000.0
2026-02-26T20:10:00+00:00,100000.0
2026-02-27T15:00:00+00:00,100000.0
2026-02-27T15:15:00+00:00,100000.0
2026-02-27T15:30:00+00:00,100000.0
2026-02-27T15:45:00+00:00,100000.0
2026-02-27T16:00:00+00:00,100000.0
2026-02-27T16:15:00+00:00,100000.0
2026-02-27T16:30:00+00:00,100000.0
2026-02-27T16:45:00+00:00,100000.0
2026-02-27T17:00:00+00:00,100000.0
2026-02-27T17:15:00+00:00,100000.0
2026-02-27T17:30:00+00:00,100000.0
2026-02-27T17:45:00+00:00,100000.0
2026-02-27T18:00:00+00:00,100000.0
2026-02-27T18:15:00+00:00,100000.0
2026-02-27T18:30:00+00:00,100000.0
2026-02-27T18:45:00+00:00,100000.0
2026-02-27T19:00:00+00:00,100000.0
2026-02-27T19:15:00+00:00,100000.0
2026-02-27T19:30:00+00:00,100000.0
2026-02-27T19:45:00+00:00,100000.0
2026-02-27T20:00:00+00:00,100000.0
2026-02-27T20:10:00+00:00,100000.0
2026-03-02T15:00:00+00:00,100000.0
2026-03-02T15:15:00+00:00,100000.0
2026-03-02T15:30:00+00:00,100000.0
2026-03-02T15:45:00+00:00,100000.0
2026-03-02T16:00:00+00:00,100000.0
2026-03-02T16:15:00+00:00,100000.0
2026-03-02T16:30:00+00:00,100000.0
2026-03-02T16:45:00+00:00,100000.0
2026-03-02T17:00:00+00:00,100000.0
2026-03-02T17:15:00+00:00,100000.0
2026-03-02T17:30:00+00:00,100000.0
2026-03-02T17:45:00+00:00,100000.0
2026-03-02T18:00:00+00:00,100000.0
2026-03-02T18:15:00+00:00,100000.0
2026-03-02T18:30:00+00:00,100000.0
2026-03-02T18:45:00+00:00,100000.0
2026-03-02T19:00:00+00:00,100000.0
2026-03-02T19:15:00+00:00,100000.0
2026-03-02T19:30:00+00:00,100000.0
2026-03-02T19:45:00+00:00,100000.0
2026-03-02T20:00:00+00:00,100000.0
2026-03-02T20:10:00+00:00,100000.0
2026-03-03T15:00:00+00:00,100000.0
2026-03-03T15:15:00+00:00,100000.0
2026-03-03T15:30:00+00:00,100000.0
2026-03-03T15:45:00+00:00,100000.0
2026-03-03T16:00:00+00:00,100000.0
2026-03-03T16:15:00+00:00,100000.0
2026-03-03T16:30:00+00:00,100000.0
2026-03-03T16:45:00+00:00,100000.0
2026-03-03T17:00:00+00:00,100000.0
2026-03-03T17:15:00+00:00,100000.0
2026-03-03T17:30:00+00:00,100000.0
2026-03-03T17:45:00+00:00,100000.0
2026-03-03T18:00:00+00:00,100000.0
2026-03-03T18:15:00+00:00,100000.0
2026-03-03T18:30:00+00:00,100000.0
2026-03-03T18:45:00+00:00,100000.0
2026-03-03T19:00:00+00:00,100000.0
2026-03-03T19:15:00+00:00,100000.0
2026-03-03T19:30:00+00:00,100000.0
2026-03-03T19:45:00+00:00,100000.0
2026-03-03T20:00:00+00:00,100000.0
2026-03-03T20:10:00+00:00,100000.0
2026-03-04T15:00:00+00:00,100000.0
2026-03-04T15:15:00+00:00,100000.0
2026-03-04T15:30:00+00:00,100000.0
2026-03-04T15:45:00+00:00,100000.0
2026-03-04T16:00:00+00:00,100000.0
2026-03-04T16:15:00+00:00,100000.0
2026-03-04T16:30:00+00:00,100000.0
2026-03-04T16:45:00+00:00,100000.0
2026-03-04T17:00:00+00:00,100000.0
2026-03-04T17:15:00+00:00,100000.0
2026-03-04T17:30:00+00:00,100000.0
2026-03-04T17:45:00+00:00,100000.0
2026-03-04T18:00:00+00:00,100000.0
2026-03-04T18:15:00+00:00,100000.0
2026-03-04T18:30:00+00:00,100000.0
2026-03-04T18:45:00+00:00,100000.0
2026-03-04T19:00:00+00:00,100000.0
2026-03-04T19:15:00+00:00,100000.0
2026-03-04T19:30:00+00:00,100000.0
2026-03-04T19:45:00+00:00,100000.0
2026-03-04T20:00:00+00:00,100000.0
2026-03-04T20:10:00+00:00,100000.0
2026-03-05T15:00:00+00:00,100000.0
2026-03-05T15:15:00+00:00,100000.0
2026-03-05T15:30:00+00:00,100000.0
2026-03-05T15:45:00+00:00,100000.0
2026-03-05T16:00:00+00:00,100000.0
2026-03-05T16:15:00+00:00,100000.0
2026-03-05T16:30:00+00:00,100000.0
2026-03-05T16:45:00+00:00,100000.0
2026-03-05T17:00:00+00:00,100000.0
2026-03-05T17:15:00+00:00,100000.0
2026-03-05T17:30:00+00:00,100000.0
2026-03-05T17:45:00+00:00,100000.0
2026-03-05T18:00:00+00:00,100000.0
2026-03-05T18:15:00+00:00,100000.0
2026-03-05T18:30:00+00:00,100000.0
2026-03-05T18:45:00+00:00,100000.0
2026-03-05T19:00:00+00:00,100000.0
2026-03-05T19:15:00+00:00,100000.0
2026-03-05T19:30:00+00:00,100000.0
2026-03-05T19:45:00+00:00,100000.0
2026-03-05T20:00:00+00:00,100000.0
2026-03-05T20:10:00+00:00,100000.0
2026-03-06T15:00:00+00:00,100000.0
2026-03-06T15:15:00+00:00,100000.0
2026-03-06T15:30:00+00:00,100000.0
2026-03-06T15:45:00+00:00,100000.0
2026-03-06T16:00:00+00:00,100000.0
2026-03-06T16:15:00+00:00,100000.0
2026-03-06T16:30:00+00:00,100000.0
2026-03-06T16:45:00+00:00,100000.0
2026-03-06T17:00:00+00:00,100000.0
2026-03-06T17:15:00+00:00,100000.0
2026-03-06T17:30:00+00:00,100000.0
2026-03-06T17:45:00+00:00,100000.0
2026-03-06T18:00:00+00:00,100000.0
2026-03-06T18:15:00+00:00,100000.0
2026-03-06T18:30:00+00:00,100000.0
2026-03-06T18:45:00+00:00,100000.0
2026-03-06T19:00:00+00:00,100000.0
2026-03-06T19:15:00+00:00,100000.0
2026-03-06T19:30:00+00:00,100000.0
2026-03-06T19:45:00+00:00,100000.0
2026-03-06T20:00:00+00:00,100000.0
2026-03-06T20:10:00+00:00,100000.0
2026-03-09T14:00:00+00:00,100000.0
2026-03-09T14:15:00+00:00,100000.0
2026-03-09T14:30:00+00:00,100000.0
2026-03-09T14:45:00+00:00,100000.0
2026-03-09T15:00:00+00:00,100000.0
2026-03-09T15:15:00+00:00,100000.0
2026-03-09T15:30:00+00:00,100000.0
2026-03-09T15:45:00+00:00,100000.0
2026-03-09T16:00:00+00:00,100000.0
2026-03-09T16:15:00+00:00,100000.0
2026-03-09T16:30:00+00:00,100000.0
2026-03-09T16:45:00+00:00,100000.0
2026-03-09T17:00:00+00:00,100000.0
2026-03-09T17:15:00+00:00,100000.0
2026-03-09T17:30:00+00:00,100000.0
2026-03-09T17:45:00+00:00,100000.0
2026-03-09T18:00:00+00:00,100000.0
2026-03-09T18:15:00+00:00,100000.0
2026-03-09T18:30:00+00:00,100000.0
2026-03-09T18:45:00+00:00,100000.0
2026-03-09T19:00:00+00:00,100000.0
2026-03-09T19:10:00+00:00,100000.0
2026-03-10T14:00:00+00:00,100000.0
2026-03-10T14:15:00+00:00,100000.0
2026-03-10T14:30:00+00:00,100000.0
2026-03-10T14:45:00+00:00,100000.0
2026-03-10T15:00:00+00:00,100000.0
2026-03-10T15:15:00+00:00,100000.0
2026-03-10T15:30:00+00:00,100000.0
2026-03-10T15:45:00+00:00,100000.0
2026-03-10T16:00:00+00:00,100000.0
2026-03-10T16:15:00+00:00,100000.0
2026-03-10T16:30:00+00:00,100000.0
2026-03-10T16:45:00+00:00,100000.0
2026-03-10T17:00:00+00:00,100000.0
2026-03-10T17:15:00+00:00,100000.0
2026-03-10T17:30:00+00:00,100000.0
2026-03-10T17:45:00+00:00,100000.0
2026-03-10T18:00:00+00:00,100000.0
2026-03-10T18:15:00+00:00,100000.0
2026-03-10T18:30:00+00:00,100000.0
2026-03-10T18:45:00+00:00,100000.0
2026-03-10T19:00:00+00:00,100000.0
2026-03-10T19:10:00+00:00,100000.0
2026-03-11T14:00:00+00:00,100000.0
2026-03-11T14:15:00+00:00,100000.0
2026-03-11T14:30:00+00:00,100000.0
2026-03-11T14:45:00+00:00,100000.0
2026-03-11T15:00:00+00:00,100000.0
2026-03-11T15:15:00+00:00,100000.0
2026-03-11T15:30:00+00:00,100000.0
2026-03-11T15:45:00+00:00,100000.0
2026-03-11T16:00:00+00:00,100000.0
2026-03-11T16:15:00+00:00,100000.0
2026-03-11T16:30:00+00:00,100000.0
2026-03-11T16:45:00+00:00,100000.0
2026-03-11T17:00:00+00:00,100000.0
2026-03-11T17:15:00+00:00,100000.0
2026-03-11T17:30:00+00:00,100000.0
2026-03-11T17:45:00+00:00,100000.0
2026-03-11T18:00:00+00:00,100000.0
2026-03-11T18:15:00+00:00,100000.0
2026-03-11T18:30:00+00:00,100000.0
2026-03-11T18:45:00+00:00,100000.0
2026-03-11T19:00:00+00:00,100000.0
2026-03-11T19:10:00+00:00,100000.0
2026-03-12T14:00:00+00:00,100000.0
2026-03-12T14:15:00+00:00,100000.0
2026-03-12T14:30:00+00:00,100000.0
2026-03-12T14:45:00+00:00,100000.0
2026-03-12T15:00:00+00:00,100000.0
2026-03-12T15:15:00+00:00,100000.0
2026-03-12T15:30:00+00:00,100000.0
2026-03-12T15:45:00+00:00,100000.0
2026-03-12T16:00:00+00:00,100000.0
2026-03-12T16:15:00+00:00,100000.0
2026-03-12T16:30:00+00:00,100000.0
2026-03-12T16:45:00+00:00,100000.0
2026-03-12T17:00:00+00:00,100000.0
2026-03-12T17:15:00+00:00,100000.0
2026-03-12T17:30:00+00:00,100000.0
2026-03-12T17:45:00+00:00,100000.0
2026-03-12T18:00:00+00:00,100000.0
2026-03-12T18:15:00+00:00,100000.0
2026-03-12T18:30:00+00:00,100000.0
2026-03-12T18:45:00+00:00,100000.0
2026-03-12T19:00:00+00:00,100000.0
2026-03-12T19:10:00+00:00,100000.0
2026-03-13T14:00:00+00:00,100000.0
2026-03-13T14:15:00+00:00,100000.0
2026-03-13T14:30:00+00:00,100000.0
2026-03-13T14:45:00+00:00,100000.0
2026-03-13T15:00:00+00:00,100000.0
2026-03-13T15:15:00+00:00,100000.0
2026-03-13T15:30:00+00:00,100000.0
2026-03-13T15:45:00+00:00,100000.0
2026-03-13T16:00:00+00:00,100000.0
2026-03-13T16:15:00+00:00,100000.0
2026-03-13T16:30:00+00:00,100000.0
2026-03-13T16:45:00+00:00,100000.0
2026-03-13T17:00:00+00:00,100000.0
2026-03-13T17:15:00+00:00,100000.0
2026-03-13T17:30:00+00:00,100000.0
2026-03-13T17:45:00+00:00,100000.0
2026-03-13T18:00:00+00:00,100000.0
2026-03-13T18:15:00+00:00,100000.0
2026-03-13T18:30:00+00:00,100000.0
2026-03-13T18:45:00+00:00,100000.0
2026-03-13T19:00:00+00:00,100000.0
2026-03-13T19:10:00+00:00,100000.0
2026-03-16T14:00:00+00:00,100000.0
2026-03-16T14:15:00+00:00,100000.0
2026-03-16T14:30:00+00:00,100000.0
2026-03-16T14:45:00+00:00,100000.0
2026-03-16T15:00:00+00:00,100000.0
2026-03-16T15:15:00+00:00,100000.0
2026-03-16T15:30:00+00:00,100000.0
2026-03-16T15:45:00+00:00,100000.0
2026-03-16T16:00:00+00:00,100000.0
2026-03-16T16:15:00+00:00,100000.0
2026-03-16T16:30:00+00:00,100000.0
2026-03-16T16:45:00+00:00,100000.0
2026-03-16T17:00:00+00:00,100000.0
2026-03-16T17:15:00+00:00,100000.0
2026-03-16T17:30:00+00:00,100000.0
2026-03-16T17:45:00+00:00,100000.0
2026-03-16T18:00:00+00:00,100000.0
2026-03-16T18:15:00+00:00,100000.0
2026-03-16T18:30:00+00:00,100000.0
2026-03-16T18:45:00+00:00,100000.0
2026-03-16T19:00:00+00:00,100000.0
2026-03-16T19:10:00+00:00,100000.0
2026-03-17T14:00:00+00:00,100000.0
2026-03-17T14:15:00+00:00,100000.0
2026-03-17T14:30:00+00:00,100000.0
2026-03-17T14:45:00+00:00,100000.0
2026-03-17T15:00:00+00:00,100000.0
2026-03-17T15:15:00+00:00,100000.0
2026-03-17T15:30:00+00:00,100000.0
2026-03-17T15:45:00+00:00,100000.0
2026-03-17T16:00:00+00:00,100000.0
2026-03-17T16:15:00+00:00,100000.0
2026-03-17T16:30:00+00:00,100000.0
2026-03-17T16:45:00+00:00,100000.0
2026-03-17T17:00:00+00:00,100000.0
2026-03-17T17:15:00+00:00,100000.0
2026-03-17T17:30:00+00:00,100000.0
2026-03-17T17:45:00+00:00,100000.0
2026-03-17T18:00:00+00:00,100000.0
2026-03-17T18:15:00+00:00,100000.0
2026-03-17T18:30:00+00:00,100000.0
2026-03-17T18:45:00+00:00,100000.0
2026-03-17T19:00:00+00:00,100000.0
2026-03-17T19:10:00+00:00,100000.0
2026-03-18T14:00:00+00:00,100000.0
2026-03-18T14:15:00+00:00,100000.0
2026-03-18T14:30:00+00:00,100000.0
2026-03-18T14:45:00+00:00,100000.0
2026-03-18T15:00:00+00:00,100000.0
2026-03-18T15:15:00+00:00,100000.0
2026-03-18T15:30:00+00:00,100000.0
2026-03-18T15:45:00+00:00,100000.0
2026-03-18T16:00:00+00:00,100000.0
2026-03-18T16:15:00+00:00,100000.0
2026-03-18T16:30:00+00:00,100000.0
2026-03-18T16:45:00+00:00,100000.0
2026-03-18T17:00:00+00:00,100000.0
2026-03-18T17:15:00+00:00,100000.0
2026-03-18T17:30:00+00:00,100000.0
2026-03-18T17:45:00+00:00,100000.0
2026-03-18T18:00:00+00:00,100000.0
2026-03-18T18:15:00+00:00,100000.0
2026-03-18T18:30:00+00:00,100000.0
2026-03-18T18:45:00+00:00,100000.0
2026-03-18T19:00:00+00:00,100000.0
2026-03-18T19:10:00+00:00,100000.0
2026-03-19T14:00:00+00:00,100000.0
2026-03-19T14:15:00+00:00,100000.0
2026-03-19T14:30:00+00:00,100000.0
2026-03-19T14:45:00+00:00,100000.0
2026-03-19T15:00:00+00:00,100000.0
2026-03-19T15:15:00+00:00,100000.0
2026-03-19T15:30:00+00:00,100000.0
2026-03-19T15:45:00+00:00,100000.0
2026-03-19T16:00:00+00:00,100000.0
2026-03-19T16:15:00+00:00,100000.0
2026-03-19T16:30:00+00:00,100000.0
2026-03-19T16:45:00+00:00,100000.0
2026-03-19T17:00:00+00:00,100000.0
2026-03-19T17:15:00+00:00,100000.0
2026-03-19T17:30:00+00:00,100000.0
2026-03-19T17:45:00+00:00,100000.0
2026-03-19T18:00:00+00:00,100000.0
2026-03-19T18:15:00+00:00,100000.0
2026-03-19T18:30:00+00:00,100000.0
2026-03-19T18:45:00+00:00,100000.0
2026-03-19T19:00:00+00:00,100000.0
2026-03-19T19:10:00+00:00,100000.0
2026-03-20T14:00:00+00:00,100000.0
2026-03-20T14:15:00+00:00,100000.0
2026-03-20T14:30:00+00:00,100000.0
2026-03-20T14:45:00+00:00,100000.0
2026-03-20T15:00:00+00:00,100000.0
2026-03-20T15:15:00+00:00,100000.0
2026-03-20T15:30:00+00:00,100000.0
2026-03-20T15:45:00+00:00,100000.0
2026-03-20T16:00:00+00:00,100000.0
2026-03-20T16:15:00+00:00,100000.0
2026-03-20T16:30:00+00:00,100000.0
2026-03-20T16:45:00+00:00,100000.0
2026-03-20T17:00:00+00:00,100000.0
2026-03-20T17:15:00+00:00,100000.0
2026-03-20T17:30:00+00:00,100000.0
2026-03-20T17:45:00+00:00,100000.0
2026-03-20T18:00:00+00:00,100000.0
2026-03-20T18:15:00+00:00,100000.0
2026-03-20T18:30:00+00:00,100000.0
2026-03-20T18:45:00+00:00,100000.0
2026-03-20T19:00:00+00:00,100000.0
2026-03-20T19:10:00+00:00,100000.0
2026-03-23T14:00:00+00:00,100000.0
2026-03-23T14:15:00+00:00,100000.0
2026-03-23T14:30:00+00:00,100000.0
2026-03-23T14:45:00+00:00,100000.0
2026-03-23T15:00:00+00:00,100000.0
2026-03-23T15:15:00+00:00,100000.0
2026-03-23T15:30:00+00:00,100000.0
2026-03-23T15:45:00+00:00,100000.0
2026-03-23T16:00:00+00:00,100000.0
2026-03-23T16:15:00+00:00,100000.0
2026-03-23T16:30:00+00:00,100000.0
2026-03-23T16:45:00+00:00,100000.0
2026-03-23T17:00:00+00:00,100000.0
2026-03-23T17:15:00+00:00,100000.0
2026-03-23T17:30:00+00:00,100000.0
2026-03-23T17:45:00+00:00,100000.0
2026-03-23T18:00:00+00:00,100000.0
2026-03-23T18:15:00+00:00,100000.0
2026-03-23T18:30:00+00:00,100000.0
2026-03-23T18:45:00+00:00,100000.0
2026-03-23T19:00:00+00:00,100000.0
2026-03-23T19:10:00+00:00,100000.0
2026-03-24T14:00:00+00:00,100000.0
2026-03-24T14:15:00+00:00,100000.0
2026-03-24T14:30:00+00:00,100000.0
2026-03-24T14:45:00+00:00,100000.0
2026-03-24T15:00:00+00:00,100000.0
2026-03-24T15:15:00+00:00,100000.0
2026-03-24T15:30:00+00:00,100000.0
2026-03-24T15:45:00+00:00,100000.0
2026-03-24T16:00:00+00:00,100000.0
2026-03-24T16:15:00+00:00,100000.0
2026-03-24T16:30:00+00:00,100000.0
2026-03-24T16:45:00+00:00,100000.0
2026-03-24T17:00:00+00:00,100000.0
2026-03-24T17:15:00+00:00,100000.0
2026-03-24T17:30:00+00:00,100000.0
2026-03-24T17:45:00+00:00,100000.0
2026-03-24T18:00:00+00:00,100000.0
2026-03-24T18:15:00+00:00,100000.0
2026-03-24T18:30:00+00:00,100000.0
2026-03-24T18:45:00+00:00,100000.0
2026-03-24T19:00:00+00:00,100000.0
2026-03-24T19:10:00+00:00,100000.0
2026-03-25T14:00:00+00:00,100000.0
2026-03-25T14:15:00+00:00,100000.0
2026-03-25T14:30:00+00:00,100000.0
2026-03-25T14:45:00+00:00,100000.0
2026-03-25T15:00:00+00:00,100000.0
2026-03-25T15:15:00+00:00,100000.0
2026-03-25T15:30:00+00:00,100000.0
2026-03-25T15:45:00+00:00,100000.0
2026-03-25T16:00:00+00:00,100000.0
2026-03-25T16:15:00+00:00,100000.0
2026-03-25T16:30:00+00:00,100000.0
2026-03-25T16:45:00+00:00,100000.0
2026-03-25T17:00:00+00:00,100000.0
2026-03-25T17:15:00+00:00,100000.0
2026-03-25T17:30:00+00:00,100000.0
2026-03-25T17:45:00+00:00,100000.0
2026-03-25T18:00:00+00:00,100000.0
2026-03-25T18:15:00+00:00,100000.0
2026-03-25T18:30:00+00:00,100000.0
2026-03-25T18:45:00+00:00,100000.0
2026-03-25T19:00:00+00:00,100000.0
2026-03-25T19:10:00+00:00,100000.0
2026-03-26T14:00:00+00:00,100000.0
2026-03-26T14:15:00+00:00,100000.0
2026-03-26T14:30:00+00:00,100000.0
2026-03-26T14:45:00+00:00,100000.0
2026-03-26T15:00:00+00:00,100000.0
2026-03-26T15:15:00+00:00,100000.0
2026-03-26T15:30:00+00:00,100000.0
2026-03-26T15:45:00+00:00,100000.0
2026-03-26T16:00:00+00:00,100000.0
2026-03-26T16:15:00+00:00,100000.0
2026-03-26T16:30:00+00:00,100000.0
2026-03-26T16:45:00+00:00,100000.0
2026-03-26T17:00:00+00:00,100000.0
2026-03-26T17:15:00+00:00,100000.0
2026-03-26T17:30:00+00:00,100000.0
2026-03-26T17:45:00+00:00,100000.0
2026-03-26T18:00:00+00:00,100000.0
2026-03-26T18:15:00+00:00,100000.0
2026-03-26T18:30:00+00:00,100000.0
2026-03-26T18:45:00+00:00,100000.0
2026-03-26T19:00:00+00:00,100000.0
2026-03-26T19:10:00+00:00,100000.0
2026-03-27T14:00:00+00:00,100000.0
2026-03-27T14:15:00+00:00,100000.0
2026-03-27T14:30:00+00:00,100000.0
2026-03-27T14:45:00+00:00,100000.0
2026-03-27T15:00:00+00:00,100000.0
2026-03-27T15:15:00+00:00,100000.0
2026-03-27T15:30:00+00:00,100000.0
2026-03-27T15:45:00+00:00,100000.0
2026-03-27T16:00:00+00:00,100000.0
2026-03-27T16:15:00+00:00,100000.0
2026-03-27T16:30:00+00:00,100000.0
2026-03-27T16:45:00+00:00,100000.0
2026-03-27T17:00:00+00:00,100000.0
2026-03-27T17:15:00+00:00,100000.0
2026-03-27T17:30:00+00:00,100000.0
2026-03-27T17:45:00+00:00,100000.0
2026-03-27T18:00:00+00:00,100000.0
2026-03-27T18:15:00+00:00,100000.0
2026-03-27T18:30:00+00:00,100000.0
2026-03-27T18:45:00+00:00,100000.0
2026-03-27T19:00:00+00:00,100000.0
2026-03-27T19:10:00+00:00,100000.0
2026-03-30T14:00:00+00:00,100000.0
2026-03-30T14:15:00+00:00,100000.0
2026-03-30T14:30:00+00:00,100000.0
2026-03-30T14:45:00+00:00,100000.0
2026-03-30T15:00:00+00:00,100000.0
2026-03-30T15:15:00+00:00,100000.0
2026-03-30T15:30:00+00:00,100000.0
2026-03-30T15:45:00+00:00,100000.0
2026-03-30T16:00:00+00:00,100000.0
2026-03-30T16:15:00+00:00,100000.0
2026-03-30T16:30:00+00:00,100000.0
2026-03-30T16:45:00+00:00,100000.0
2026-03-30T17:00:00+00:00,100000.0
2026-03-30T17:15:00+00:00,100000.0
2026-03-30T17:30:00+00:00,100000.0
2026-03-30T17:45:00+00:00,100000.0
2026-03-30T18:00:00+00:00,100000.0
2026-03-30T18:15:00+00:00,100000.0
2026-03-30T18:30:00+00:00,100000.0
2026-03-30T18:45:00+00:00,100000.0
2026-03-30T19:00:00+00:00,100000.0
2026-03-30T19:10:00+00:00,100000.0
2026-03-31T14:00:00+00:00,100000.0
2026-03-31T14:15:00+00:00,100000.0
2026-03-31T14:30:00+00:00,100000.0
2026-03-31T14:45:00+00:00,100000.0
2026-03-31T15:00:00+00:00,100000.0
2026-03-31T15:15:00+00:00,100000.0
2026-03-31T15:30:00+00:00,100000.0
2026-03-31T15:45:00+00:00,100000.0
2026-03-31T16:00:00+00:00,100000.0
2026-03-31T16:15:00+00:00,100000.0
2026-03-31T16:30:00+00:00,100000.0
2026-03-31T16:45:00+00:00,100000.0
2026-03-31T17:00:00+00:00,100000.0
2026-03-31T17:15:00+00:00,100000.0
2026-03-31T17:30:00+00:00,100000.0
2026-03-31T17:45:00+00:00,100000.0
2026-03-31T18:00:00+00:00,100000.0
2026-03-31T18:15:00+00:00,100000.0
2026-03-31T18:30:00+00:00,100000.0
2026-03-31T18:45:00+00:00,100000.0
2026-03-31T19:00:00+00:00,100000.0
2026-03-31T19:10:00+00:00,100000.0
2026-04-01T14:00:00+00:00,100000.0
2026-04-01T14:15:00+00:00,100000.0
2026-04-01T14:30:00+00:00,100000.0
2026-04-01T14:45:00+00:00,100000.0
2026-04-01T15:00:00+00:00,100000.0
2026-04-01T15:15:00+00:00,100000.0
2026-04-01T15:30:00+00:00,100000.0
2026-04-01T15:45:00+00:00,100000.0
2026-04-01T16:00:00+00:00,100000.0
2026-04-01T16:15:00+00:00,100000.0
2026-04-01T16:30:00+00:00,100000.0
2026-04-01T16:45:00+00:00,100000.0
2026-04-01T17:00:00+00:00,100000.0
2026-04-01T17:15:00+00:00,100000.0
2026-04-01T17:30:00+00:00,100000.0
2026-04-01T17:45:00+00:00,100000.0
2026-04-01T18:00:00+00:00,100000.0
2026-04-01T18:15:00+00:00,100000.0
2026-04-01T18:30:00+00:00,100000.0
2026-04-01T18:45:00+00:00,100000.0
2026-04-01T19:00:00+00:00,100000.0
2026-04-01T19:10:00+00:00,100000.0
2026-04-02T14:00:00+00:00,100000.0
2026-04-02T14:15:00+00:00,100000.0
2026-04-02T14:30:00+00:00,100000.0
2026-04-02T14:45:00+00:00,100000.0
2026-04-02T15:00:00+00:00,100000.0
2026-04-02T15:15:00+00:00,100000.0
2026-04-02T15:30:00+00:00,100000.0
2026-04-02T15:45:00+00:00,100000.0
2026-04-02T16:00:00+00:00,100000.0
2026-04-02T16:15:00+00:00,100000.0
2026-04-02T16:30:00+00:00,100000.0
2026-04-02T16:45:00+00:00,100000.0
2026-04-02T17:00:00+00:00,100000.0
2026-04-02T17:15:00+00:00,100000.0
2026-04-02T17:30:00+00:00,100000.0
2026-04-02T17:45:00+00:00,100000.0
2026-04-02T18:00:00+00:00,100000.0
2026-04-02T18:15:00+00:00,100000.0
2026-04-02T18:30:00+00:00,100000.0
2026-04-02T18:45:00+00:00,100000.0
2026-04-02T19:00:00+00:00,100000.0
2026-04-02T19:10:00+00:00,100000.0
2026-04-06T14:00:00+00:00,100000.0
2026-04-06T14:15:00+00:00,100000.0
2026-04-06T14:30:00+00:00,100000.0
2026-04-06T14:45:00+00:00,100000.0
2026-04-06T15:00:00+00:00,100000.0
2026-04-06T15:15:00+00:00,100000.0
2026-04-06T15:30:00+00:00,100000.0
2026-04-06T15:45:00+00:00,100000.0
2026-04-06T16:00:00+00:00,100000.0
2026-04-06T16:15:00+00:00,100000.0
2026-04-06T16:30:00+00:00,100000.0
2026-04-06T16:45:00+00:00,100000.0
2026-04-06T17:00:00+00:00,100000.0
2026-04-06T17:15:00+00:00,100000.0
2026-04-06T17:30:00+00:00,100000.0
2026-04-06T17:45:00+00:00,100000.0
2026-04-06T18:00:00+00:00,100000.0
2026-04-06T18:15:00+00:00,100000.0
2026-04-06T18:30:00+00:00,100000.0
2026-04-06T18:45:00+00:00,100000.0
2026-04-06T19:00:00+00:00,100000.0
2026-04-06T19:10:00+00:00,100000.0
2026-04-07T14:00:00+00:00,100000.0
2026-04-07T14:15:00+00:00,100000.0
2026-04-07T14:30:00+00:00,100000.0
2026-04-07T14:45:00+00:00,100000.0
2026-04-07T15:00:00+00:00,100000.0
2026-04-07T15:15:00+00:00,100000.0
2026-04-07T15:30:00+00:00,100000.0
2026-04-07T15:45:00+00:00,100000.0
2026-04-07T16:00:00+00:00,100000.0
2026-04-07T16:15:00+00:00,100000.0
2026-04-07T16:30:00+00:00,100000.0
2026-04-07T16:45:00+00:00,100000.0
2026-04-07T17:00:00+00:00,100000.0
2026-04-07T17:15:00+00:00,100000.0
2026-04-07T17:30:00+00:00,100000.0
2026-04-07T17:45:00+00:00,100000.0
2026-04-07T18:00:00+00:00,100000.0
2026-04-07T18:15:00+00:00,100000.0
2026-04-07T18:30:00+00:00,100000.0
2026-04-07T18:45:00+00:00,100000.0
2026-04-07T19:00:00+00:00,100000.0
2026-04-07T19:10:00+00:00,100000.0
2026-04-08T14:00:00+00:00,100000.0
2026-04-08T14:15:00+00:00,100000.0
2026-04-08T14:30:00+00:00,100000.0
2026-04-08T14:45:00+00:00,100000.0
2026-04-08T15:00:00+00:00,100000.0
2026-04-08T15:15:00+00:00,100000.0
2026-04-08T15:30:00+00:00,100000.0
2026-04-08T15:45:00+00:00,100000.0
2026-04-08T16:00:00+00:00,100000.0
2026-04-08T16:15:00+00:00,100000.0
2026-04-08T16:30:00+00:00,100000.0
2026-04-08T16:45:00+00:00,100000.0
2026-04-08T17:00:00+00:00,100000.0
2026-04-08T17:15:00+00:00,100000.0
2026-04-08T17:30:00+00:00,100000.0
2026-04-08T17:45:00+00:00,100000.0
2026-04-08T18:00:00+00:00,100000.0
2026-04-08T18:15:00+00:00,100000.0
2026-04-08T18:30:00+00:00,100000.0
2026-04-08T18:45:00+00:00,100000.0
2026-04-08T19:00:00+00:00,100000.0
2026-04-08T19:10:00+00:00,100000.0
2026-04-09T14:00:00+00:00,100000.0
2026-04-09T14:15:00+00:00,100000.0
2026-04-09T14:30:00+00:00,100000.0
2026-04-09T14:45:00+00:00,100000.0
2026-04-09T15:00:00+00:00,100000.0
2026-04-09T15:15:00+00:00,100000.0
2026-04-09T15:30:00+00:00,100000.0
2026-04-09T15:45:00+00:00,100000.0
2026-04-09T16:00:00+00:00,100000.0
2026-04-09T16:15:00+00:00,100000.0
2026-04-09T16:30:00+00:00,100000.0
2026-04-09T16:45:00+00:00,100000.0
2026-04-09T17:00:00+00:00,100000.0
2026-04-09T17:15:00+00:00,100000.0
2026-04-09T17:30:00+00:00,100000.0
2026-04-09T17:45:00+00:00,100000.0
2026-04-09T18:00:00+00:00,100000.0
2026-04-09T18:15:00+00:00,100000.0
2026-04-09T18:30:00+00:00,100000.0
2026-04-09T18:45:00+00:00,100000.0
2026-04-09T19:00:00+00:00,100000.0
2026-04-09T19:10:00+00:00,100000.0
2026-04-10T14:00:00+00:00,100000.0
2026-04-10T14:15:00+00:00,100000.0
2026-04-10T14:30:00+00:00,100000.0
2026-04-10T14:45:00+00:00,100000.0
2026-04-10T15:00:00+00:00,100000.0
2026-04-10T15:15:00+00:00,100000.0
2026-04-10T15:30:00+00:00,100000.0
2026-04-10T15:45:00+00:00,100000.0
2026-04-10T16:00:00+00:00,100000.0
2026-04-10T16:15:00+00:00,100000.0
2026-04-10T16:30:00+00:00,100000.0
2026-04-10T16:45:00+00:00,100000.0
2026-04-10T17:00:00+00:00,100000.0
2026-04-10T17:15:00+00:00,100000.0
2026-04-10T17:30:00+00:00,100000.0
2026-04-10T17:45:00+00:00,100000.0
2026-04-10T18:00:00+00:00,100000.0
2026-04-10T18:15:00+00:00,100000.0
2026-04-10T18:30:00+00:00,100000.0
2026-04-10T18:45:00+00:00,100000.0
2026-04-10T19:00:00+00:00,100000.0
2026-04-10T19:10:00+00:00,100000.0
2026-04-13T14:00:00+00:00,100000.0
2026-04-13T14:15:00+00:00,100000.0
2026-04-13T14:30:00+00:00,100000.0
2026-04-13T14:45:00+00:00,100000.0
2026-04-13T15:00:00+00:00,100000.0
2026-04-13T15:15:00+00:00,100000.0
2026-04-13T15:30:00+00:00,100000.0
2026-04-13T15:45:00+00:00,100000.0
2026-04-13T16:00:00+00:00,100000.0
2026-04-13T16:15:00+00:00,100000.0
2026-04-13T16:30:00+00:00,100000.0
2026-04-13T16:45:00+00:00,100000.0
2026-04-13T17:00:00+00:00,100000.0
2026-04-13T17:15:00+00:00,100000.0
2026-04-13T17:30:00+00:00,100000.0
2026-04-13T17:45:00+00:00,100000.0
2026-04-13T18:00:00+00:00,100000.0
2026-04-13T18:15:00+00:00,100000.0
2026-04-13T18:30:00+00:00,100000.0
2026-04-13T18:45:00+00:00,100000.0
2026-04-13T19:00:00+00:00,100000.0
2026-04-13T19:10:00+00:00,100000.0
2026-04-14T14:00:00+00:00,100000.0
2026-04-14T14:15:00+00:00,100000.0
2026-04-14T14:30:00+00:00,100000.0
2026-04-14T14:45:00+00:00,100000.0
2026-04-14T15:00:00+00:00,100000.0
2026-04-14T15:15:00+00:00,100000.0
2026-04-14T15:30:00+00:00,100000.0
2026-04-14T15:45:00+00:00,100000.0
2026-04-14T16:00:00+00:00,100000.0
2026-04-14T16:15:00+00:00,100000.0
2026-04-14T16:30:00+00:00,100000.0
2026-04-14T16:45:00+00:00,100000.0
2026-04-14T17:00:00+00:00,100000.0
2026-04-14T17:15:00+00:00,100000.0
2026-04-14T17:30:00+00:00,100000.0
2026-04-14T17:45:00+00:00,100000.0
2026-04-14T18:00:00+00:00,100000.0
2026-04-14T18:15:00+00:00,100000.0
2026-04-14T18:30:00+00:00,100000.0
2026-04-14T18:45:00+00:00,100000.0
2026-04-14T19:00:00+00:00,100000.0
2026-04-14T19:10:00+00:00,100000.0
2026-04-15T14:00:00+00:00,100000.0
2026-04-15T14:15:00+00:00,100000.0
2026-04-15T14:30:00+00:00,100000.0
2026-04-15T14:45:00+00:00,100000.0
2026-04-15T15:00:00+00:00,100000.0
2026-04-15T15:15:00+00:00,100000.0
2026-04-15T15:30:00+00:00,100000.0
2026-04-15T15:45:00+00:00,100000.0
2026-04-15T16:00:00+00:00,100000.0
2026-04-15T16:15:00+00:00,100000.0
2026-04-15T16:30:00+00:00,100000.0
2026-04-15T16:45:00+00:00,100000.0
2026-04-15T17:00:00+00:00,100000.0
2026-04-15T17:15:00+00:00,100000.0
2026-04-15T17:30:00+00:00,100000.0
2026-04-15T17:45:00+00:00,100000.0
2026-04-15T18:00:00+00:00,100000.0
2026-04-15T18:15:00+00:00,100000.0
2026-04-15T18:30:00+00:00,100000.0
2026-04-15T18:45:00+00:00,100000.0
2026-04-15T19:00:00+00:00,100000.0
2026-04-15T19:10:00+00:00,100000.0
2026-04-16T14:00:00+00:00,100000.0
2026-04-16T14:15:00+00:00,100000.0
2026-04-16T14:30:00+00:00,100000.0
2026-04-16T14:45:00+00:00,100000.0
2026-04-16T15:00:00+00:00,100000.0
2026-04-16T15:15:00+00:00,100000.0
2026-04-16T15:30:00+00:00,100000.0
2026-04-16T15:45:00+00:00,100000.0
2026-04-16T16:00:00+00:00,100000.0
2026-04-16T16:15:00+00:00,100000.0
2026-04-16T16:30:00+00:00,100000.0
2026-04-16T16:45:00+00:00,100000.0
2026-04-16T17:00:00+00:00,100000.0
2026-04-16T17:15:00+00:00,100000.0
2026-04-16T17:30:00+00:00,100000.0
2026-04-16T17:45:00+00:00,100000.0
2026-04-16T18:00:00+00:00,100000.0
2026-04-16T18:15:00+00:00,100000.0
2026-04-16T18:30:00+00:00,100000.0
2026-04-16T18:45:00+00:00,100000.0
2026-04-16T19:00:00+00:00,100000.0
2026-04-16T19:10:00+00:00,100000.0
2026-04-17T14:00:00+00:00,100000.0
2026-04-17T14:15:00+00:00,100000.0
2026-04-17T14:30:00+00:00,100000.0
2026-04-17T14:45:00+00:00,100000.0
2026-04-17T15:00:00+00:00,100000.0
2026-04-17T15:15:00+00:00,100000.0
2026-04-17T15:30:00+00:00,100000.0
2026-04-17T15:45:00+00:00,100000.0
2026-04-17T16:00:00+00:00,100000.0
2026-04-17T16:15:00+00:00,100000.0
2026-04-17T16:30:00+00:00,100000.0
2026-04-17T16:45:00+00:00,100000.0
2026-04-17T17:00:00+00:00,100000.0
2026-04-17T17:15:00+00:00,100000.0
2026-04-17T17:30:00+00:00,100000.0
2026-04-17T17:45:00+00:00,100000.0
2026-04-17T18:00:00+00:00,100000.0
2026-04-17T18:15:00+00:00,100000.0
2026-04-17T18:30:00+00:00,100000.0
2026-04-17T18:45:00+00:00,100000.0
2026-04-17T19:00:00+00:00,100000.0
2026-04-17T19:10:00+00:00,100000.0
2026-04-20T14:00:00+00:00,100000.0
2026-04-20T14:15:00+00:00,100000.0
2026-04-20T14:30:00+00:00,100000.0
2026-04-20T14:45:00+00:00,100000.0
2026-04-20T15:00:00+00:00,100000.0
2026-04-20T15:15:00+00:00,100000.0
2026-04-20T15:30:00+00:00,100000.0
2026-04-20T15:45:00+00:00,100000.0
2026-04-20T16:00:00+00:00,100000.0
2026-04-20T16:15:00+00:00,100000.0
2026-04-20T16:30:00+00:00,100000.0
2026-04-20T16:45:00+00:00,100000.0
2026-04-20T17:00:00+00:00,100000.0
2026-04-20T17:15:00+00:00,100000.0
2026-04-20T17:30:00+00:00,100000.0
2026-04-20T17:45:00+00:00,100000.0
2026-04-20T18:00:00+00:00,100000.0
2026-04-20T18:15:00+00:00,100000.0
2026-04-20T18:30:00+00:00,100000.0
2026-04-20T18:45:00+00:00,100000.0
2026-04-20T19:00:00+00:00,100000.0
2026-04-20T19:10:00+00:00,100000.0
2026-04-21T14:00:00+00:00,100000.0
2026-04-21T14:15:00+00:00,100000.0
2026-04-21T14:30:00+00:00,100000.0
2026-04-21T14:45:00+00:00,100000.0
2026-04-21T15:00:00+00:00,100000.0
2026-04-21T15:15:00+00:00,100000.0
2026-04-21T15:30:00+00:00,100000.0
2026-04-21T15:45:00+00:00,100000.0
2026-04-21T16:00:00+00:00,100000.0
2026-04-21T16:15:00+00:00,100000.0
2026-04-21T16:30:00+00:00,100000.0
2026-04-21T16:45:00+00:00,100000.0
2026-04-21T17:00:00+00:00,100000.0
2026-04-21T17:15:00+00:00,100000.0
2026-04-21T17:30:00+00:00,100000.0
2026-04-21T17:45:00+00:00,100000.0
2026-04-21T18:00:00+00:00,100000.0
2026-04-21T18:15:00+00:00,100000.0
2026-04-21T18:30:00+00:00,100000.0
2026-04-21T18:45:00+00:00,100000.0
2026-04-21T19:00:00+00:00,100000.0
2026-04-21T19:10:00+00:00,100000.0
2026-04-22T14:00:00+00:00,100000.0
2026-04-22T14:15:00+00:00,100000.0
2026-04-22T14:30:00+00:00,100000.0
2026-04-22T14:45:00+00:00,100000.0
2026-04-22T15:00:00+00:00,100000.0
2026-04-22T15:15:00+00:00,100000.0
2026-04-22T15:30:00+00:00,100000.0
2026-04-22T15:45:00+00:00,100000.0
2026-04-22T16:00:00+00:00,100000.0
2026-04-22T16:15:00+00:00,100000.0
2026-04-22T16:30:00+00:00,100000.0
2026-04-22T16:45:00+00:00,100000.0
2026-04-22T17:00:00+00:00,100000.0
2026-04-22T17:15:00+00:00,100000.0
2026-04-22T17:30:00+00:00,100000.0
2026-04-22T17:45:00+00:00,100000.0
2026-04-22T18:00:00+00:00,100000.0
2026-04-22T18:15:00+00:00,100000.0
2026-04-22T18:30:00+00:00,100000.0
2026-04-22T18:45:00+00:00,100000.0
2026-04-22T19:00:00+00:00,100000.0
2026-04-22T19:10:00+00:00,100000.0
2026-04-23T14:00:00+00:00,100000.0
2026-04-23T14:15:00+00:00,100000.0
2026-04-23T14:30:00+00:00,100000.0
2026-04-23T14:45:00+00:00,100000.0
2026-04-23T15:00:00+00:00,100000.0
2026-04-23T15:15:00+00:00,100000.0
2026-04-23T15:30:00+00:00,100000.0
2026-04-23T15:45:00+00:00,100000.0
2026-04-23T16:00:00+00:00,100000.0
2026-04-23T16:15:00+00:00,100000.0
2026-04-23T16:30:00+00:00,100000.0
2026-04-23T16:45:00+00:00,100000.0
2026-04-23T17:00:00+00:00,100000.0
2026-04-23T17:15:00+00:00,100000.0
2026-04-23T17:30:00+00:00,100000.0
2026-04-23T17:45:00+00:00,100000.0
2026-04-23T18:00:00+00:00,100000.0
2026-04-23T18:15:00+00:00,100000.0
2026-04-23T18:30:00+00:00,100000.0
2026-04-23T18:45:00+00:00,100000.0
2026-04-23T19:00:00+00:00,100000.0
2026-04-23T19:10:00+00:00,100000.0
2026-04-24T14:00:00+00:00,100000.0
2026-04-24T14:15:00+00:00,100000.0
2026-04-24T14:30:00+00:00,100000.0
2026-04-24T14:45:00+00:00,100000.0
2026-04-24T15:00:00+00:00,100000.0
2026-04-24T15:15:00+00:00,100000.0
2026-04-24T15:30:00+00:00,100000.0
2026-04-24T15:45:00+00:00,100000.0
2026-04-24T16:00:00+00:00,100000.0
2026-04-24T16:15:00+00:00,100000.0
2026-04-24T16:30:00+00:00,100000.0
2026-04-24T16:45:00+00:00,100000.0
2026-04-24T17:00:00+00:00,100000.0
2026-04-24T17:15:00+00:00,100000.0
2026-04-24T17:30:00+00:00,100000.0
2026-04-24T17:45:00+00:00,100000.0
2026-04-24T18:00:00+00:00,100000.0
2026-04-24T18:15:00+00:00,100000.0
2026-04-24T18:30:00+00:00,100000.0
2026-04-24T18:45:00+00:00,100000.0
2026-04-24T19:00:00+00:00,100000.0
2026-04-24T19:10:00+00:00,100000.0
2026-04-27T14:00:00+00:00,100000.0
2026-04-27T14:15:00+00:00,100000.0
2026-04-27T14:30:00+00:00,100000.0
2026-04-27T14:45:00+00:00,100000.0
2026-04-27T15:00:00+00:00,100000.0
2026-04-27T15:15:00+00:00,100000.0
2026-04-27T15:30:00+00:00,100000.0
2026-04-27T15:45:00+00:00,100000.0
2026-04-27T16:00:00+00:00,100000.0
2026-04-27T16:15:00+00:00,100000.0
2026-04-27T16:30:00+00:00,100000.0
2026-04-27T16:45:00+00:00,100000.0
2026-04-27T17:00:00+00:00,100000.0
2026-04-27T17:15:00+00:00,100000.0
2026-04-27T17:30:00+00:00,100000.0
2026-04-27T17:45:00+00:00,100000.0
2026-04-27T18:00:00+00:00,100000.0
2026-04-27T18:15:00+00:00,100000.0
2026-04-27T18:30:00+00:00,100000.0
2026-04-27T18:45:00+00:00,100000.0
2026-04-27T19:00:00+00:00,100000.0
2026-04-27T19:10:00+00:00,100000.0
2026-04-28T14:00:00+00:00,100000.0
2026-04-28T14:15:00+00:00,100000.0
2026-04-28T14:30:00+00:00,100000.0
2026-04-28T14:45:00+00:00,100000.0
2026-04-28T15:00:00+00:00,100000.0
2026-04-28T15:15:00+00:00,100000.0
2026-04-28T15:30:00+00:00,100000.0
2026-04-28T15:45:00+00:00,100000.0
2026-04-28T16:00:00+00:00,100000.0
2026-04-28T16:15:00+00:00,100000.0
2026-04-28T16:30:00+00:00,100000.0
2026-04-28T16:45:00+00:00,100000.0
2026-04-28T17:00:00+00:00,100000.0
2026-04-28T17:15:00+00:00,100000.0
2026-04-28T17:30:00+00:00,100000.0
2026-04-28T17:45:00+00:00,100000.0
2026-04-28T18:00:00+00:00,100000.0
2026-04-28T18:15:00+00:00,100000.0
2026-04-28T18:30:00+00:00,100000.0
2026-04-28T18:45:00+00:00,100000.0
2026-04-28T19:00:00+00:00,100000.0
2026-04-28T19:10:00+00:00,100000.0
2026-04-29T14:00:00+00:00,100000.0
2026-04-29T14:15:00+00:00,100000.0
2026-04-29T14:30:00+00:00,100000.0
2026-04-29T14:45:00+00:00,100000.0
2026-04-29T15:00:00+00:00,100000.0
2026-04-29T15:15:00+00:00,100000.0
2026-04-29T15:30:00+00:00,100000.0
2026-04-29T15:45:00+00:00,100000.0
2026-04-29T16:00:00+00:00,100000.0
2026-04-29T16:15:00+00:00,100000.0
2026-04-29T16:30:00+00:00,100000.0
2026-04-29T16:45:00+00:00,100000.0
2026-04-29T17:00:00+00:00,100000.0
2026-04-29T17:15:00+00:00,100000.0
2026-04-29T17:30:00+00:00,100000.0
2026-04-29T17:45:00+00:00,100000.0
2026-04-29T18:00:00+00:00,100000.0
2026-04-29T18:15:00+00:00,100000.0
2026-04-29T18:30:00+00:00,100000.0
2026-04-29T18:45:00+00:00,100000.0
2026-04-29T19:00:00+00:00,100000.0
2026-04-29T19:10:00+00:00,100000.0
2026-04-30T14:00:00+00:00,100000.0
2026-04-30T14:15:00+00:00,100000.0
2026-04-30T14:30:00+00:00,100000.0
2026-04-30T14:45:00+00:00,100000.0
2026-04-30T15:00:00+00:00,100000.0
2026-04-30T15:15:00+00:00,100000.0
2026-04-30T15:30:00+00:00,100000.0
2026-04-30T15:45:00+00:00,100000.0
2026-04-30T16:00:00+00:00,100000.0
2026-04-30T16:15:00+00:00,100000.0
2026-04-30T16:30:00+00:00,100000.0
2026-04-30T16:45:00+00:00,100000.0
2026-04-30T17:00:00+00:00,100000.0
2026-04-30T17:15:00+00:00,100000.0
2026-04-30T17:30:00+00:00,100000.0
2026-04-30T17:45:00+00:00,100000.0
2026-04-30T18:00:00+00:00,100000.0
2026-04-30T18:15:00+00:00,100000.0
2026-04-30T18:30:00+00:00,100000.0
2026-04-30T18:45:00+00:00,100000.0
2026-04-30T19:00:00+00:00,100000.0
2026-04-30T19:10:00+00:00,100000.0
2026-05-01T14:00:00+00:00,100000.0
2026-05-01T14:15:00+00:00,100000.0
2026-05-01T14:30:00+00:00,100000.0
2026-05-01T14:45:00+00:00,100000.0
2026-05-01T15:00:00+00:00,100000.0
2026-05-01T15:15:00+00:00,100000.0
2026-05-01T15:30:00+00:00,100000.0
2026-05-01T15:45:00+00:00,100000.0
2026-05-01T16:00:00+00:00,100000.0
2026-05-01T16:15:00+00:00,100000.0
2026-05-01T16:30:00+00:00,100000.0
2026-05-01T16:45:00+00:00,100000.0
2026-05-01T17:00:00+00:00,100000.0
2026-05-01T17:15:00+00:00,100000.0
2026-05-01T17:30:00+00:00,100000.0
2026-05-01T17:45:00+00:00,100000.0
2026-05-01T18:00:00+00:00,100000.0
2026-05-01T18:15:00+00:00,100000.0
2026-05-01T18:30:00+00:00,100000.0
2026-05-01T18:45:00+00:00,100000.0
2026-05-01T19:00:00+00:00,100000.0
2026-05-01T19:10:00+00:00,100000.0
2026-05-04T14:00:00+00:00,100000.0
2026-05-04T14:15:00+00:00,100000.0
2026-05-04T14:30:00+00:00,100000.0
2026-05-04T14:45:00+00:00,100000.0
2026-05-04T15:00:00+00:00,100000.0
2026-05-04T15:15:00+00:00,100000.0
2026-05-04T15:30:00+00:00,100000.0
2026-05-04T15:45:00+00:00,100000.0
2026-05-04T16:00:00+00:00,100000.0
2026-05-04T16:15:00+00:00,100000.0
2026-05-04T16:30:00+00:00,100000.0
2026-05-04T16:45:00+00:00,100000.0
2026-05-04T17:00:00+00:00,100000.0
2026-05-04T17:15:00+00:00,100000.0
2026-05-04T17:30:00+00:00,100000.0
2026-05-04T17:45:00+00:00,100000.0
2026-05-04T18:00:00+00:00,100000.0
2026-05-04T18:15:00+00:00,100000.0
2026-05-04T18:30:00+00:00,100000.0
2026-05-04T18:45:00+00:00,100000.0
2026-05-04T19:00:00+00:00,100000.0
2026-05-04T19:10:00+00:00,100000.0
2026-05-05T14:00:00+00:00,100000.0
2026-05-05T14:15:00+00:00,100000.0
2026-05-05T14:30:00+00:00,100000.0
2026-05-05T14:45:00+00:00,100000.0
2026-05-05T15:00:00+00:00,100000.0
2026-05-05T15:15:00+00:00,100000.0
2026-05-05T15:30:00+00:00,100000.0
2026-05-05T15:45:00+00:00,100000.0
2026-05-05T16:00:00+00:00,100000.0
2026-05-05T16:15:00+00:00,100000.0
2026-05-05T16:30:00+00:00,100000.0
2026-05-05T16:45:00+00:00,100000.0
2026-05-05T17:00:00+00:00,100000.0
2026-05-05T17:15:00+00:00,100000.0
2026-05-05T17:30:00+00:00,100000.0
2026-05-05T17:45:00+00:00,100000.0
2026-05-05T18:00:00+00:00,100000.0
2026-05-05T18:15:00+00:00,100000.0
2026-05-05T18:30:00+00:00,100000.0
2026-05-05T18:45:00+00:00,100000.0
2026-05-05T19:00:00+00:00,100000.0
2026-05-05T19:10:00+00:00,100000.0
2026-05-06T14:00:00+00:00,100000.0
2026-05-06T14:15:00+00:00,100000.0
2026-05-06T14:30:00+00:00,100000.0
2026-05-06T14:45:00+00:00,100000.0
2026-05-06T15:00:00+00:00,100000.0
2026-05-06T15:15:00+00:00,100000.0
2026-05-06T15:30:00+00:00,100000.0
2026-05-06T15:45:00+00:00,100000.0
2026-05-06T16:00:00+00:00,100000.0
2026-05-06T16:15:00+00:00,100000.0
2026-05-06T16:30:00+00:00,100000.0
2026-05-06T16:45:00+00:00,100000.0
2026-05-06T17:00:00+00:00,100000.0
2026-05-06T17:15:00+00:00,100000.0
2026-05-06T17:30:00+00:00,100000.0
2026-05-06T17:45:00+00:00,100000.0
2026-05-06T18:00:00+00:00,100000.0
2026-05-06T18:15:00+00:00,100000.0
2026-05-06T18:30:00+00:00,100000.0
2026-05-06T18:45:00+00:00,100000.0
2026-05-06T19:00:00+00:00,100000.0
2026-05-06T19:10:00+00:00,100000.0
2026-05-07T14:00:00+00:00,100000.0
2026-05-07T14:15:00+00:00,100000.0
2026-05-07T14:30:00+00:00,100000.0
2026-05-07T14:45:00+00:00,100000.0
2026-05-07T15:00:00+00:00,100000.0
2026-05-07T15:15:00+00:00,100000.0
2026-05-07T15:30:00+00:00,100000.0
2026-05-07T15:45:00+00:00,100000.0
2026-05-07T16:00:00+00:00,100000.0
2026-05-07T16:15:00+00:00,100000.0
2026-05-07T16:30:00+00:00,100000.0
2026-05-07T16:45:00+00:00,100000.0
2026-05-07T17:00:00+00:00,100000.0
2026-05-07T17:15:00+00:00,100000.0
2026-05-07T17:30:00+00:00,100000.0
2026-05-07T17:45:00+00:00,100000.0
2026-05-07T18:00:00+00:00,100000.0
2026-05-07T18:15:00+00:00,100000.0
2026-05-07T18:30:00+00:00,100000.0
2026-05-07T18:45:00+00:00,100000.0
2026-05-07T19:00:00+00:00,100000.0
2026-05-07T19:10:00+00:00,100000.0
2026-05-08T14:00:00+00:00,100000.0
2026-05-08T14:15:00+00:00,100000.0
2026-05-08T14:30:00+00:00,100000.0
2026-05-08T14:45:00+00:00,100000.0
2026-05-08T15:00:00+00:00,100000.0
2026-05-08T15:15:00+00:00,100000.0
2026-05-08T15:30:00+00:00,100000.0
2026-05-08T15:45:00+00:00,100000.0
2026-05-08T16:00:00+00:00,100000.0
2026-05-08T16:15:00+00:00,100000.0
2026-05-08T16:30:00+00:00,100000.0
2026-05-08T16:45:00+00:00,100000.0
2026-05-08T17:00:00+00:00,100000.0
2026-05-08T17:15:00+00:00,100000.0
2026-05-08T17:30:00+00:00,100000.0
2026-05-08T17:45:00+00:00,100000.0
2026-05-08T18:00:00+00:00,100000.0
2026-05-08T18:15:00+00:00,100000.0
2026-05-08T18:30:00+00:00,100000.0
2026-05-08T18:45:00+00:00,100000.0
2026-05-08T19:00:00+00:00,100000.0
2026-05-08T19:10:00+00:00,100000.0
2026-05-11T14:00:00+00:00,100000.0
2026-05-11T14:15:00+00:00,100000.0
2026-05-11T14:30:00+00:00,100000.0
2026-05-11T14:45:00+00:00,100000.0
2026-05-11T15:00:00+00:00,100000.0
2026-05-11T15:15:00+00:00,100000.0
2026-05-11T15:30:00+00:00,100000.0
2026-05-11T15:45:00+00:00,100000.0
2026-05-11T16:00:00+00:00,100000.0
2026-05-11T16:15:00+00:00,100000.0
2026-05-11T16:30:00+00:00,100000.0
2026-05-11T16:45:00+00:00,100000.0
2026-05-11T17:00:00+00:00,100000.0
2026-05-11T17:15:00+00:00,100000.0
2026-05-11T17:30:00+00:00,100000.0
2026-05-11T17:45:00+00:00,100000.0
2026-05-11T18:00:00+00:00,100000.0
2026-05-11T18:15:00+00:00,100000.0
2026-05-11T18:30:00+00:00,100000.0
2026-05-11T18:45:00+00:00,100000.0
2026-05-11T19:00:00+00:00,100000.0
2026-05-11T19:10:00+00:00,100000.0
2026-05-12T14:00:00+00:00,100000.0
2026-05-12T14:15:00+00:00,100000.0
2026-05-12T14:30:00+00:00,100000.0
2026-05-12T14:45:00+00:00,100000.0
2026-05-12T15:00:00+00:00,100000.0
2026-05-12T15:15:00+00:00,100000.0
2026-05-12T15:30:00+00:00,100000.0
2026-05-12T15:45:00+00:00,100000.0
2026-05-12T16:00:00+00:00,100000.0
2026-05-12T16:15:00+00:00,100000.0
2026-05-12T16:30:00+00:00,100000.0
2026-05-12T16:45:00+00:00,100000.0
2026-05-12T17:00:00+00:00,100000.0
2026-05-12T17:15:00+00:00,100000.0
2026-05-12T17:30:00+00:00,100000.0
2026-05-12T17:45:00+00:00,100000.0
2026-05-12T18:00:00+00:00,100000.0
2026-05-12T18:15:00+00:00,100000.0
2026-05-12T18:30:00+00:00,100000.0
2026-05-12T18:45:00+00:00,100000.0
2026-05-12T19:00:00+00:00,100000.0
2026-05-12T19:10:00+00:00,100000.0
2026-05-13T14:00:00+00:00,100000.0
2026-05-13T14:15:00+00:00,100000.0
2026-05-13T14:30:00+00:00,100000.0
2026-05-13T14:45:00+00:00,100000.0
2026-05-13T15:00:00+00:00,100000.0
2026-05-13T15:15:00+00:00,100000.0
2026-05-13T15:30:00+00:00,100000.0
2026-05-13T15:45:00+00:00,100000.0
2026-05-13T16:00:00+00:00,100000.0
2026-05-13T16:15:00+00:00,100000.0
2026-05-13T16:30:00+00:00,100000.0
2026-05-13T16:45:00+00:00,100000.0
2026-05-13T17:00:00+00:00,100000.0
2026-05-13T17:15:00+00:00,100000.0
2026-05-13T17:30:00+00:00,100000.0
2026-05-13T17:45:00+00:00,100000.0
2026-05-13T18:00:00+00:00,100000.0
2026-05-13T18:15:00+00:00,100000.0
2026-05-13T18:30:00+00:00,100000.0
2026-05-13T18:45:00+00:00,100000.0
2026-05-13T19:00:00+00:00,100000.0
2026-05-13T19:10:00+00:00,100000.0
2026-05-14T14:00:00+00:00,100000.0
2026-05-14T14:15:00+00:00,100000.0
2026-05-14T14:30:00+00:00,100000.0
2026-05-14T14:45:00+00:00,100000.0
2026-05-14T15:00:00+00:00,100000.0
2026-05-14T15:15:00+00:00,100000.0
2026-05-14T15:30:00+00:00,100000.0
2026-05-14T15:45:00+00:00,100000.0
2026-05-14T16:00:00+00:00,100000.0
2026-05-14T16:15:00+00:00,100000.0
2026-05-14T16:30:00+00:00,100000.0
2026-05-14T16:45:00+00:00,100000.0
2026-05-14T17:00:00+00:00,100000.0
2026-05-14T17:15:00+00:00,100000.0
2026-05-14T17:30:00+00:00,100000.0
2026-05-14T17:45:00+00:00,100000.0
2026-05-14T18:00:00+00:00,100000.0
2026-05-14T18:15:00+00:00,100000.0
2026-05-14T18:30:00+00:00,100000.0
2026-05-14T18:45:00+00:00,100000.0
2026-05-14T19:00:00+00:00,100000.0
2026-05-14T19:10:00+00:00,100000.0
2026-05-15T14:00:00+00:00,100000.0
2026-05-15T14:15:00+00:00,100000.0
2026-05-15T14:30:00+00:00,100000.0
2026-05-15T14:45:00+00:00,100000.0
2026-05-15T15:00:00+00:00,100000.0
2026-05-15T15:15:00+00:00,100000.0
2026-05-15T15:30:00+00:00,100000.0
2026-05-15T15:45:00+00:00,100000.0
2026-05-15T16:00:00+00:00,100000.0
2026-05-15T16:15:00+00:00,100000.0
2026-05-15T16:30:00+00:00,100000.0
2026-05-15T16:45:00+00:00,100000.0
2026-05-15T17:00:00+00:00,100000.0
2026-05-15T17:15:00+00:00,100000.0
2026-05-15T17:30:00+00:00,100000.0
2026-05-15T17:45:00+00:00,100000.0
2026-05-15T18:00:00+00:00,100000.0
2026-05-15T18:15:00+00:00,100000.0
2026-05-15T18:30:00+00:00,100000.0
2026-05-15T18:45:00+00:00,100000.0
2026-05-15T19:00:00+00:00,100000.0
2026-05-15T19:10:00+00:00,100000.0
2026-05-18T14:00:00+00:00,100000.0
2026-05-18T14:15:00+00:00,100000.0
2026-05-18T14:30:00+00:00,100000.0
2026-05-18T14:45:00+00:00,100000.0
2026-05-18T15:00:00+00:00,100000.0
2026-05-18T15:15:00+00:00,100000.0
2026-05-18T15:30:00+00:00,100000.0
2026-05-18T15:45:00+00:00,100000.0
2026-05-18T16:00:00+00:00,100000.0
2026-05-18T16:15:00+00:00,100000.0
2026-05-18T16:30:00+00:00,100000.0
2026-05-18T16:45:00+00:00,100000.0
2026-05-18T17:00:00+00:00,100000.0
2026-05-18T17:15:00+00:00,100000.0
2026-05-18T17:30:00+00:00,100000.0
2026-05-18T17:45:00+00:00,100000.0
2026-05-18T18:00:00+00:00,100000.0
2026-05-18T18:15:00+00:00,100000.0
2026-05-18T18:30:00+00:00,100000.0
2026-05-18T18:45:00+00:00,100000.0
2026-05-18T19:00:00+00:00,100000.0
2026-05-18T19:10:00+00:00,100000.0
2026-05-19T14:00:00+00:00,100000.0
2026-05-19T14:15:00+00:00,100000.0
2026-05-19T14:30:00+00:00,100000.0
2026-05-19T14:45:00+00:00,100000.0
2026-05-19T15:00:00+00:00,100000.0
2026-05-19T15:15:00+00:00,100000.0
2026-05-19T15:30:00+00:00,100000.0
2026-05-19T15:45:00+00:00,100000.0
2026-05-19T16:00:00+00:00,100000.0
2026-05-19T16:15:00+00:00,100000.0
2026-05-19T16:30:00+00:00,100000.0
2026-05-19T16:45:00+00:00,100000.0
2026-05-19T17:00:00+00:00,100000.0
2026-05-19T17:15:00+00:00,100000.0
2026-05-19T17:30:00+00:00,100000.0
2026-05-19T17:45:00+00:00,100000.0
2026-05-19T18:00:00+00:00,100000.0
2026-05-19T18:15:00+00:00,100000.0
2026-05-19T18:30:00+00:00,100000.0
2026-05-19T18:45:00+00:00,100000.0
2026-05-19T19:00:00+00:00,100000.0
2026-05-19T19:10:00+00:00,100000.0
2026-05-20T14:00:00+00:00,100000.0
2026-05-20T14:15:00+00:00,100000.0
2026-05-20T14:30:00+00:00,100000.0
2026-05-20T14:45:00+00:00,100000.0
2026-05-20T15:00:00+00:00,100000.0
2026-05-20T15:15:00+00:00,100000.0
2026-05-20T15:30:00+00:00,100000.0
2026-05-20T15:45:00+00:00,100000.0
2026-05-20T16:00:00+00:00,100000.0
2026-05-20T16:15:00+00:00,100000.0
2026-05-20T16:30:00+00:00,100000.0
2026-05-20T16:45:00+00:00,100000.0
2026-05-20T17:00:00+00:00,100000.0
2026-05-20T17:15:00+00:00,100000.0
2026-05-20T17:30:00+00:00,100000.0
2026-05-20T17:45:00+00:00,100000.0
2026-05-20T18:00:00+00:00,100000.0
2026-05-20T18:15:00+00:00,100000.0
2026-05-20T18:30:00+00:00,100000.0
2026-05-20T18:45:00+00:00,100000.0
2026-05-20T19:00:00+00:00,100000.0
2026-05-20T19:10:00+00:00,100000.0
2026-05-21T14:00:00+00:00,100000.0
2026-05-21T14:15:00+00:00,100000.0
2026-05-21T14:30:00+00:00,100000.0
2026-05-21T14:45:00+00:00,100000.0
2026-05-21T15:00:00+00:00,100000.0
2026-05-21T15:15:00+00:00,100000.0
2026-05-21T15:30:00+00:00,100000.0
2026-05-21T15:45:00+00:00,100000.0
2026-05-21T16:00:00+00:00,100000.0
2026-05-21T16:15:00+00:00,100000.0
2026-05-21T16:30:00+00:00,100000.0
2026-05-21T16:45:00+00:00,100000.0
2026-05-21T17:00:00+00:00,100000.0
2026-05-21T17:15:00+00:00,100000.0
2026-05-21T17:30:00+00:00,100000.0
2026-05-21T17:45:00+00:00,100000.0
2026-05-21T18:00:00+00:00,100000.0
2026-05-21T18:15:00+00:00,100000.0
2026-05-21T18:30:00+00:00,100000.0
2026-05-21T18:45:00+00:00,100000.0
2026-05-21T19:00:00+00:00,100000.0
2026-05-21T19:10:00+00:00,100000.0
2026-05-22T14:00:00+00:00,100000.0
2026-05-22T14:15:00+00:00,100000.0
2026-05-22T14:30:00+00:00,100000.0
2026-05-22T14:45:00+00:00,100000.0
2026-05-22T15:00:00+00:00,100000.0
2026-05-22T15:15:00+00:00,100000.0
2026-05-22T15:30:00+00:00,100000.0
2026-05-22T15:45:00+00:00,100000.0
2026-05-22T16:00:00+00:00,100000.0
2026-05-22T16:15:00+00:00,100000.0
2026-05-22T16:30:00+00:00,100000.0
2026-05-22T16:45:00+00:00,100000.0
2026-05-22T17:00:00+00:00,100000.0
2026-05-22T17:15:00+00:00,100000.0
2026-05-22T17:30:00+00:00,100000.0
2026-05-22T17:45:00+00:00,100000.0
2026-05-22T18:00:00+00:00,100000.0
2026-05-22T18:15:00+00:00,100000.0
2026-05-22T18:30:00+00:00,100000.0
2026-05-22T18:45:00+00:00,100000.0
2026-05-22T19:00:00+00:00,100000.0
2026-05-22T19:10:00+00:00,100000.0
2026-05-26T14:00:00+00:00,100000.0
2026-05-26T14:15:00+00:00,100000.0
2026-05-26T14:30:00+00:00,100000.0
2026-05-26T14:45:00+00:00,100000.0
2026-05-26T15:00:00+00:00,100000.0
2026-05-26T15:15:00+00:00,100000.0
2026-05-26T15:30:00+00:00,100000.0
2026-05-26T15:45:00+00:00,100000.0
2026-05-26T16:00:00+00:00,100000.0
2026-05-26T16:15:00+00:00,100000.0
2026-05-26T16:30:00+00:00,100000.0
2026-05-26T16:45:00+00:00,100000.0
2026-05-26T17:00:00+00:00,100000.0
2026-05-26T17:15:00+00:00,100000.0
2026-05-26T17:30:00+00:00,100000.0
2026-05-26T17:45:00+00:00,100000.0
2026-05-26T18:00:00+00:00,100000.0
2026-05-26T18:15:00+00:00,100000.0
2026-05-26T18:30:00+00:00,100000.0
2026-05-26T18:45:00+00:00,100000.0
2026-05-26T19:00:00+00:00,100000.0
2026-05-26T19:10:00+00:00,100000.0
2026-05-27T14:00:00+00:00,100000.0
2026-05-27T14:15:00+00:00,100000.0
2026-05-27T14:30:00+00:00,100000.0
2026-05-27T14:45:00+00:00,100000.0
2026-05-27T15:00:00+00:00,100000.0
2026-05-27T15:15:00+00:00,100000.0
2026-05-27T15:30:00+00:00,100000.0
2026-05-27T15:45:00+00:00,100000.0
2026-05-27T16:00:00+00:00,100000.0
2026-05-27T16:15:00+00:00,100000.0
2026-05-27T16:30:00+00:00,100000.0
2026-05-27T16:45:00+00:00,100000.0
2026-05-27T17:00:00+00:00,100000.0
2026-05-27T17:15:00+00:00,100000.0
2026-05-27T17:30:00+00:00,100000.0
2026-05-27T17:45:00+00:00,100000.0
2026-05-27T18:00:00+00:00,100000.0
2026-05-27T18:15:00+00:00,100000.0
2026-05-27T18:30:00+00:00,100000.0
2026-05-27T18:45:00+00:00,100000.0
2026-05-27T19:00:00+00:00,100000.0
2026-05-27T19:10:00+00:00,100000.0
2026-05-28T14:00:00+00:00,100000.0
2026-05-28T14:15:00+00:00,100000.0
2026-05-28T14:30:00+00:00,100000.0
2026-05-28T14:45:00+00:00,100000.0
2026-05-28T15:00:00+00:00,100000.0
2026-05-28T15:15:00+00:00,100000.0
2026-05-28T15:30:00+00:00,100000.0
2026-05-28T15:45:00+00:00,100000.0
2026-05-28T16:00:00+00:00,100000.0
2026-05-28T16:15:00+00:00,100000.0
2026-05-28T16:30:00+00:00,100000.0
2026-05-28T16:45:00+00:00,100000.0
2026-05-28T17:00:00+00:00,100000.0
2026-05-28T17:15:00+00:00,100000.0
2026-05-28T17:30:00+00:00,100000.0
2026-05-28T17:45:00+00:00,100000.0
2026-05-28T18:00:00+00:00,100000.0
2026-05-28T18:15:00+00:00,100000.0
2026-05-28T18:30:00+00:00,100000.0
2026-05-28T18:45:00+00:00,100000.0
2026-05-28T19:00:00+00:00,100000.0
2026-05-28T19:10:00+00:00,100000.0
2026-05-29T14:00:00+00:00,100000.0
2026-05-29T14:15:00+00:00,100000.0
2026-05-29T14:30:00+00:00,100000.0
2026-05-29T14:45:00+00:00,100000.0
2026-05-29T15:00:00+00:00,100000.0
2026-05-29T15:15:00+00:00,100000.0
2026-05-29T15:30:00+00:00,100000.0
2026-05-29T15:45:00+00:00,100000.0
2026-05-29T16:00:00+00:00,100000.0
2026-05-29T16:15:00+00:00,100000.0
2026-05-29T16:30:00+00:00,100000.0
2026-05-29T16:45:00+00:00,100000.0
2026-05-29T17:00:00+00:00,100000.0
2026-05-29T17:15:00+00:00,100000.0
2026-05-29T17:30:00+00:00,100000.0
2026-05-29T17:45:00+00:00,100000.0
2026-05-29T18:00:00+00:00,100000.0
2026-05-29T18:15:00+00:00,100000.0
2026-05-29T18:30:00+00:00,100000.0
2026-05-29T18:45:00+00:00,100000.0
2026-05-29T19:00:00+00:00,100000.0
2026-05-29T19:10:00+00:00,100000.0
2026-06-01T14:00:00+00:00,100000.0
2026-06-01T14:15:00+00:00,100000.0
2026-06-01T14:30:00+00:00,100000.0
2026-06-01T14:45:00+00:00,100000.0
2026-06-01T15:00:00+00:00,100000.0
2026-06-01T15:15:00+00:00,100000.0
2026-06-01T15:30:00+00:00,100000.0
2026-06-01T15:45:00+00:00,100000.0
2026-06-01T16:00:00+00:00,100000.0
2026-06-01T16:15:00+00:00,100000.0
2026-06-01T16:30:00+00:00,100000.0
2026-06-01T16:45:00+00:00,100000.0
2026-06-01T17:00:00+00:00,100000.0
2026-06-01T17:15:00+00:00,100000.0
2026-06-01T17:30:00+00:00,100000.0
2026-06-01T17:45:00+00:00,100000.0
2026-06-01T18:00:00+00:00,100000.0
2026-06-01T18:15:00+00:00,100000.0
2026-06-01T18:30:00+00:00,100000.0
2026-06-01T18:45:00+00:00,100000.0
2026-06-01T19:00:00+00:00,100000.0
2026-06-01T19:10:00+00:00,100000.0
2026-06-02T14:00:00+00:00,100000.0
2026-06-02T14:15:00+00:00,100000.0
2026-06-02T14:30:00+00:00,100000.0
2026-06-02T14:45:00+00:00,100000.0
2026-06-02T15:00:00+00:00,100000.0
2026-06-02T15:15:00+00:00,100000.0
2026-06-02T15:30:00+00:00,100000.0
2026-06-02T15:45:00+00:00,100000.0
2026-06-02T16:00:00+00:00,100000.0
2026-06-02T16:15:00+00:00,100000.0
2026-06-02T16:30:00+00:00,100000.0
2026-06-02T16:45:00+00:00,100000.0
2026-06-02T17:00:00+00:00,100000.0
2026-06-02T17:15:00+00:00,100000.0
2026-06-02T17:30:00+00:00,100000.0
2026-06-02T17:45:00+00:00,100000.0
2026-06-02T18:00:00+00:00,100000.0
2026-06-02T18:15:00+00:00,100000.0
2026-06-02T18:30:00+00:00,100000.0
2026-06-02T18:45:00+00:00,100000.0
2026-06-02T19:00:00+00:00,100000.0
2026-06-02T19:10:00+00:00,100000.0
2026-06-03T14:00:00+00:00,100000.0
2026-06-03T14:15:00+00:00,100000.0
2026-06-03T14:30:00+00:00,100000.0
2026-06-03T14:45:00+00:00,100000.0
2026-06-03T15:00:00+00:00,100000.0
2026-06-03T15:15:00+00:00,100000.0
2026-06-03T15:30:00+00:00,100000.0
2026-06-03T15:45:00+00:00,100000.0
2026-06-03T16:00:00+00:00,100000.0
2026-06-03T16:15:00+00:00,100000.0
2026-06-03T16:30:00+00:00,100000.0
2026-06-03T16:45:00+00:00,100000.0
2026-06-03T17:00:00+00:00,100000.0
2026-06-03T17:15:00+00:00,100000.0
2026-06-03T17:30:00+00:00,100000.0
2026-06-03T17:45:00+00:00,100000.0
2026-06-03T18:00:00+00:00,100000.0
2026-06-03T18:15:00+00:00,100000.0
2026-06-03T18:30:00+00:00,100000.0
2026-06-03T18:45:00+00:00,100000.0
2026-06-03T19:00:00+00:00,100000.0
2026-06-03T19:10:00+00:00,100000.0
2026-06-04T14:00:00+00:00,100000.0
2026-06-04T14:15:00+00:00,100000.0
2026-06-04T14:30:00+00:00,100000.0
2026-06-04T14:45:00+00:00,100000.0
2026-06-04T15:00:00+00:00,100000.0
2026-06-04T15:15:00+00:00,100000.0
2026-06-04T15:30:00+00:00,100000.0
2026-06-04T15:45:00+00:00,100000.0
2026-06-04T16:00:00+00:00,100000.0
2026-06-04T16:15:00+00:00,100000.0
2026-06-04T16:30:00+00:00,100000.0
2026-06-04T16:45:00+00:00,100000.0
2026-06-04T17:00:00+00:00,100000.0
2026-06-04T17:15:00+00:00,100000.0
2026-06-04T17:30:00+00:00,100000.0
2026-06-04T17:45:00+00:00,100000.0
2026-06-04T18:00:00+00:00,100000.0
2026-06-04T18:15:00+00:00,100000.0
2026-06-04T18:30:00+00:00,100000.0
2026-06-04T18:45:00+00:00,100000.0
2026-06-04T19:00:00+00:00,100000.0
2026-06-04T19:10:00+00:00,100000.0
2026-06-05T14:00:00+00:00,100000.0
2026-06-05T14:15:00+00:00,100000.0
2026-06-05T14:30:00+00:00,100000.0
2026-06-05T14:45:00+00:00,100000.0
2026-06-05T15:00:00+00:00,100000.0
2026-06-05T15:15:00+00:00,100000.0
2026-06-05T15:30:00+00:00,100000.0
2026-06-05T15:45:00+00:00,100000.0
2026-06-05T16:00:00+00:00,100000.0
2026-06-05T16:15:00+00:00,100000.0
2026-06-05T16:30:00+00:00,100000.0
2026-06-05T16:45:00+00:00,100000.0
2026-06-05T17:00:00+00:00,100000.0
2026-06-05T17:15:00+00:00,100000.0
2026-06-05T17:30:00+00:00,100000.0
2026-06-05T17:45:00+00:00,100000.0
2026-06-05T18:00:00+00:00,100000.0
2026-06-05T18:15:00+00:00,100000.0
2026-06-05T18:30:00+00:00,100000.0
2026-06-05T18:45:00+00:00,100000.0
2026-06-05T19:00:00+00:00,100000.0
2026-06-05T19:10:00+00:00,100000.0
2026-06-08T14:00:00+00:00,100000.0
2026-06-08T14:15:00+00:00,100000.0
2026-06-08T14:30:00+00:00,100000.0
2026-06-08T14:45:00+00:00,100000.0
2026-06-08T15:00:00+00:00,100000.0
2026-06-08T15:15:00+00:00,100000.0
2026-06-08T15:30:00+00:00,100000.0
2026-06-08T15:45:00+00:00,100000.0
2026-06-08T16:00:00+00:00,100000.0
2026-06-08T16:15:00+00:00,100000.0
2026-06-08T16:30:00+00:00,100000.0
2026-06-08T16:45:00+00:00,100000.0
2026-06-08T17:00:00+00:00,100000.0
2026-06-08T17:15:00+00:00,100000.0
2026-06-08T17:30:00+00:00,100000.0
2026-06-08T17:45:00+00:00,100000.0
2026-06-08T18:00:00+00:00,100000.0
2026-06-08T18:15:00+00:00,100000.0
2026-06-08T18:30:00+00:00,100000.0
2026-06-08T18:45:00+00:00,100000.0
2026-06-08T19:00:00+00:00,100000.0
2026-06-08T19:10:00+00:00,100000.0
2026-06-09T14:00:00+00:00,100000.0
2026-06-09T14:15:00+00:00,100000.0
2026-06-09T14:30:00+00:00,100000.0
2026-06-09T14:45:00+00:00,100000.0
2026-06-09T15:00:00+00:00,100000.0
2026-06-09T15:15:00+00:00,100000.0
2026-06-09T15:30:00+00:00,100000.0
2026-06-09T15:45:00+00:00,100000.0
2026-06-09T16:00:00+00:00,100000.0
2026-06-09T16:15:00+00:00,100000.0
2026-06-09T16:30:00+00:00,100000.0
2026-06-09T16:45:00+00:00,100000.0
2026-06-09T17:00:00+00:00,100000.0
2026-06-09T17:15:00+00:00,100000.0
2026-06-09T17:30:00+00:00,100000.0
2026-06-09T17:45:00+00:00,100000.0
2026-06-09T18:00:00+00:00,100000.0
2026-06-09T18:15:00+00:00,100000.0
2026-06-09T18:30:00+00:00,100000.0
2026-06-09T18:45:00+00:00,100000.0
2026-06-09T19:00:00+00:00,100000.0
2026-06-09T19:10:00+00:00,100000.0
2026-06-10T14:00:00+00:00,100000.0
2026-06-10T14:15:00+00:00,100000.0
2026-06-10T14:30:00+00:00,100000.0
2026-06-10T14:45:00+00:00,100000.0
2026-06-10T15:00:00+00:00,100000.0
2026-06-10T15:15:00+00:00,100000.0
2026-06-10T15:30:00+00:00,100000.0
2026-06-10T15:45:00+00:00,100000.0
2026-06-10T16:00:00+00:00,100000.0
2026-06-10T16:15:00+00:00,100000.0
2026-06-10T16:30:00+00:00,100000.0
2026-06-10T16:45:00+00:00,100000.0
2026-06-10T17:00:00+00:00,100000.0
2026-06-10T17:15:00+00:00,100000.0
2026-06-10T17:30:00+00:00,100000.0
2026-06-10T17:45:00+00:00,100000.0
2026-06-10T18:00:00+00:00,100000.0
2026-06-10T18:15:00+00:00,100000.0
2026-06-10T18:30:00+00:00,100000.0
2026-06-10T18:45:00+00:00,100000.0
2026-06-10T19:00:00+00:00,100000.0
2026-06-10T19:10:00+00:00,100000.0
2026-06-11T14:00:00+00:00,100000.0
2026-06-11T14:15:00+00:00,100000.0
2026-06-11T14:30:00+00:00,100000.0
2026-06-11T14:45:00+00:00,100000.0
2026-06-11T15:00:00+00:00,100000.0
2026-06-11T15:15:00+00:00,100000.0
2026-06-11T15:30:00+00:00,100000.0
2026-06-11T15:45:00+00:00,100000.0
2026-06-11T16:00:00+00:00,100000.0
2026-06-11T16:15:00+00:00,100000.0
2026-06-11T16:30:00+00:00,100000.0
2026-06-11T16:45:00+00:00,100000.0
2026-06-11T17:00:00+00:00,100000.0
2026-06-11T17:15:00+00:00,100000.0
2026-06-11T17:30:00+00:00,100000.0
2026-06-11T17:45:00+00:00,100000.0
2026-06-11T18:00:00+00:00,100000.0
2026-06-11T18:15:00+00:00,100000.0
2026-06-11T18:30:00+00:00,100000.0
2026-06-11T18:45:00+00:00,100000.0
2026-06-11T19:00:00+00:00,100000.0
2026-06-11T19:10:00+00:00,100000.0
2026-06-12T14:00:00+00:00,100000.0
2026-06-12T14:15:00+00:00,100000.0
2026-06-12T14:30:00+00:00,100000.0
2026-06-12T14:45:00+00:00,100000.0
2026-06-12T15:00:00+00:00,100000.0
2026-06-12T15:15:00+00:00,100000.0
2026-06-12T15:30:00+00:00,100000.0
2026-06-12T15:45:00+00:00,100000.0
2026-06-12T16:00:00+00:00,100000.0
2026-06-12T16:15:00+00:00,100000.0
2026-06-12T16:30:00+00:00,100000.0
2026-06-12T16:45:00+00:00,100000.0
2026-06-12T17:00:00+00:00,100000.0
2026-06-12T17:15:00+00:00,100000.0
2026-06-12T17:30:00+00:00,100000.0
2026-06-12T17:45:00+00:00,100000.0
2026-06-12T18:00:00+00:00,100000.0
2026-06-12T18:15:00+00:00,100000.0
2026-06-12T18:30:00+00:00,100000.0
2026-06-12T18:45:00+00:00,100000.0
2026-06-12T19:00:00+00:00,100000.0
2026-06-12T19:10:00+00:00,100000.0
2026-06-15T14:00:00+00:00,100000.0
2026-06-15T14:15:00+00:00,100000.0
2026-06-15T14:30:00+00:00,100000.0
2026-06-15T14:45:00+00:00,100000.0
2026-06-15T15:00:00+00:00,100000.0
2026-06-15T15:15:00+00:00,100000.0
2026-06-15T15:30:00+00:00,100000.0
2026-06-15T15:45:00+00:00,100000.0
2026-06-15T16:00:00+00:00,100000.0
2026-06-15T16:15:00+00:00,100000.0
2026-06-15T16:30:00+00:00,100000.0
2026-06-15T16:45:00+00:00,100000.0
2026-06-15T17:00:00+00:00,100000.0
2026-06-15T17:15:00+00:00,100000.0
2026-06-15T17:30:00+00:00,100000.0
2026-06-15T17:45:00+00:00,100000.0
2026-06-15T18:00:00+00:00,100000.0
2026-06-15T18:15:00+00:00,100000.0
2026-06-15T18:30:00+00:00,100000.0
2026-06-15T18:45:00+00:00,100000.0
2026-06-15T19:00:00+00:00,100000.0
2026-06-15T19:10:00+00:00,100000.0
2026-06-16T14:00:00+00:00,100000.0
2026-06-16T14:15:00+00:00,100000.0
2026-06-16T14:30:00+00:00,100000.0
2026-06-16T14:45:00+00:00,100000.0
2026-06-16T15:00:00+00:00,100000.0
2026-06-16T15:15:00+00:00,100000.0
2026-06-16T15:30:00+00:00,100000.0
2026-06-16T15:45:00+00:00,100000.0
2026-06-16T16:00:00+00:00,100000.0
2026-06-16T16:15:00+00:00,100000.0
2026-06-16T16:30:00+00:00,100000.0
2026-06-16T16:45:00+00:00,100000.0
2026-06-16T17:00:00+00:00,100000.0
2026-06-16T17:15:00+00:00,100000.0
2026-06-16T17:30:00+00:00,100000.0
2026-06-16T17:45:00+00:00,100000.0
2026-06-16T18:00:00+00:00,100000.0
2026-06-16T18:15:00+00:00,100000.0
2026-06-16T18:30:00+00:00,100000.0
2026-06-16T18:45:00+00:00,100000.0
2026-06-16T19:00:00+00:00,100000.0
2026-06-16T19:10:00+00:00,100000.0
2026-06-17T14:00:00+00:00,100000.0
2026-06-17T14:15:00+00:00,100000.0
2026-06-17T14:30:00+00:00,100000.0
2026-06-17T14:45:00+00:00,100000.0
2026-06-17T15:00:00+00:00,100000.0
2026-06-17T15:15:00+00:00,100000.0
2026-06-17T15:30:00+00:00,100000.0
2026-06-17T15:45:00+00:00,100000.0
2026-06-17T16:00:00+00:00,100000.0
2026-06-17T16:15:00+00:00,100000.0
2026-06-17T16:30:00+00:00,100000.0
2026-06-17T16:45:00+00:00,100000.0
2026-06-17T17:00:00+00:00,100000.0
2026-06-17T17:15:00+00:00,100000.0
2026-06-17T17:30:00+00:00,100000.0
2026-06-17T17:45:00+00:00,100000.0
2026-06-17T18:00:00+00:00,100000.0
2026-06-17T18:15:00+00:00,100000.0
2026-06-17T18:30:00+00:00,100000.0
2026-06-17T18:45:00+00:00,100000.0
2026-06-17T19:00:00+00:00,100000.0
2026-06-17T19:10:00+00:00,100000.0
2026-06-18T14:00:00+00:00,100000.0
2026-06-18T14:15:00+00:00,100000.0
2026-06-18T14:30:00+00:00,100000.0
2026-06-18T14:45:00+00:00,100000.0
2026-06-18T15:00:00+00:00,100000.0
2026-06-18T15:15:00+00:00,100000.0
2026-06-18T15:30:00+00:00,100000.0
2026-06-18T15:45:00+00:00,100000.0
2026-06-18T16:00:00+00:00,100000.0
2026-06-18T16:15:00+00:00,100000.0
2026-06-18T16:30:00+00:00,100000.0
2026-06-18T16:45:00+00:00,100000.0
2026-06-18T17:00:00+00:00,100000.0
2026-06-18T17:15:00+00:00,100000.0
2026-06-18T17:30:00+00:00,100000.0
2026-06-18T17:45:00+00:00,100000.0
2026-06-18T18:00:00+00:00,100000.0
2026-06-18T18:15:00+00:00,100000.0
2026-06-18T18:30:00+00:00,100000.0
2026-06-18T18:45:00+00:00,100000.0
2026-06-18T19:00:00+00:00,100000.0
2026-06-18T19:10:00+00:00,100000.0
2026-06-22T14:00:00+00:00,100000.0
2026-06-22T14:15:00+00:00,100000.0
2026-06-22T14:30:00+00:00,100000.0
2026-06-22T14:45:00+00:00,100000.0
2026-06-22T15:00:00+00:00,100000.0
2026-06-22T15:15:00+00:00,100000.0
2026-06-22T15:30:00+00:00,100000.0
2026-06-22T15:45:00+00:00,100000.0
2026-06-22T16:00:00+00:00,100000.0
2026-06-22T16:15:00+00:00,100000.0
2026-06-22T16:30:00+00:00,100000.0
2026-06-22T16:45:00+00:00,100000.0
2026-06-22T17:00:00+00:00,100000.0
2026-06-22T17:15:00+00:00,100000.0
2026-06-22T17:30:00+00:00,100000.0
2026-06-22T17:45:00+00:00,100000.0
2026-06-22T18:00:00+00:00,100000.0
2026-06-22T18:15:00+00:00,100000.0
2026-06-22T18:30:00+00:00,100000.0
2026-06-22T18:45:00+00:00,100000.0
2026-06-22T19:00:00+00:00,100000.0
2026-06-22T19:10:00+00:00,100000.0
2026-06-23T14:00:00+00:00,100000.0
2026-06-23T14:15:00+00:00,100000.0
2026-06-23T14:30:00+00:00,100000.0
2026-06-23T14:45:00+00:00,100000.0
2026-06-23T15:00:00+00:00,100000.0
2026-06-23T15:15:00+00:00,100000.0
2026-06-23T15:30:00+00:00,100000.0
2026-06-23T15:45:00+00:00,100000.0
2026-06-23T16:00:00+00:00,100000.0
2026-06-23T16:15:00+00:00,100000.0
2026-06-23T16:30:00+00:00,100000.0
2026-06-23T16:45:00+00:00,100000.0
2026-06-23T17:00:00+00:00,100000.0
2026-06-23T17:15:00+00:00,100000.0
2026-06-23T17:30:00+00:00,100000.0
2026-06-23T17:45:00+00:00,100000.0
2026-06-23T18:00:00+00:00,100000.0
2026-06-23T18:15:00+00:00,100000.0
2026-06-23T18:30:00+00:00,100000.0
2026-06-23T18:45:00+00:00,100000.0
2026-06-23T19:00:00+00:00,100000.0
2026-06-23T19:10:00+00:00,100000.0
2026-06-24T14:00:00+00:00,100000.0
2026-06-24T14:15:00+00:00,100000.0
2026-06-24T14:30:00+00:00,100000.0
2026-06-24T14:45:00+00:00,100000.0
2026-06-24T15:00:00+00:00,100000.0
2026-06-24T15:15:00+00:00,100000.0
2026-06-24T15:30:00+00:00,100000.0
2026-06-24T15:45:00+00:00,100000.0
2026-06-24T16:00:00+00:00,100000.0
2026-06-24T16:15:00+00:00,100000.0
2026-06-24T16:30:00+00:00,100000.0
2026-06-24T16:45:00+00:00,100000.0
2026-06-24T17:00:00+00:00,100000.0
2026-06-24T17:15:00+00:00,100000.0
2026-06-24T17:30:00+00:00,100000.0
2026-06-24T17:45:00+00:00,100000.0
2026-06-24T18:00:00+00:00,100000.0
2026-06-24T18:15:00+00:00,100000.0
2026-06-24T18:30:00+00:00,100000.0
2026-06-24T18:45:00+00:00,100000.0
2026-06-24T19:00:00+00:00,100000.0
2026-06-24T19:10:00+00:00,100000.0
2026-06-25T14:00:00+00:00,100000.0
2026-06-25T14:15:00+00:00,100000.0
2026-06-25T14:30:00+00:00,100000.0
2026-06-25T14:45:00+00:00,100000.0
2026-06-25T15:00:00+00:00,100000.0
2026-06-25T15:15:00+00:00,100000.0
2026-06-25T15:30:00+00:00,100000.0
2026-06-25T15:45:00+00:00,100000.0
2026-06-25T16:00:00+00:00,100000.0
2026-06-25T16:15:00+00:00,100000.0
2026-06-25T16:30:00+00:00,100000.0
2026-06-25T16:45:00+00:00,100000.0
2026-06-25T17:00:00+00:00,100000.0
2026-06-25T17:15:00+00:00,100000.0
2026-06-25T17:30:00+00:00,100000.0
2026-06-25T17:45:00+00:00,100000.0
2026-06-25T18:00:00+00:00,100000.0
2026-06-25T18:15:00+00:00,100000.0
2026-06-25T18:30:00+00:00,100000.0
2026-06-25T18:45:00+00:00,100000.0
2026-06-25T19:00:00+00:00,100000.0
2026-06-25T19:10:00+00:00,100000.0
2026-06-26T14:00:00+00:00,100000.0
2026-06-26T14:15:00+00:00,100000.0
2026-06-26T14:30:00+00:00,100000.0
2026-06-26T14:45:00+00:00,100000.0
2026-06-26T15:00:00+00:00,100000.0
2026-06-26T15:15:00+00:00,100000.0
2026-06-26T15:30:00+00:00,100000.0
2026-06-26T15:45:00+00:00,100000.0
2026-06-26T16:00:00+00:00,100000.0
2026-06-26T16:15:00+00:00,100000.0
2026-06-26T16:30:00+00:00,100000.0
2026-06-26T16:45:00+00:00,100000.0
2026-06-26T17:00:00+00:00,100000.0
2026-06-26T17:15:00+00:00,100000.0
2026-06-26T17:30:00+00:00,100000.0
2026-06-26T17:45:00+00:00,100000.0
2026-06-26T18:00:00+00:00,100000.0
2026-06-26T18:15:00+00:00,100000.0
2026-06-26T18:30:00+00:00,100000.0
2026-06-26T18:45:00+00:00,100000.0
2026-06-26T19:00:00+00:00,100000.0
2026-06-26T19:10:00+00:00,100000.0
2026-06-29T14:00:00+00:00,100000.0
2026-06-29T14:15:00+00:00,100000.0
2026-06-29T14:30:00+00:00,100000.0
2026-06-29T14:45:00+00:00,100000.0
2026-06-29T15:00:00+00:00,100000.0
2026-06-29T15:15:00+00:00,100000.0
2026-06-29T15:30:00+00:00,100000.0
2026-06-29T15:45:00+00:00,100000.0
2026-06-29T16:00:00+00:00,100000.0
2026-06-29T16:15:00+00:00,100000.0
2026-06-29T16:30:00+00:00,100000.0
2026-06-29T16:45:00+00:00,100000.0
2026-06-29T17:00:00+00:00,100000.0
2026-06-29T17:15:00+00:00,100000.0
2026-06-29T17:30:00+00:00,100000.0
2026-06-29T17:45:00+00:00,100000.0
2026-06-29T18:00:00+00:00,100000.0
2026-06-29T18:15:00+00:00,100000.0
2026-06-29T18:30:00+00:00,100000.0
2026-06-29T18:45:00+00:00,100000.0
2026-06-29T19:00:00+00:00,100000.0
2026-06-29T19:10:00+00:00,100000.0
2026-06-30T14:00:00+00:00,100000.0
2026-06-30T14:15:00+00:00,100000.0
2026-06-30T14:30:00+00:00,100000.0
2026-06-30T14:45:00+00:00,100000.0
2026-06-30T15:00:00+00:00,100000.0
2026-06-30T15:15:00+00:00,100000.0
2026-06-30T15:30:00+00:00,100000.0
2026-06-30T15:45:00+00:00,100000.0
2026-06-30T16:00:00+00:00,100000.0
2026-06-30T16:15:00+00:00,100000.0
2026-06-30T16:30:00+00:00,100000.0
2026-06-30T16:45:00+00:00,100000.0
2026-06-30T17:00:00+00:00,100000.0
2026-06-30T17:15:00+00:00,100000.0
2026-06-30T17:30:00+00:00,100000.0
2026-06-30T17:45:00+00:00,100000.0
2026-06-30T18:00:00+00:00,100000.0
2026-06-30T18:15:00+00:00,100000.0
2026-06-30T18:30:00+00:00,100000.0
2026-06-30T18:45:00+00:00,100000.0
2026-06-30T19:00:00+00:00,100000.0
2026-06-30T19:10:00+00:00,100000.0
2026-07-01T14:00:00+00:00,100000.0
2026-07-01T14:15:00+00:00,100000.0
2026-07-01T14:30:00+00:00,100000.0
2026-07-01T14:45:00+00:00,100000.0
2026-07-01T15:00:00+00:00,100000.0
2026-07-01T15:15:00+00:00,100000.0
2026-07-01T15:30:00+00:00,100000.0
2026-07-01T15:45:00+00:00,100000.0
2026-07-01T16:00:00+00:00,100000.0
2026-07-01T16:15:00+00:00,100000.0
2026-07-01T16:30:00+00:00,100000.0
2026-07-01T16:45:00+00:00,100000.0
2026-07-01T17:00:00+00:00,100000.0
2026-07-01T17:15:00+00:00,100000.0
2026-07-01T17:30:00+00:00,100000.0
2026-07-01T17:45:00+00:00,100000.0
2026-07-01T18:00:00+00:00,100000.0
2026-07-01T18:15:00+00:00,100000.0
2026-07-01T18:30:00+00:00,100000.0
2026-07-01T18:45:00+00:00,100000.0
2026-07-01T19:00:00+00:00,100000.0
2026-07-01T19:10:00+00:00,100000.0
2026-07-02T14:00:00+00:00,100000.0
2026-07-02T14:15:00+00:00,100000.0
2026-07-02T14:30:00+00:00,100000.0
2026-07-02T14:45:00+00:00,100000.0
2026-07-02T15:00:00+00:00,100000.0
2026-07-02T15:15:00+00:00,100000.0
2026-07-02T15:30:00+00:00,100000.0
2026-07-02T15:45:00+00:00,100000.0
2026-07-02T16:00:00+00:00,100000.0
2026-07-02T16:15:00+00:00,100000.0
2026-07-02T16:30:00+00:00,100000.0
2026-07-02T16:45:00+00:00,100000.0
2026-07-02T17:00:00+00:00,100000.0
2026-07-02T17:15:00+00:00,100000.0
2026-07-02T17:30:00+00:00,100000.0
2026-07-02T17:45:00+00:00,100000.0
2026-07-02T18:00:00+00:00,100000.0
2026-07-02T18:15:00+00:00,100000.0
2026-07-02T18:30:00+00:00,100000.0
2026-07-02T18:45:00+00:00,100000.0
2026-07-02T19:00:00+00:00,100000.0
2026-07-02T19:10:00+00:00,100000.0
2026-07-06T14:00:00+00:00,100000.0
2026-07-06T14:15:00+00:00,100000.0
2026-07-06T14:30:00+00:00,100000.0
2026-07-06T14:45:00+00:00,100000.0
2026-07-06T15:00:00+00:00,100000.0
2026-07-06T15:15:00+00:00,100000.0
2026-07-06T15:30:00+00:00,100000.0
2026-07-06T15:45:00+00:00,100000.0
2026-07-06T16:00:00+00:00,100000.0
2026-07-06T16:15:00+00:00,100000.0
2026-07-06T16:30:00+00:00,100000.0
2026-07-06T16:45:00+00:00,100000.0
2026-07-06T17:00:00+00:00,100000.0
2026-07-06T17:15:00+00:00,100000.0
2026-07-06T17:30:00+00:00,100000.0
2026-07-06T17:45:00+00:00,100000.0
2026-07-06T18:00:00+00:00,100000.0
2026-07-06T18:15:00+00:00,100000.0
2026-07-06T18:30:00+00:00,100000.0
2026-07-06T18:45:00+00:00,100000.0
2026-07-06T19:00:00+00:00,100000.0
2026-07-06T19:10:00+00:00,100000.0
2026-07-07T14:00:00+00:00,100000.0
2026-07-07T14:15:00+00:00,100000.0
2026-07-07T14:30:00+00:00,100000.0
2026-07-07T14:45:00+00:00,100000.0
2026-07-07T15:00:00+00:00,100000.0
2026-07-07T15:15:00+00:00,100000.0
2026-07-07T15:30:00+00:00,100000.0
2026-07-07T15:45:00+00:00,100000.0
2026-07-07T16:00:00+00:00,100000.0
2026-07-07T16:15:00+00:00,100000.0
2026-07-07T16:30:00+00:00,100000.0
2026-07-07T16:45:00+00:00,100000.0
2026-07-07T17:00:00+00:00,100000.0
2026-07-07T17:15:00+00:00,100000.0
2026-07-07T17:30:00+00:00,100000.0
2026-07-07T17:45:00+00:00,100000.0
2026-07-07T18:00:00+00:00,100000.0
2026-07-07T18:15:00+00:00,100000.0
2026-07-07T18:30:00+00:00,100000.0
2026-07-07T18:45:00+00:00,100000.0
2026-07-07T19:00:00+00:00,100000.0
2026-07-07T19:10:00+00:00,100000.0
2026-07-08T14:00:00+00:00,100000.0
2026-07-08T14:15:00+00:00,100000.0
2026-07-08T14:30:00+00:00,100000.0
2026-07-08T14:45:00+00:00,100000.0
2026-07-08T15:00:00+00:00,100000.0
2026-07-08T15:15:00+00:00,100000.0
2026-07-08T15:30:00+00:00,100000.0
2026-07-08T15:45:00+00:00,100000.0
2026-07-08T16:00:00+00:00,100000.0
2026-07-08T16:15:00+00:00,100000.0
2026-07-08T16:30:00+00:00,100000.0
2026-07-08T16:45:00+00:00,100000.0
2026-07-08T17:00:00+00:00,100000.0
2026-07-08T17:15:00+00:00,100000.0
2026-07-08T17:30:00+00:00,100000.0
2026-07-08T17:45:00+00:00,100000.0
2026-07-08T18:00:00+00:00,100000.0
2026-07-08T18:15:00+00:00,100000.0
2026-07-08T18:30:00+00:00,100000.0
2026-07-08T18:45:00+00:00,100000.0
2026-07-08T19:00:00+00:00,100000.0
2026-07-08T19:10:00+00:00,100000.0
2026-07-09T14:00:00+00:00,100000.0
2026-07-09T14:15:00+00:00,100000.0
2026-07-09T14:30:00+00:00,100000.0
2026-07-09T14:45:00+00:00,100000.0
2026-07-09T15:00:00+00:00,100000.0
2026-07-09T15:15:00+00:00,100000.0
2026-07-09T15:30:00+00:00,100000.0
2026-07-09T15:45:00+00:00,100000.0
2026-07-09T16:00:00+00:00,100000.0
2026-07-09T16:15:00+00:00,100000.0
2026-07-09T16:30:00+00:00,100000.0
2026-07-09T16:45:00+00:00,100000.0
2026-07-09T17:00:00+00:00,100000.0
2026-07-09T17:15:00+00:00,100000.0
2026-07-09T17:30:00+00:00,100000.0
2026-07-09T17:45:00+00:00,100000.0
2026-07-09T18:00:00+00:00,100000.0
2026-07-09T18:15:00+00:00,100000.0
2026-07-09T18:30:00+00:00,100000.0
2026-07-09T18:45:00+00:00,100000.0
2026-07-09T19:00:00+00:00,100000.0
2026-07-09T19:10:00+00:00,100000.0
2026-07-10T14:00:00+00:00,100000.0
2026-07-10T14:15:00+00:00,100000.0
2026-07-10T14:30:00+00:00,100000.0
2026-07-10T14:45:00+00:00,100000.0
2026-07-10T15:00:00+00:00,100000.0
2026-07-10T15:15:00+00:00,100000.0
2026-07-10T15:30:00+00:00,100000.0
2026-07-10T15:45:00+00:00,100000.0
2026-07-10T16:00:00+00:00,100000.0
2026-07-10T16:15:00+00:00,100000.0
2026-07-10T16:30:00+00:00,100000.0
2026-07-10T16:45:00+00:00,100000.0
2026-07-10T17:00:00+00:00,100000.0
2026-07-10T17:15:00+00:00,100000.0
2026-07-10T17:30:00+00:00,100000.0
2026-07-10T17:45:00+00:00,100000.0
2026-07-10T18:00:00+00:00,100000.0
2026-07-10T18:15:00+00:00,100000.0
2026-07-10T18:30:00+00:00,100000.0
2026-07-10T18:45:00+00:00,100000.0
2026-07-10T19:00:00+00:00,100000.0
2026-07-10T19:10:00+00:00,100000.0
2026-07-13T14:00:00+00:00,100000.0
2026-07-13T14:15:00+00:00,100000.0
2026-07-13T14:30:00+00:00,100000.0
2026-07-13T14:45:00+00:00,100000.0
2026-07-13T15:00:00+00:00,100000.0
2026-07-13T15:15:00+00:00,100000.0
2026-07-13T15:30:00+00:00,100000.0
2026-07-13T15:45:00+00:00,100000.0
2026-07-13T16:00:00+00:00,100000.0
2026-07-13T16:15:00+00:00,100000.0
2026-07-13T16:30:00+00:00,100000.0
2026-07-13T16:45:00+00:00,100000.0
2026-07-13T17:00:00+00:00,100000.0
2026-07-13T17:15:00+00:00,100000.0
2026-07-13T17:30:00+00:00,100000.0
2026-07-13T17:45:00+00:00,100000.0
2026-07-13T18:00:00+00:00,100000.0
2026-07-13T18:15:00+00:00,100000.0
2026-07-13T18:30:00+00:00,100000.0
2026-07-13T18:45:00+00:00,100000.0
2026-07-13T19:00:00+00:00,100000.0
2026-07-13T19:10:00+00:00,100000.0
2026-07-14T14:00:00+00:00,100000.0
2026-07-14T14:15:00+00:00,100000.0
2026-07-14T14:30:00+00:00,100000.0
2026-07-14T14:45:00+00:00,100000.0
2026-07-14T15:00:00+00:00,100000.0
2026-07-14T15:15:00+00:00,100000.0
2026-07-14T15:30:00+00:00,100000.0
2026-07-14T15:45:00+00:00,100000.0
2026-07-14T16:00:00+00:00,100000.0
2026-07-14T16:15:00+00:00,100000.0
2026-07-14T16:30:00+00:00,100000.0
2026-07-14T16:45:00+00:00,100000.0
2026-07-14T17:00:00+00:00,100000.0
2026-07-14T17:15:00+00:00,100000.0
2026-07-14T17:30:00+00:00,100000.0
2026-07-14T17:45:00+00:00,100000.0
2026-07-14T18:00:00+00:00,100000.0
2026-07-14T18:15:00+00:00,100000.0
2026-07-14T18:30:00+00:00,100000.0
2026-07-14T18:45:00+00:00,100000.0
2026-07-14T19:00:00+00:00,100000.0
2026-07-14T19:10:00+00:00,100000.0
2026-07-15T14:00:00+00:00,100000.0
2026-07-15T14:15:00+00:00,100000.0
2026-07-15T14:30:00+00:00,100000.0
2026-07-15T14:45:00+00:00,100000.0
2026-07-15T15:00:00+00:00,100000.0
2026-07-15T15:15:00+00:00,100000.0
2026-07-15T15:30:00+00:00,100000.0
2026-07-15T15:45:00+00:00,100000.0
2026-07-15T16:00:00+00:00,100000.0
2026-07-15T16:15:00+00:00,100000.0
2026-07-15T16:30:00+00:00,100000.0
2026-07-15T16:45:00+00:00,100000.0
2026-07-15T17:00:00+00:00,100000.0
2026-07-15T17:15:00+00:00,100000.0
2026-07-15T17:30:00+00:00,100000.0
2026-07-15T17:45:00+00:00,100000.0
2026-07-15T18:00:00+00:00,100000.0
2026-07-15T18:15:00+00:00,100000.0
2026-07-15T18:30:00+00:00,100000.0
2026-07-15T18:45:00+00:00,100000.0
2026-07-15T19:00:00+00:00,100000.0
2026-07-15T19:10:00+00:00,100000.0
2026-07-16T14:00:00+00:00,100000.0
2026-07-16T14:15:00+00:00,100000.0
2026-07-16T14:30:00+00:00,100000.0
2026-07-16T14:45:00+00:00,100000.0
2026-07-16T15:00:00+00:00,100000.0
2026-07-16T15:15:00+00:00,100000.0
2026-07-16T15:30:00+00:00,100000.0
2026-07-16T15:45:00+00:00,100000.0
2026-07-16T16:00:00+00:00,100000.0
2026-07-16T16:15:00+00:00,100000.0
2026-07-16T16:30:00+00:00,100000.0
2026-07-16T16:45:00+00:00,100000.0
2026-07-16T17:00:00+00:00,100000.0
2026-07-16T17:15:00+00:00,100000.0
2026-07-16T17:30:00+00:00,100000.0
2026-07-16T17:45:00+00:00,100000.0
2026-07-16T18:00:00+00:00,100000.0
2026-07-16T18:15:00+00:00,100000.0
2026-07-16T18:30:00+00:00,100000.0
2026-07-16T18:45:00+00:00,100000.0
2026-07-16T19:00:00+00:00,100000.0
2026-07-16T19:10:00+00:00,100000.0
2026-07-17T14:00:00+00:00,100000.0
2026-07-17T14:15:00+00:00,100000.0
2026-07-17T14:30:00+00:00,100000.0
2026-07-17T14:45:00+00:00,100000.0
2026-07-17T15:00:00+00:00,100000.0
2026-07-17T15:15:00+00:00,100000.0
2026-07-17T15:30:00+00:00,100000.0
2026-07-17T15:45:00+00:00,100000.0
2026-07-17T16:00:00+00:00,100000.0
2026-07-17T16:15:00+00:00,100000.0
2026-07-17T16:30:00+00:00,100000.0
2026-07-17T16:45:00+00:00,100000.0
2026-07-17T17:00:00+00:00,100000.0
2026-07-17T17:15:00+00:00,100000.0
2026-07-17T17:30:00+00:00,100000.0
2026-07-17T17:45:00+00:00,100000.0
2026-07-17T18:00:00+00:00,100000.0
2026-07-17T18:15:00+00:00,100000.0
2026-07-17T18:30:00+00:00,100000.0
2026-07-17T18:45:00+00:00,100000.0
2026-07-17T19:00:00+00:00,100000.0
2026-07-17T19:10:00+00:00,100000.0
2026-07-20T14:00:00+00:00,100000.0
2026-07-20T14:15:00+00:00,100000.0
2026-07-20T14:30:00+00:00,100000.0
2026-07-20T14:45:00+00:00,100000.0
2026-07-20T15:00:00+00:00,100000.0
2026-07-20T15:15:00+00:00,100000.0
2026-07-20T15:30:00+00:00,100000.0
2026-07-20T15:45:00+00:00,100000.0
2026-07-20T16:00:00+00:00,100000.0
2026-07-20T16:15:00+00:00,100000.0
2026-07-20T16:30:00+00:00,100000.0
2026-07-20T16:45:00+00:00,100000.0
2026-07-20T17:00:00+00:00,100000.0
2026-07-20T17:15:00+00:00,100000.0
2026-07-20T17:30:00+00:00,100000.0
2026-07-20T17:45:00+00:00,100000.0
2026-07-20T18:00:00+00:00,100000.0
2026-07-20T18:15:00+00:00,100000.0
2026-07-20T18:30:00+00:00,100000.0
2026-07-20T18:45:00+00:00,100000.0
2026-07-20T19:00:00+00:00,100000.0
2026-07-20T19:10:00+00:00,100000.0
2026-07-21T14:00:00+00:00,100000.0
2026-07-21T14:15:00+00:00,100000.0
2026-07-21T14:30:00+00:00,100000.0
2026-07-21T14:45:00+00:00,100000.0
2026-07-21T15:00:00+00:00,100000.0
2026-07-21T15:15:00+00:00,100000.0
2026-07-21T15:30:00+00:00,100000.0
2026-07-21T15:45:00+00:00,100000.0
2026-07-21T16:00:00+00:00,100000.0
2026-07-21T16:15:00+00:00,100000.0
2026-07-21T16:30:00+00:00,100000.0
2026-07-21T16:45:00+00:00,100000.0
2026-07-21T17:00:00+00:00,100000.0
2026-07-21T17:15:00+00:00,100000.0
2026-07-21T17:30:00+00:00,100000.0
2026-07-21T17:45:00+00:00,100000.0
2026-07-21T18:00:00+00:00,100000.0
2026-07-21T18:15:00+00:00,100000.0
2026-07-21T18:30:00+00:00,100000.0
2026-07-21T18:45:00+00:00,100000.0
2026-07-21T19:00:00+00:00,100000.0
2026-07-21T19:10:00+00:00,100000.0
2026-07-22T14:00:00+00:00,100000.0
2026-07-22T14:15:00+00:00,100000.0
2026-07-22T14:30:00+00:00,100000.0
2026-07-22T14:45:00+00:00,100000.0
2026-07-22T15:00:00+00:00,100000.0
2026-07-22T15:15:00+00:00,100000.0
2026-07-22T15:30:00+00:00,100000.0
2026-07-22T15:45:00+00:00,100000.0
2026-07-22T16:00:00+00:00,100000.0
2026-07-22T16:15:00+00:00,100000.0
2026-07-22T16:30:00+00:00,100000.0
2026-07-22T16:45:00+00:00,100000.0
2026-07-22T17:00:00+00:00,100000.0
2026-07-22T17:15:00+00:00,100000.0
2026-07-22T17:30:00+00:00,100000.0
2026-07-22T17:45:00+00:00,100000.0
2026-07-22T18:00:00+00:00,100000.0
2026-07-22T18:15:00+00:00,100000.0
2026-07-22T18:30:00+00:00,100000.0
2026-07-22T18:45:00+00:00,100000.0
2026-07-22T19:00:00+00:00,100000.0
2026-07-22T19:10:00+00:00,100000.0
2026-07-23T14:00:00+00:00,100000.0
2026-07-23T14:15:00+00:00,100000.0
2026-07-23T14:30:00+00:00,100000.0
2026-07-23T14:45:00+00:00,100000.0
2026-07-23T15:00:00+00:00,100000.0
2026-07-23T15:15:00+00:00,100000.0
2026-07-23T15:30:00+00:00,100000.0
2026-07-23T15:45:00+00:00,100000.0
2026-07-23T16:00:00+00:00,100000.0
2026-07-23T16:15:00+00:00,100000.0
2026-07-23T16:30:00+00:00,100000.0
2026-07-23T16:45:00+00:00,100000.0
2026-07-23T17:00:00+00:00,100000.0
2026-07-23T17:15:00+00:00,100000.0
2026-07-23T17:30:00+00:00,100000.0
2026-07-23T17:45:00+00:00,100000.0
2026-07-23T18:00:00+00:00,100000.0
2026-07-23T18:15:00+00:00,100000.0
2026-07-23T18:30:00+00:00,100000.0
2026-07-23T18:45:00+00:00,100000.0
2026-07-23T19:00:00+00:00,100000.0
2026-07-23T19:10:00+00:00,100000.0
2026-07-24T14:00:00+00:00,100000.0
2026-07-24T14:15:00+00:00,100000.0
2026-07-24T14:30:00+00:00,100000.0
2026-07-24T14:45:00+00:00,100000.0
2026-07-24T15:00:00+00:00,100000.0
2026-07-24T15:15:00+00:00,100000.0
2026-07-24T15:30:00+00:00,100000.0
2026-07-24T15:45:00+00:00,100000.0
2026-07-24T16:00:00+00:00,100000.0
2026-07-24T16:15:00+00:00,100000.0
2026-07-24T16:30:00+00:00,100000.0
2026-07-24T16:45:00+00:00,100000.0
2026-07-24T17:00:00+00:00,100000.0
2026-07-24T17:15:00+00:00,100000.0
2026-07-24T17:30:00+00:00,100000.0
2026-07-24T17:45:00+00:00,100000.0
2026-07-24T18:00:00+00:00,100000.0
2026-07-24T18:15:00+00:00,100000.0
2026-07-24T18:30:00+00:00,100000.0
2026-07-24T18:45:00+00:00,100000.0
2026-07-24T19:00:00+00:00,100000.0
2026-07-24T19:10:00+00:00,100000.0
2026-07-27T14:00:00+00:00,100000.0
2026-07-27T14:15:00+00:00,100000.0
2026-07-27T14:30:00+00:00,100000.0
2026-07-27T14:45:00+00:00,100000.0
2026-07-27T15:00:00+00:00,100000.0
2026-07-27T15:15:00+00:00,100000.0
2026-07-27T15:30:00+00:00,100000.0
2026-07-27T15:45:00+00:00,100000.0
2026-07-27T16:00:00+00:00,100000.0
2026-07-27T16:15:00+00:00,100000.0
2026-07-27T16:30:00+00:00,100000.0
2026-07-27T16:45:00+00:00,100000.0
2026-07-27T17:00:00+00:00,100000.0
2026-07-27T17:15:00+00:00,100000.0
2026-07-27T17:30:00+00:00,100000.0
2026-07-27T17:45:00+00:00,100000.0
2026-07-27T18:00:00+00:00,100000.0
2026-07-27T18:15:00+00:00,100000.0
2026-07-27T18:30:00+00:00,100000.0
2026-07-27T18:45:00+00:00,100000.0
2026-07-27T19:00:00+00:00,100000.0
2026-07-27T19:10:00+00:00,100000.0
2026-07-28T14:00:00+00:00,100000.0
2026-07-28T14:15:00+00:00,100000.0
2026-07-28T14:30:00+00:00,100000.0
2026-07-28T14:45:00+00:00,100000.0
2026-07-28T15:00:00+00:00,100000.0
2026-07-28T15:15:00+00:00,100000.0
2026-07-28T15:30:00+00:00,100000.0
2026-07-28T15:45:00+00:00,100000.0
2026-07-28T16:00:00+00:00,100000.0
2026-07-28T16:15:00+00:00,100000.0
2026-07-28T16:30:00+00:00,100000.0
2026-07-28T16:45:00+00:00,100000.0
2026-07-28T17:00:00+00:00,100000.0
2026-07-28T17:15:00+00:00,100000.0
2026-07-28T17:30:00+00:00,100000.0
2026-07-28T17:45:00+00:00,100000.0
2026-07-28T18:00:00+00:00,100000.0
2026-07-28T18:15:00+00:00,100000.0
2026-07-28T18:30:00+00:00,100000.0
2026-07-28T18:45:00+00:00,100000.0
2026-07-28T19:00:00+00:00,100000.0
2026-07-28T19:10:00+00:00,100000.0
2026-07-29T14:00:00+00:00,100000.0
2026-07-29T14:15:00+00:00,100000.0
2026-07-29T14:30:00+00:00,100000.0
2026-07-29T14:45:00+00:00,100000.0
2026-07-29T15:00:00+00:00,100000.0
2026-07-29T15:15:00+00:00,100000.0
2026-07-29T15:30:00+00:00,100000.0
2026-07-29T15:45:00+00:00,100000.0
2026-07-29T16:00:00+00:00,100000.0
2026-07-29T16:15:00+00:00,100000.0
2026-07-29T16:30:00+00:00,100000.0
2026-07-29T16:45:00+00:00,100000.0
2026-07-29T17:00:00+00:00,100000.0
2026-07-29T17:15:00+00:00,100000.0
2026-07-29T17:30:00+00:00,100000.0
2026-07-29T17:45:00+00:00,100000.0
2026-07-29T18:00:00+00:00,100000.0
2026-07-29T18:15:00+00:00,100000.0
2026-07-29T18:30:00+00:00,100000.0
2026-07-29T18:45:00+00:00,100000.0
2026-07-29T19:00:00+00:00,100000.0
2026-07-29T19:10:00+00:00,100000.0
2026-07-30T14:00:00+00:00,100000.0
2026-07-30T14:15:00+00:00,100000.0
2026-07-30T14:30:00+00:00,100000.0
2026-07-30T14:45:00+00:00,100000.0
2026-07-30T15:00:00+00:00,100000.0
2026-07-30T15:15:00+00:00,100000.0
2026-07-30T15:30:00+00:00,100000.0
2026-07-30T15:45:00+00:00,100000.0
2026-07-30T16:00:00+00:00,100000.0
2026-07-30T16:15:00+00:00,100000.0
2026-07-30T16:30:00+00:00,100000.0
2026-07-30T16:45:00+00:00,100000.0
2026-07-30T17:00:00+00:00,100000.0
2026-07-30T17:15:00+00:00,100000.0
2026-07-30T17:30:00+00:00,100000.0
2026-07-30T17:45:00+00:00,100000.0
2026-07-30T18:00:00+00:00,100000.0
2026-07-30T18:15:00+00:00,100000.0
2026-07-30T18:30:00+00:00,100000.0
2026-07-30T18:45:00+00:00,100000.0
2026-07-30T19:00:00+00:00,100000.0
2026-07-30T19:10:00+00:00,100000.0
2026-07-31T14:00:00+00:00,99997.34
2026-07-31T14:15:00+00:00,99997.34
2026-07-31T14:30:00+00:00,99997.34
2026-07-31T14:45:00+00:00,99997.34
2026-07-31T15:00:00+00:00,99997.34
2026-07-31T15:15:00+00:00,99997.34
2026-07-31T15:30:00+00:00,99997.34
2026-07-31T15:45:00+00:00,99997.34
2026-07-31T16:00:00+00:00,99997.34
2026-07-31T16:15:00+00:00,99997.34
2026-07-31T16:30:00+00:00,99997.34
2026-07-31T16:45:00+00:00,99997.34
2026-07-31T17:00:00+00:00,99997.34
2026-07-31T17:15:00+00:00,99997.34
2026-07-31T17:30:00+00:00,99997.34
2026-07-31T17:45:00+00:00,99997.34
2026-07-31T18:00:00+00:00,99997.34
2026-07-31T18:15:00+00:00,99997.34
2026-07-31T18:30:00+00:00,99997.34
2026-07-31T18:45:00+00:00,99997.34
2026-07-31T19:00:00+00:00,99997.34
2026-07-31T19:10:00+00:00,99997.34
2026-08-03T14:00:00+00:00,100001.34
2026-08-03T14:15:00+00:00,100001.34
2026-08-03T14:30:00+00:00,100001.34
2026-08-03T14:45:00+00:00,100001.34
2026-08-03T15:00:00+00:00,100001.34
2026-08-03T15:15:00+00:00,100001.34
2026-08-03T15:30:00+00:00,100001.34
2026-08-03T15:45:00+00:00,100001.34
2026-08-03T16:00:00+00:00,100001.34
2026-08-03T16:15:00+00:00,100001.34
2026-08-03T16:30:00+00:00,100001.34
2026-08-03T16:45:00+00:00,100001.34
2026-08-03T17:00:00+00:00,100001.34
2026-08-03T17:15:00+00:00,100001.34
2026-08-03T17:30:00+00:00,100001.34
2026-08-03T17:45:00+00:00,100001.34
2026-08-03T18:00:00+00:00,100001.34
2026-08-03T18:15:00+00:00,100001.34
2026-08-03T18:30:00+00:00,100001.34
2026-08-03T18:45:00+00:00,100001.34
2026-08-03T19:00:00+00:00,100001.34
2026-08-03T19:10:00+00:00,100001.34
2026-08-04T14:00:00+00:00,99872.34
2026-08-04T14:15:00+00:00,99872.34
2026-08-04T14:30:00+00:00,99872.34
2026-08-04T14:45:00+00:00,99872.34
2026-08-04T15:00:00+00:00,99872.34
2026-08-04T15:15:00+00:00,99872.34
2026-08-04T15:30:00+00:00,99872.34
2026-08-04T15:45:00+00:00,99872.34
2026-08-04T16:00:00+00:00,99872.34
2026-08-04T16:15:00+00:00,99872.34
2026-08-04T16:30:00+00:00,99872.34
2026-08-04T16:45:00+00:00,99872.34
2026-08-04T17:00:00+00:00,99872.34
2026-08-04T17:15:00+00:00,99872.34
2026-08-04T17:30:00+00:00,99872.34
2026-08-04T17:45:00+00:00,99872.34
2026-08-04T18:00:00+00:00,99872.34
2026-08-04T18:15:00+00:00,99872.34
2026-08-04T18:30:00+00:00,99872.34
2026-08-04T18:45:00+00:00,99872.34
2026-08-04T19:00:00+00:00,99872.34
2026-08-04T19:10:00+00:00,99872.34
2026-08-05T14:00:00+00:00,99835.98
2026-08-05T14:15:00+00:00,99835.58
2026-08-05T14:30:00+00:00,99835.18
2026-08-05T14:45:00+00:00,99834.79
2026-08-05T15:00:00+00:00,99834.38
2026-08-05T15:15:00+00:00,99833.99
2026-08-05T15:30:00+00:00,99833.59
2026-08-05T15:45:00+00:00,99833.21
2026-08-05T16:00:00+00:00,99832.81
2026-08-05T16:15:00+00:00,99832.41
2026-08-05T16:30:00+00:00,99832.01
2026-08-05T16:45:00+00:00,99831.62
2026-08-05T17:00:00+00:00,99831.24
2026-08-05T17:15:00+00:00,99830.84
2026-08-05T17:30:00+00:00,99830.43
2026-08-05T17:45:00+00:00,99830.05
2026-08-05T18:00:00+00:00,99829.66
2026-08-05T18:15:00+00:00,99829.27
2026-08-05T18:30:00+00:00,99828.88
2026-08-05T18:45:00+00:00,99828.48
2026-08-05T19:00:00+00:00,99828.1
2026-08-05T19:10:00+00:00,99827.84
2026-08-06T14:00:00+00:00,99936.34
2026-08-06T14:15:00+00:00,99936.34
2026-08-06T14:30:00+00:00,99936.34
2026-08-06T14:45:00+00:00,99936.34
2026-08-06T15:00:00+00:00,99936.34
2026-08-06T15:15:00+00:00,99936.34
2026-08-06T15:30:00+00:00,99936.34
2026-08-06T15:45:00+00:00,99936.34
2026-08-06T16:00:00+00:00,99936.34
2026-08-06T16:15:00+00:00,99936.34
2026-08-06T16:30:00+00:00,99936.34
2026-08-06T16:45:00+00:00,99936.34
2026-08-06T17:00:00+00:00,99936.34
2026-08-06T17:15:00+00:00,99936.34
2026-08-06T17:30:00+00:00,99936.34
2026-08-06T17:45:00+00:00,99936.34
2026-08-06T18:00:00+00:00,99936.34
2026-08-06T18:15:00+00:00,99936.34
2026-08-06T18:30:00+00:00,99936.34
2026-08-06T18:45:00+00:00,99936.34
2026-08-06T19:00:00+00:00,99936.34
2026-08-06T19:10:00+00:00,99936.34
2026-08-07T14:00:00+00:00,99882.34
2026-08-07T14:15:00+00:00,99882.34
2026-08-07T14:30:00+00:00,99882.34
2026-08-07T14:45:00+00:00,99882.34
2026-08-07T15:00:00+00:00,99882.34
2026-08-07T15:15:00+00:00,99882.34
2026-08-07T15:30:00+00:00,99882.34
2026-08-07T15:45:00+00:00,99882.34
2026-08-07T16:00:00+00:00,99882.34
2026-08-07T16:15:00+00:00,99882.34
2026-08-07T16:30:00+00:00,99882.34
2026-08-07T16:45:00+00:00,99882.34
2026-08-07T17:00:00+00:00,99882.34
2026-08-07T17:15:00+00:00,99882.34
2026-08-07T17:30:00+00:00,99882.34
2026-08-07T17:45:00+00:00,99882.34
2026-08-07T18:00:00+00:00,99882.34
2026-08-07T18:15:00+00:00,99882.34
2026-08-07T18:30:00+00:00,99882.34
2026-08-07T18:45:00+00:00,99882.34
2026-08-07T19:00:00+00:00,99882.34
2026-08-07T19:10:00+00:00,99882.34
2026-08-10T14:00:00+00:00,99918.34
2026-08-10T14:15:00+00:00,99918.34
2026-08-10T14:30:00+00:00,99918.34
2026-08-10T14:45:00+00:00,99918.34
2026-08-10T15:00:00+00:00,99918.34
2026-08-10T15:15:00+00:00,99918.34
2026-08-10T15:30:00+00:00,99918.34
2026-08-10T15:45:00+00:00,99918.34
2026-08-10T16:00:00+00:00,99918.34
2026-08-10T16:15:00+00:00,99918.34
2026-08-10T16:30:00+00:00,99918.34
2026-08-10T16:45:00+00:00,99918.34
2026-08-10T17:00:00+00:00,99918.34
2026-08-10T17:15:00+00:00,99918.34
2026-08-10T17:30:00+00:00,99918.34
2026-08-10T17:45:00+00:00,99918.34
2026-08-10T18:00:00+00:00,99918.34
2026-08-10T18:15:00+00:00,99918.34
2026-08-10T18:30:00+00:00,99918.34
2026-08-10T18:45:00+00:00,99918.34
2026-08-10T19:00:00+00:00,99918.34
2026-08-10T19:10:00+00:00,99918.34
2026-08-11T14:00:00+00:00,99857.5
2026-08-11T14:15:00+00:00,99857.5
2026-08-11T14:30:00+00:00,99857.5
2026-08-11T14:45:00+00:00,99857.5
2026-08-11T15:00:00+00:00,99857.5
2026-08-11T15:15:00+00:00,99857.5
2026-08-11T15:30:00+00:00,99857.5
2026-08-11T15:45:00+00:00,99857.5
2026-08-11T16:00:00+00:00,99857.5
2026-08-11T16:15:00+00:00,99857.5
2026-08-11T16:30:00+00:00,99857.5
2026-08-11T16:45:00+00:00,99857.5
2026-08-11T17:00:00+00:00,99857.5
2026-08-11T17:15:00+00:00,99857.5
2026-08-11T17:30:00+00:00,99857.5
2026-08-11T17:45:00+00:00,99857.5
2026-08-11T18:00:00+00:00,99857.5
2026-08-11T18:15:00+00:00,99857.5
2026-08-11T18:30:00+00:00,99857.5
2026-08-11T18:45:00+00:00,99857.5
2026-08-11T19:00:00+00:00,99857.5
2026-08-11T19:10:00+00:00,99857.5
2026-08-12T14:00:00+00:00,99854.84
2026-08-12T14:15:00+00:00,99854.84
2026-08-12T14:30:00+00:00,99854.84
2026-08-12T14:45:00+00:00,99854.84
2026-08-12T15:00:00+00:00,99854.84
2026-08-12T15:15:00+00:00,99854.84
2026-08-12T15:30:00+00:00,99854.84
2026-08-12T15:45:00+00:00,99854.84
2026-08-12T16:00:00+00:00,99854.84
2026-08-12T16:15:00+00:00,99854.84
2026-08-12T16:30:00+00:00,99854.84
2026-08-12T16:45:00+00:00,99854.84
2026-08-12T17:00:00+00:00,99854.84
2026-08-12T17:15:00+00:00,99854.84
2026-08-12T17:30:00+00:00,99854.84
2026-08-12T17:45:00+00:00,99854.84
2026-08-12T18:00:00+00:00,99854.84
2026-08-12T18:15:00+00:00,99854.84
2026-08-12T18:30:00+00:00,99854.84
2026-08-12T18:45:00+00:00,99854.84
2026-08-12T19:00:00+00:00,99854.84
2026-08-12T19:10:00+00:00,99854.84
2026-08-13T14:00:00+00:00,99889.84
2026-08-13T14:15:00+00:00,99889.84
2026-08-13T14:30:00+00:00,99889.84
2026-08-13T14:45:00+00:00,99889.84
2026-08-13T15:00:00+00:00,99889.84
2026-08-13T15:15:00+00:00,99889.84
2026-08-13T15:30:00+00:00,99889.84
2026-08-13T15:45:00+00:00,99889.84
2026-08-13T16:00:00+00:00,99889.84
2026-08-13T16:15:00+00:00,99889.84
2026-08-13T16:30:00+00:00,99889.84
2026-08-13T16:45:00+00:00,99889.84
2026-08-13T17:00:00+00:00,99889.84
2026-08-13T17:15:00+00:00,99889.84
2026-08-13T17:30:00+00:00,99889.84
2026-08-13T17:45:00+00:00,99889.84
2026-08-13T18:00:00+00:00,99889.84
2026-08-13T18:15:00+00:00,99889.84
2026-08-13T18:30:00+00:00,99889.84
2026-08-13T18:45:00+00:00,99889.84
2026-08-13T19:00:00+00:00,99889.84
2026-08-13T19:10:00+00:00,99889.84
2026-08-14T14:00:00+00:00,99923.84
2026-08-14T14:15:00+00:00,99923.84
2026-08-14T14:30:00+00:00,99923.84
2026-08-14T14:45:00+00:00,99923.84
2026-08-14T15:00:00+00:00,99923.84
2026-08-14T15:15:00+00:00,99923.84
2026-08-14T15:30:00+00:00,99923.84
2026-08-14T15:45:00+00:00,99923.84
2026-08-14T16:00:00+00:00,99923.84
2026-08-14T16:15:00+00:00,99923.84
2026-08-14T16:30:00+00:00,99923.84
2026-08-14T16:45:00+00:00,99923.84
2026-08-14T17:00:00+00:00,99923.84
2026-08-14T17:15:00+00:00,99923.84
2026-08-14T17:30:00+00:00,99923.84
2026-08-14T17:45:00+00:00,99923.84
2026-08-14T18:00:00+00:00,99923.84
2026-08-14T18:15:00+00:00,99923.84
2026-08-14T18:30:00+00:00,99923.84
2026-08-14T18:45:00+00:00,99923.84
2026-08-14T19:00:00+00:00,99923.84
2026-08-14T19:10:00+00:00,99923.84
2026-08-17T14:00:00+00:00,99882.84
2026-08-17T14:15:00+00:00,99882.84
2026-08-17T14:30:00+00:00,99882.84
2026-08-17T14:45:00+00:00,99882.84
2026-08-17T15:00:00+00:00,99882.84
2026-08-17T15:15:00+00:00,99882.84
2026-08-17T15:30:00+00:00,99882.84
2026-08-17T15:45:00+00:00,99882.84
2026-08-17T16:00:00+00:00,99882.84
2026-08-17T16:15:00+00:00,99882.84
2026-08-17T16:30:00+00:00,99882.84
2026-08-17T16:45:00+00:00,99882.84
2026-08-17T17:00:00+00:00,99882.84
2026-08-17T17:15:00+00:00,99882.84
2026-08-17T17:30:00+00:00,99882.84
2026-08-17T17:45:00+00:00,99882.84
2026-08-17T18:00:00+00:00,99882.84
2026-08-17T18:15:00+00:00,99882.84
2026-08-17T18:30:00+00:00,99882.84
2026-08-17T18:45:00+00:00,99882.84
2026-08-17T19:00:00+00:00,99882.84
2026-08-17T19:10:00+00:00,99882.84
2026-08-18T14:00:00+00:00,99853.16
2026-08-18T14:15:00+00:00,99853.16
2026-08-18T14:30:00+00:00,99853.16
2026-08-18T14:45:00+00:00,99853.16
2026-08-18T15:00:00+00:00,99853.16
2026-08-18T15:15:00+00:00,99853.16
2026-08-18T15:30:00+00:00,99853.16
2026-08-18T15:45:00+00:00,99853.16
2026-08-18T16:00:00+00:00,99853.16
2026-08-18T16:15:00+00:00,99853.16
2026-08-18T16:30:00+00:00,99853.16
2026-08-18T16:45:00+00:00,99853.16
2026-08-18T17:00:00+00:00,99853.16
2026-08-18T17:15:00+00:00,99853.16
2026-08-18T17:30:00+00:00,99853.16
2026-08-18T17:45:00+00:00,99853.16
2026-08-18T18:00:00+00:00,99853.16
2026-08-18T18:15:00+00:00,99853.16
2026-08-18T18:30:00+00:00,99853.16
2026-08-18T18:45:00+00:00,99853.16
2026-08-18T19:00:00+00:00,99853.16
2026-08-18T19:10:00+00:00,99853.16
2026-08-19T14:00:00+00:00,99850.5
2026-08-19T14:15:00+00:00,99850.5
2026-08-19T14:30:00+00:00,99850.5
2026-08-19T14:45:00+00:00,99850.5
2026-08-19T15:00:00+00:00,99850.5
2026-08-19T15:15:00+00:00,99850.5
2026-08-19T15:30:00+00:00,99850.5
2026-08-19T15:45:00+00:00,99850.5
2026-08-19T16:00:00+00:00,99850.5
2026-08-19T16:15:00+00:00,99850.5
2026-08-19T16:30:00+00:00,99850.5
2026-08-19T16:45:00+00:00,99850.5
2026-08-19T17:00:00+00:00,99850.5
2026-08-19T17:15:00+00:00,99850.5
2026-08-19T17:30:00+00:00,99850.5
2026-08-19T17:45:00+00:00,99850.5
2026-08-19T18:00:00+00:00,99850.5
2026-08-19T18:15:00+00:00,99850.5
2026-08-19T18:30:00+00:00,99850.5
2026-08-19T18:45:00+00:00,99850.5
2026-08-19T19:00:00+00:00,99850.5
2026-08-19T19:10:00+00:00,99850.5
2026-08-20T14:00:00+00:00,99792.5
2026-08-20T14:15:00+00:00,99792.5
2026-08-20T14:30:00+00:00,99792.5
2026-08-20T14:45:00+00:00,99792.5
2026-08-20T15:00:00+00:00,99792.5
2026-08-20T15:15:00+00:00,99792.5
2026-08-20T15:30:00+00:00,99792.5
2026-08-20T15:45:00+00:00,99792.5
2026-08-20T16:00:00+00:00,99792.5
2026-08-20T16:15:00+00:00,99792.5
2026-08-20T16:30:00+00:00,99792.5
2026-08-20T16:45:00+00:00,99792.5
2026-08-20T17:00:00+00:00,99792.5
2026-08-20T17:15:00+00:00,99792.5
2026-08-20T17:30:00+00:00,99792.5
2026-08-20T17:45:00+00:00,99792.5
2026-08-20T18:00:00+00:00,99792.5
2026-08-20T18:15:00+00:00,99792.5
2026-08-20T18:30:00+00:00,99792.5
2026-08-20T18:45:00+00:00,99792.5
2026-08-20T19:00:00+00:00,99792.5
2026-08-20T19:10:00+00:00,99792.5
2026-08-21T14:00:00+00:00,99880.5
2026-08-21T14:15:00+00:00,99880.5
2026-08-21T14:30:00+00:00,99880.5
2026-08-21T14:45:00+00:00,99880.5
2026-08-21T15:00:00+00:00,99880.5
2026-08-21T15:15:00+00:00,99880.5
2026-08-21T15:30:00+00:00,99880.5
2026-08-21T15:45:00+00:00,99880.5
2026-08-21T16:00:00+00:00,99880.5
2026-08-21T16:15:00+00:00,99880.5
2026-08-21T16:30:00+00:00,99880.5
2026-08-21T16:45:00+00:00,99880.5
2026-08-21T17:00:00+00:00,99880.5
2026-08-21T17:15:00+00:00,99880.5
2026-08-21T17:30:00+00:00,99880.5
2026-08-21T17:45:00+00:00,99880.5
2026-08-21T18:00:00+00:00,99880.5
2026-08-21T18:15:00+00:00,99880.5
2026-08-21T18:30:00+00:00,99880.5
2026-08-21T18:45:00+00:00,99880.5
2026-08-21T19:00:00+00:00,99880.5
2026-08-21T19:10:00+00:00,99876.77