timestamp,equity
2026-02-02T15:00:00+00:00,100000.0
2026-02-02T15:15:00+00:00,100000.0
2026-02-02T15:30:00+00:00,100000.0
2026-02-02T15:45:00+00:00,100000.0
2026-02-02T16:00:00+00:00,100000.0
2026-02-02T16:15:00+00:00,100000.0
2026-02-02T16:30:00+00:00,100000.0
2026-02-02T16:45:00+00:00,100000.0
2026-02-02T17:00:00+00:00,100000.0
2026-02-02T17:15:00+00:00,99984.04
2026-02-02T17:30:00+00:00,100028.68
2026-02-02T17:45:00+00:00,100027.18
2026-02-02T18:00:00+00:00,100028.68
2026-02-02T18:15:00+00:00,100040.26
2026-02-02T18:30:00+00:00,100044.94
2026-02-02T18:45:00+00:00,100043.26
2026-02-02T19:00:00+00:00,100045.96
2026-02-02T19:15:00+00:00,100047.7
2026-02-02T19:30:00+00:00,100049.98
2026-02-02T19:45:00+00:00,100044.34
2026-02-02T20:00:00+00:00,100049.56
2026-02-02T20:10:00+00:00,100045.0
2026-02-03T15:00:00+00:00,100024.12
2026-02-03T15:15:00+00:00,100021.3
2026-02-03T15:30:00+00:00,100009.36
2026-02-03T15:45:00+00:00,100017.16
2026-02-03T16:00:00+00:00,99999.4
2026-02-03T16:15:00+00:00,99969.64
2026-02-03T16:30:00+00:00,99971.8
2026-02-03T16:45:00+00:00,99974.26
2026-02-03T17:00:00+00:00,99984.1
2026-02-03T17:15:00+00:00,99997.12
2026-02-03T17:30:00+00:00,100001.5
2026-02-03T17:45:00+00:00,100003.48
2026-02-03T18:00:00+00:00,100004.68
2026-02-03T18:15:00+00:00,100009.18
2026-02-03T18:30:00+00:00,100010.74
2026-02-03T18:45:00+00:00,100011.94
2026-02-03T19:00:00+00:00,100013.56
2026-02-03T19:15:00+00:00,100012.78
2026-02-03T19:30:00+00:00,100014.64
2026-02-03T19:45:00+00:00,100014.4
2026-02-03T20:00:00+00:00,100011.76
2026-02-03T20:10:00+00:00,100012.66
2026-02-04T15:00:00+00:00,99590.8
2026-02-04T15:15:00+00:00,99567.1
2026-02-04T15:30:00+00:00,99580.0
2026-02-04T15:45:00+00:00,99583.9
2026-02-04T16:00:00+00:00,99613.18
2026-02-04T16:15:00+00:00,99634.66
2026-02-04T16:30:00+00:00,99650.08
2026-02-04T16:45:00+00:00,99677.14
2026-02-04T17:00:00+00:00,99663.7
2026-02-04T17:15:00+00:00,99653.5
2026-02-04T17:30:00+00:00,99697.78
2026-02-04T17:45:00+00:00,99704.5
2026-02-04T18:00:00+00:00,99700.0
2026-02-04T18:15:00+00:00,99675.28
2026-02-04T18:30:00+00:00,99634.98
2026-02-04T18:45:00+00:00,99636.0
2026-02-04T19:00:00+00:00,99635.28
2026-02-04T19:15:00+00:00,99636.24
2026-02-04T19:30:00+00:00,99630.18
2026-02-04T19:45:00+00:00,99616.44
2026-02-04T20:00:00+00:00,99590.58
2026-02-04T20:10:00+00:00,99595.02
2026-02-05T15:00:00+00:00,99737.18
2026-02-05T15:15:00+00:00,100128.18
2026-02-05T15:30:00+00:00,100169.47
2026-02-05T15:45:00+00:00,100196.02
2026-02-05T16:00:00+00:00,100199.78
2026-02-05T16:15:00+00:00,100202.08
2026-02-05T16:30:00+00:00,100206.18
2026-02-05T16:45:00+00:00,100207.96
2026-02-05T17:00:00+00:00,100209.86
2026-02-05T17:15:00+00:00,100213.5
2026-02-05T17:30:00+00:00,100213.7
2026-02-05T17:45:00+00:00,100213.88
2026-02-05T18:00:00+00:00,100220.78
2026-02-05T18:15:00+00:00,100225.28
2026-02-05T18:30:00+00:00,100228.18
2026-02-05T18:45:00+00:00,100231.6
2026-02-05T19:00:00+00:00,100228.52
2026-02-05T19:15:00+00:00,100233.7
2026-02-05T19:30:00+00:00,100234.22
2026-02-05T19:45:00+00:00,100261.05
2026-02-05T20:00:00+00:00,100276.08
2026-02-05T20:10:00+00:00,100280.22
2026-02-06T15:00:00+00:00,100310.36
2026-02-06T15:15:00+00:00,100310.36
2026-02-06T15:30:00+00:00,100310.36
2026-02-06T15:45:00+00:00,100310.36
2026-02-06T16:00:00+00:00,100310.36
2026-02-06T16:15:00+00:00,100310.36
2026-02-06T16:30:00+00:00,100310.36
2026-02-06T16:45:00+00:00,100310.36
2026-02-06T17:00:00+00:00,100310.36
2026-02-06T17:15:00+00:00,100310.36
2026-02-06T17:30:00+00:00,100310.36
2026-02-06T17:45:00+00:00,100310.36
2026-02-06T18:00:00+00:00,100310.36
2026-02-06T18:15:00+00:00,100310.36
2026-02-06T18:30:00+00:00,100310.36
2026-02-06T18:45:00+00:00,100310.36
2026-02-06T19:00:00+00:00,100310.36
2026-02-06T19:15:00+00:00,100310.36
2026-02-06T19:30:00+00:00,100310.36
2026-02-06T19:45:00+00:00,100310.36
2026-02-06T20:00:00+00:00,100310.36
2026-02-06T20:10:00+00:00,100310.36
2026-02-09T15:00:00+00:00,100139.4
2026-02-09T15:15:00+00:00,100139.4
2026-02-09T15:30:00+00:00,100139.4
2026-02-09T15:45:00+00:00,100139.4
2026-02-09T16:00:00+00:00,100139.4
2026-02-09T16:15:00+00:00,100139.4
2026-02-09T16:30:00+00:00,100139.4
2026-02-09T16:45:00+00:00,100139.4
2026-02-09T17:00:00+00:00,100139.4
2026-02-09T17:15:00+00:00,100139.4
2026-02-09T17:30:00+00:00,100139.4
2026-02-09T17:45:00+00:00,100139.4
2026-02-09T18:00:00+00:00,100139.4
2026-02-09T18:15:00+00:00,100139.4
2026-02-09T18:30:00+00:00,100139.4
2026-02-09T18:45:00+00:00,100139.4
2026-02-09T19:00:00+00:00,100139.4
2026-02-09T19:15:00+00:00,100139.4
2026-02-09T19:30:00+00:00,100139.4
2026-02-09T19:45:00+00:00,100139.4
2026-02-09T20:00:00+00:00,100139.4
2026-02-09T20:10:00+00:00,100139.4
2026-02-10T15:00:00+00:00,100161.31
2026-02-10T15:15:00+00:00,100161.31
2026-02-10T15:30:00+00:00,100161.31
2026-02-10T15:45:00+00:00,100161.31
2026-02-10T16:00:00+00:00,100161.31
2026-02-10T16:15:00+00:00,100161.31
2026-02-10T16:30:00+00:00,100161.31
2026-02-10T16:45:00+00:00,100161.31
2026-02-10T17:00:00+00:00,100161.31
2026-02-10T17:15:00+00:00,100161.31
2026-02-10T17:30:00+00:00,100161.31
2026-02-10T17:45:00+00:00,100161.31
2026-02-10T18:00:00+00:00,100161.31
2026-02-10T18:15:00+00:00,100161.31
2026-02-10T18:30:00+00:00,100161.31
2026-02-10T18:45:00+00:00,100161.31
2026-02-10T19:00:00+00:00,100161.31
2026-02-10T19:15:00+00:00,100161.31
2026-02-10T19:30:00+00:00,100161.31
2026-02-10T19:45:00+00:00,100161.31
2026-02-10T20:00:00+00:00,100161.31
2026-02-10T20:10:00+00:00,100161.31
2026-02-11T15:00:00+00:00,100193.87
2026-02-11T15:15:00+00:00,100204.07
2026-02-11T15:30:00+00:00,100210.19
2026-02-11T15:45:00+00:00,100206.05
2026-02-11T16:00:00+00:00,100212.17
2026-02-11T16:15:00+00:00,100212.41
2026-02-11T16:30:00+00:00,100214.75
2026-02-11T16:45:00+00:00,100216.91
2026-02-11T17:00:00+00:00,100217.75
2026-02-11T17:15:00+00:00,100218.71
2026-02-11T17:30:00+00:00,100219.73
2026-02-11T17:45:00+00:00,100220.69
2026-02-11T18:00:00+00:00,100221.65
2026-02-11T18:15:00+00:00,100222.55
2026-02-11T18:30:00+00:00,100222.91
2026-02-11T18:45:00+00:00,100222.07
2026-02-11T19:00:00+00:00,100224.83
2026-02-11T19:15:00+00:00,100224.83
2026-02-11T19:30:00+00:00,100226.93
2026-02-11T19:45:00+00:00,100226.57
2026-02-11T20:00:00+00:00,100229.21
2026-02-11T20:10:00+00:00,100229.87
2026-02-12T15:00:00+00:00,100049.65
2026-02-12T15:15:00+00:00,100049.65
2026-02-12T15:30:00+00:00,100049.65
2026-02-12T15:45:00+00:00,100049.65
2026-02-12T16:00:00+00:00,100043.17
2026-02-12T16:15:00+00:00,100114.21
2026-02-12T16:30:00+00:00,100136.92
2026-02-12T16:45:00+00:00,100136.92
2026-02-12T17:00:00+00:00,100136.92
2026-02-12T17:15:00+00:00,100136.92
2026-02-12T17:30:00+00:00,100136.92
2026-02-12T17:45:00+00:00,100136.92
2026-02-12T18:00:00+00:00,100094.09
2026-02-12T18:15:00+00:00,100094.09
2026-02-12T18:30:00+00:00,100094.09
2026-02-12T18:45:00+00:00,100094.09
2026-02-12T19:00:00+00:00,100089.47
2026-02-12T19:15:00+00:00,100035.32
2026-02-12T19:30:00+00:00,99969.76
2026-02-12T19:45:00+00:00,99969.76
2026-02-12T20:00:00+00:00,99969.76
2026-02-12T20:10:00+00:00,99969.76
2026-02-13T15:00:00+00:00,100222.58
2026-02-13T15:15:00+00:00,100180.38
2026-02-13T15:30:00+00:00,100180.38
2026-02-13T15:45:00+00:00,100180.38
2026-02-13T16:00:00+00:00,100180.38
2026-02-13T16:15:00+00:00,100180.38
2026-02-13T16:30:00+00:00,100180.38
2026-02-13T16:45:00+00:00,100180.38
2026-02-13T17:00:00+00:00,100180.38
2026-02-13T17:15:00+00:00,100180.38
2026-02-13T17:30:00+00:00,100180.38
2026-02-13T17:45:00+00:00,100180.38
2026-02-13T18:00:00+00:00,100180.38
2026-02-13T18:15:00+00:00,100180.38
2026-02-13T18:30:00+00:00,100180.38
2026-02-13T18:45:00+00:00,100180.38
2026-02-13T19:00:00+00:00,100180.38
2026-02-13T19:15:00+00:00,100180.38
2026-02-13T19:30:00+00:00,100180.38
2026-02-13T19:45:00+00:00,100180.38
2026-02-13T20:00:00+00:00,100180.38
2026-02-13T20:10:00+00:00,100180.38
2026-02-17T15:00:00+00:00,100575.74
2026-02-17T15:15:00+00:00,100575.74
2026-02-17T15:30:00+00:00,100575.74
2026-02-17T15:45:00+00:00,100575.74
2026-02-17T16:00:00+00:00,100575.74
2026-02-17T16:15:00+00:00,100575.74
2026-02-17T16:30:00+00:00,100575.74
2026-02-17T16:45:00+00:00,100575.74
2026-02-17T17:00:00+00:00,100575.74
2026-02-17T17:15:00+00:00,100575.74
2026-02-17T17:30:00+00:00,100575.74
2026-02-17T17:45:00+00:00,100575.74
2026-02-17T18:00:00+00:00,100575.74
2026-02-17T18:15:00+00:00,100575.74
2026-02-17T18:30:00+00:00,100575.74
2026-02-17T18:45:00+00:00,100575.74
2026-02-17T19:00:00+00:00,100575.74
2026-02-17T19:15:00+00:00,100575.74
2026-02-17T19:30:00+00:00,100575.74
2026-02-17T19:45:00+00:00,100575.74
2026-02-17T20:00:00+00:00,100575.74
2026-02-17T20:10:00+00:00,100575.74
2026-02-18T15:00:00+00:00,100703.7
2026-02-18T15:15:00+00:00,100699.7
2026-02-18T15:30:00+00:00,100704.46
2026-02-18T15:45:00+00:00,100703.7
2026-02-18T16:00:00+00:00,100704.98
2026-02-18T16:15:00+00:00,100702.1
2026-02-18T16:30:00+00:00,100707.1
2026-02-18T16:45:00+00:00,100707.94
2026-02-18T17:00:00+00:00,100706.94
2026-02-18T17:15:00+00:00,100697.86
2026-02-18T17:30:00+00:00,100699.22
2026-02-18T17:45:00+00:00,100702.18
2026-02-18T18:00:00+00:00,100698.26
2026-02-18T18:15:00+00:00,100701.06
2026-02-18T18:30:00+00:00,100706.3
2026-02-18T18:45:00+00:00,100707.62
2026-02-18T19:00:00+00:00,100711.42
2026-02-18T19:15:00+00:00,100716.38
2026-02-18T19:30:00+00:00,100699.46
2026-02-18T19:45:00+00:00,100674.54
2026-02-18T20:00:00+00:00,100653.05
2026-02-18T20:10:00+00:00,100659.17
2026-02-19T15:00:00+00:00,100715.13
2026-02-19T15:15:00+00:00,100716.65
2026-02-19T15:30:00+00:00,100724.05
2026-02-19T15:45:00+00:00,100722.49
2026-02-19T16:00:00+00:00,100720.05
2026-02-19T16:15:00+00:00,100720.09
2026-02-19T16:30:00+00:00,100729.29
2026-02-19T16:45:00+00:00,100732.09
2026-02-19T17:00:00+00:00,100735.53
2026-02-19T17:15:00+00:00,100731.57
2026-02-19T17:30:00+00:00,100729.37
2026-02-19T17:45:00+00:00,100727.17
2026-02-19T18:00:00+00:00,100727.49
2026-02-19T18:15:00+00:00,100727.37
2026-02-19T18:30:00+00:00,100728.41
2026-02-19T18:45:00+00:00,100724.05
2026-02-19T19:00:00+00:00,100726.25
2026-02-19T19:15:00+00:00,100716.33
2026-02-19T19:30:00+00:00,100718.33
2026-02-19T19:45:00+00:00,100724.97
2026-02-19T20:00:00+00:00,100726.61
2026-02-19T20:10:00+00:00,100721.77
2026-02-20T15:00:00+00:00,100871.85
2026-02-20T15:15:00+00:00,100871.85
2026-02-20T15:30:00+00:00,100871.85
2026-02-20T15:45:00+00:00,100871.85
2026-02-20T16:00:00+00:00,100871.85
2026-02-20T16:15:00+00:00,100871.85
2026-02-20T16:30:00+00:00,100871.85
2026-02-20T16:45:00+00:00,100871.85
2026-02-20T17:00:00+00:00,100871.85
2026-02-20T17:15:00+00:00,100871.85
2026-02-20T17:30:00+00:00,100871.85
2026-02-20T17:45:00+00:00,100871.85
2026-02-20T18:00:00+00:00,100871.85
2026-02-20T18:15:00+00:00,100871.85
2026-02-20T18:30:00+00:00,100871.85
2026-02-20T18:45:00+00:00,100871.85
2026-02-20T19:00:00+00:00,100871.85
2026-02-20T19:15:00+00:00,100871.85
2026-02-20T19:30:00+00:00,100871.85
2026-02-20T19:45:00+00:00,100871.85
2026-02-20T20:00:00+00:00,100871.85
2026-02-20T20:10:00+00:00,100871.85
2026-02-23T15:00:00+00:00,99882.74
2026-02-23T15:15:00+00:00,99819.2
2026-02-23T15:30:00+00:00,99812.18
2026-02-23T15:45:00+00:00,99885.37
2026-02-23T16:00:00+00:00,99841.21
2026-02-23T16:15:00+00:00,99841.21
2026-02-23T16:30:00+00:00,99841.21
2026-02-23T16:45:00+00:00,99841.21
2026-02-23T17:00:00+00:00,99841.21
2026-02-23T17:15:00+00:00,99841.21
2026-02-23T17:30:00+00:00,99841.21
2026-02-23T17:45:00+00:00,99841.21
2026-02-23T18:00:00+00:00,99841.21
2026-02-23T18:15:00+00:00,99841.21
2026-02-23T18:30:00+00:00,99841.21
2026-02-23T18:45:00+00:00,99834.19
2026-02-23T19:00:00+00:00,99838.35
2026-02-23T19:15:00+00:00,99824.09
2026-02-23T19:30:00+00:00,99824.09
2026-02-23T19:45:00+00:00,99824.09
2026-02-23T20:00:00+00:00,99824.09
2026-02-23T20:10:00+00:00,99824.09
2026-02-24T15:00:00+00:00,99949.03
2026-02-24T15:15:00+00:00,99949.03
2026-02-24T15:30:00+00:00,99949.03
2026-02-24T15:45:00+00:00,99949.03
2026-02-24T16:00:00+00:00,99949.03
2026-02-24T16:15:00+00:00,99949.03
2026-02-24T16:30:00+00:00,99949.03
2026-02-24T16:45:00+00:00,99949.03
2026-02-24T17:00:00+00:00,99949.03
2026-02-24T17:15:00+00:00,99949.03
2026-02-24T17:30:00+00:00,99949.03
2026-02-24T17:45:00+00:00,99949.03
2026-02-24T18:00:00+00:00,99949.03
2026-02-24T18:15:00+00:00,99949.03
2026-02-24T18:30:00+00:00,99949.03
2026-02-24T18:45:00+00:00,99949.03
2026-02-24T19:00:00+00:00,99949.03
2026-02-24T19:15:00+00:00,99949.03
2026-02-24T19:30:00+00:00,99949.03
2026-02-24T19:45:00+00:00,99949.03
2026-02-24T20:00:00+00:00,99949.03
2026-02-24T20:10:00+00:00,99949.03
2026-02-25T15:00:00+00:00,99909.03
2026-02-25T15:15:00+00:00,99909.03
2026-02-25T15:30:00+00:00,99909.03
2026-02-25T15:45:00+00:00,99909.03
2026-02-25T16:00:00+00:00,99909.03
2026-02-25T16:15:00+00:00,99909.03
2026-02-25T16:30:00+00:00,99909.03
2026-02-25T16:45:00+00:00,99909.03
2026-02-25T17:00:00+00:00,99909.03
2026-02-25T17:15:00+00:00,99909.03
2026-02-25T17:30:00+00:00,99909.03
2026-02-25T17:45:00+00:00,99909.03
2026-02-25T18:00:00+00:00,99909.03
2026-02-25T18:15:00+00:00,99909.03
2026-02-25T18:30:00+00:00,99909.03
2026-02-25T18:45:00+00:00,99909.03
2026-02-25T19:00:00+00:00,99909.03
2026-02-25T19:15:00+00:00,99909.03
2026-02-25T19:30:00+00:00,99909.03
2026-02-25T19:45:00+00:00,99909.03
2026-02-25T20:00:00+00:00,99909.03
2026-02-25T20:10:00+00:00,99909.03
2026-02-26T15:00:00+00:00,99977.03
2026-02-26T15:15:00+00:00,99977.03
2026-02-26T15:30:00+00:00,99977.03
2026-02-26T15:45:00+00:00,99977.03
2026-02-26T16:00:00+00:00,99977.03
2026-02-26T16:15:00+00:00,99977.03
2026-02-26T16:30:00+00:00,99977.03
2026-02-26T16:45:00+00:00,99977.03
2026-02-26T17:00:00+00:00,99977.03
2026-02-26T17:15:00+00:00,99977.03
2026-02-26T17:30:00+00:00,99977.03
2026-02-26T17:45:00+00:00,99977.03
2026-02-26T18:00:00+00:00,99977.03
2026-02-26T18:15:00+00:00,99977.03
2026-02-26T18:30:00+00:00,99977.03
2026-02-26T18:45:00+00:00,99977.03
2026-02-26T19:00:00+00:00,99977.03
2026-02-26T19:15:00+00:00,99977.03
2026-02-26T19:30:00+00:00,99977.03
2026-02-26T19:45:00+00:00,99977.03
2026-02-26T20:00:00+00:00,99977.03
2026-02-26T20:10:00+00:00,99977.03
2026-02-27T15:00:00+00:00,100121.03
2026-02-27T15:15:00+00:00,100121.03
2026-02-27T15:30:00+00:00,100121.03
2026-02-27T15:45:00+00:00,100121.03
2026-02-27T16:00:00+00:00,100121.03
2026-02-27T16:15:00+00:00,100121.03
2026-02-27T16:30:00+00:00,100121.03
2026-02-27T16:45:00+00:00,100121.03
2026-02-27T17:00:00+00:00,100121.03
2026-02-27T17:15:00+00:00,100121.03
2026-02-27T17:30:00+00:00,100121.03
2026-02-27T17:45:00+00:00,100121.03
2026-02-27T18:00:00+00:00,100121.03
2026-02-27T18:15:00+00:00,100121.03
2026-02-27T18:30:00+00:00,100121.03
2026-02-27T18:45:00+00:00,100121.03
2026-02-27T19:00:00+00:00,100121.03
2026-02-27T19:15:00+00:00,100121.03
2026-02-27T19:30:00+00:00,100121.03
2026-02-27T19:45:00+00:00,100121.03
2026-02-27T20:00:00+00:00,100121.03
2026-02-27T20:10:00+00:00,100121.03
2026-03-02T15:00:00+00:00,100191.39
2026-03-02T15:15:00+00:00,100191.39
2026-03-02T15:30:00+00:00,100185.99
2026-03-02T15:45:00+00:00,100233.69
2026-03-02T16:00:00+00:00,100225.9
2026-03-02T16:15:00+00:00,100225.9
2026-03-02T16:30:00+00:00,100225.9
2026-03-02T16:45:00+00:00,100225.9
2026-03-02T17:00:00+00:00,100225.9
2026-03-02T17:15:00+00:00,100225.9
2026-03-02T17:30:00+00:00,100225.9
2026-03-02T17:45:00+00:00,100225.9
2026-03-02T18:00:00+00:00,100225.9
2026-03-02T18:15:00+00:00,100225.9
2026-03-02T18:30:00+00:00,100220.82
2026-03-02T18:45:00+00:00,100216.92
2026-03-02T19:00:00+00:00,100213.43
2026-03-02T19:15:00+00:00,100213.43
2026-03-02T19:30:00+00:00,100213.43
2026-03-02T19:45:00+00:00,100213.43
2026-03-02T20:00:00+00:00,100213.43
2026-03-02T20:10:00+00:00,100213.43
2026-03-03T15:00:00+00:00,100163.23
2026-03-03T15:15:00+00:00,100163.23
2026-03-03T15:30:00+00:00,100090.03
2026-03-03T15:45:00+00:00,101317.29
2026-03-03T16:00:00+00:00,101317.29
2026-03-03T16:15:00+00:00,101317.29
2026-03-03T16:30:00+00:00,101317.29
2026-03-03T16:45:00+00:00,101317.29
2026-03-03T17:00:00+00:00,101317.29
2026-03-03T17:15:00+00:00,101317.29
2026-03-03T17:30:00+00:00,101317.29
2026-03-03T17:45:00+00:00,101317.29
2026-03-03T18:00:00+00:00,101317.29
2026-03-03T18:15:00+00:00,101317.29
2026-03-03T18:30:00+00:00,101317.29
2026-03-03T18:45:00+00:00,101274.09
2026-03-03T19:00:00+00:00,101683.89
2026-03-03T19:15:00+00:00,101685.49
2026-03-03T19:30:00+00:00,101686.69
2026-03-03T19:45:00+00:00,101682.29
2026-03-03T20:00:00+00:00,101684.89
2026-03-03T20:10:00+00:00,101685.89
2026-03-04T15:00:00+00:00,102190.69
2026-03-04T15:15:00+00:00,102191.29
2026-03-04T15:30:00+00:00,102190.29
2026-03-04T15:45:00+00:00,102193.49
2026-03-04T16:00:00+00:00,102191.29
2026-03-04T16:15:00+00:00,102194.09
2026-03-04T16:30:00+00:00,102195.69
2026-03-04T16:45:00+00:00,102195.49
2026-03-04T17:00:00+00:00,102193.89
2026-03-04T17:15:00+00:00,102193.29
2026-03-04T17:30:00+00:00,102195.89
2026-03-04T17:45:00+00:00,102195.09
2026-03-04T18:00:00+00:00,102195.69
2026-03-04T18:15:00+00:00,102197.69
2026-03-04T18:30:00+00:00,102198.69
2026-03-04T18:45:00+00:00,102198.69
2026-03-04T19:00:00+00:00,102199.29
2026-03-04T19:15:00+00:00,102197.29
2026-03-04T19:30:00+00:00,102197.69
2026-03-04T19:45:00+00:00,102199.09
2026-03-04T20:00:00+00:00,102200.49
2026-03-04T20:10:00+00:00,102200.29
2026-03-05T15:00:00+00:00,102515.6
2026-03-05T15:15:00+00:00,102485.88
2026-03-05T15:30:00+00:00,102469.48
2026-03-05T15:45:00+00:00,102472.28
2026-03-05T16:00:00+00:00,102475.28
2026-03-05T16:15:00+00:00,102465.48
2026-03-05T16:30:00+00:00,102467.88
2026-03-05T16:45:00+00:00,102478.68
2026-03-05T17:00:00+00:00,102483.68
2026-03-05T17:15:00+00:00,102479.28
2026-03-05T17:30:00+00:00,102480.28
2026-03-05T17:45:00+00:00,102470.08
2026-03-05T18:00:00+00:00,102476.68
2026-03-05T18:15:00+00:00,102480.68
2026-03-05T18:30:00+00:00,102469.88
2026-03-05T18:45:00+00:00,102475.48
2026-03-05T19:00:00+00:00,102475.28
2026-03-05T19:15:00+00:00,102480.68
2026-03-05T19:30:00+00:00,102473.08
2026-03-05T19:45:00+00:00,102475.88
2026-03-05T20:00:00+00:00,102475.88
2026-03-05T20:10:00+00:00,102481.28
2026-03-06T15:00:00+00:00,103144.93
2026-03-06T15:15:00+00:00,103144.93
2026-03-06T15:30:00+00:00,103144.93
2026-03-06T15:45:00+00:00,103144.93
2026-03-06T16:00:00+00:00,103144.93
2026-03-06T16:15:00+00:00,103144.93
2026-03-06T16:30:00+00:00,103144.93
2026-03-06T16:45:00+00:00,103144.93
2026-03-06T17:00:00+00:00,103144.93
2026-03-06T17:15:00+00:00,103144.93
2026-03-06T17:30:00+00:00,103144.93
2026-03-06T17:45:00+00:00,103144.93
2026-03-06T18:00:00+00:00,103144.93
2026-03-06T18:15:00+00:00,103144.93
2026-03-06T18:30:00+00:00,103144.93
2026-03-06T18:45:00+00:00,103144.93
2026-03-06T19:00:00+00:00,103144.93
2026-03-06T19:15:00+00:00,103144.93
2026-03-06T19:30:00+00:00,103144.93
2026-03-06T19:45:00+00:00,103144.93
2026-03-06T20:00:00+00:00,103144.93
2026-03-06T20:10:00+00:00,103144.93
2026-03-09T14:00:00+00:00,103616.59
2026-03-09T14:15:00+00:00,103616.59
2026-03-09T14:30:00+00:00,103616.59
2026-03-09T14:45:00+00:00,103616.59
2026-03-09T15:00:00+00:00,103616.59
2026-03-09T15:15:00+00:00,103616.59
2026-03-09T15:30:00+00:00,103616.59
2026-03-09T15:45:00+00:00,103616.59
2026-03-09T16:00:00+00:00,103616.59
2026-03-09T16:15:00+00:00,103616.59
2026-03-09T16:30:00+00:00,103616.59
2026-03-09T16:45:00+00:00,103616.59
2026-03-09T17:00:00+00:00,103616.59
2026-03-09T17:15:00+00:00,103616.59
2026-03-09T17:30:00+00:00,103616.59
2026-03-09T17:45:00+00:00,103616.59
2026-03-09T18:00:00+00:00,103616.59
2026-03-09T18:15:00+00:00,103616.59
2026-03-09T18:30:00+00:00,103616.59
2026-03-09T18:45:00+00:00,103616.59
2026-03-09T19:00:00+00:00,103616.59
2026-03-09T19:10:00+00:00,103616.59
2026-03-10T14:00:00+00:00,103796.07
2026-03-10T14:15:00+00:00,103799.1
2026-03-10T14:30:00+00:00,103772.88
2026-03-10T14:45:00+00:00,103766.94
2026-03-10T15:00:00+00:00,103764.75
2026-03-10T15:15:00+00:00,103755.81
2026-03-10T15:30:00+00:00,103755.9
2026-03-10T15:45:00+00:00,103731.63
2026-03-10T16:00:00+00:00,103736.25
2026-03-10T16:15:00+00:00,103759.32
2026-03-10T16:30:00+00:00,103764.33
2026-03-10T16:45:00+00:00,103753.92
2026-03-10T17:00:00+00:00,103746.3
2026-03-10T17:15:00+00:00,103732.44
2026-03-10T17:30:00+00:00,103724.43
2026-03-10T17:45:00+00:00,103829.11
2026-03-10T18:00:00+00:00,103797.48
2026-03-10T18:15:00+00:00,103828.86
2026-03-10T18:30:00+00:00,103954.37
2026-03-10T18:45:00+00:00,103963.37
2026-03-10T19:00:00+00:00,103959.47
2026-03-10T19:10:00+00:00,103967.54
2026-03-11T14:00:00+00:00,104084.97
2026-03-11T14:15:00+00:00,104084.97
2026-03-11T14:30:00+00:00,104084.97
2026-03-11T14:45:00+00:00,104084.97
2026-03-11T15:00:00+00:00,104084.97
2026-03-11T15:15:00+00:00,104084.97
2026-03-11T15:30:00+00:00,104084.97
2026-03-11T15:45:00+00:00,104084.97
2026-03-11T16:00:00+00:00,104084.97
2026-03-11T16:15:00+00:00,104084.97
2026-03-11T16:30:00+00:00,104084.97
2026-03-11T16:45:00+00:00,104084.97
2026-03-11T17:00:00+00:00,104084.97
2026-03-11T17:15:00+00:00,104084.97
2026-03-11T17:30:00+00:00,104084.97
2026-03-11T17:45:00+00:00,104084.97
2026-03-11T18:00:00+00:00,104084.97
2026-03-11T18:15:00+00:00,104077.41
2026-03-11T18:30:00+00:00,104087.77
2026-03-11T18:45:00+00:00,104070.6
2026-03-11T19:00:00+00:00,104070.6
2026-03-11T19:10:00+00:00,104070.6
2026-03-12T14:00:00+00:00,104115.4
2026-03-12T14:15:00+00:00,104115.4
2026-03-12T14:30:00+00:00,104115.4
2026-03-12T14:45:00+00:00,104115.4
2026-03-12T15:00:00+00:00,104115.4
2026-03-12T15:15:00+00:00,104115.4
2026-03-12T15:30:00+00:00,104115.4
2026-03-12T15:45:00+00:00,104115.4
2026-03-12T16:00:00+00:00,104115.4
2026-03-12T16:15:00+00:00,104115.4
2026-03-12T16:30:00+00:00,104115.4
2026-03-12T16:45:00+00:00,104115.4
2026-03-12T17:00:00+00:00,104115.4
2026-03-12T17:15:00+00:00,104115.4
2026-03-12T17:30:00+00:00,104115.4
2026-03-12T17:45:00+00:00,104115.4
2026-03-12T18:00:00+00:00,104115.4
2026-03-12T18:15:00+00:00,104115.4
2026-03-12T18:30:00+00:00,104115.4
2026-03-12T18:45:00+00:00,104115.4
2026-03-12T19:00:00+00:00,104115.4
2026-03-12T19:10:00+00:00,104115.4
2026-03-13T14:00:00+00:00,104321.4
2026-03-13T14:15:00+00:00,104321.4
2026-03-13T14:30:00+00:00,104321.4
2026-03-13T14:45:00+00:00,104321.4
2026-03-13T15:00:00+00:00,104321.4
2026-03-13T15:15:00+00:00,104321.4
2026-03-13T15:30:00+00:00,104321.4
2026-03-13T15:45:00+00:00,104321.4
2026-03-13T16:00:00+00:00,104321.4
2026-03-13T16:15:00+00:00,104321.4
2026-03-13T16:30:00+00:00,104321.4
2026-03-13T16:45:00+00:00,104321.4
2026-03-13T17:00:00+00:00,104321.4
2026-03-13T17:15:00+00:00,104321.4
2026-03-13T17:30:00+00:00,104321.4
2026-03-13T17:45:00+00:00,104321.4
2026-03-13T18:00:00+00:00,104321.4
2026-03-13T18:15:00+00:00,104321.4
2026-03-13T18:30:00+00:00,104321.4
2026-03-13T18:45:00+00:00,104321.4
2026-03-13T19:00:00+00:00,104321.4
2026-03-13T19:10:00+00:00,104321.4
2026-03-16T14:00:00+00:00,104838.68
2026-03-16T14:15:00+00:00,104822.54
2026-03-16T14:30:00+00:00,104822.54
2026-03-16T14:45:00+00:00,104822.54
2026-03-16T15:00:00+00:00,104822.54
2026-03-16T15:15:00+00:00,104822.54
2026-03-16T15:30:00+00:00,104822.54
2026-03-16T15:45:00+00:00,104822.54
2026-03-16T16:00:00+00:00,104822.54
2026-03-16T16:15:00+00:00,104822.54
2026-03-16T16:30:00+00:00,104822.54
2026-03-16T16:45:00+00:00,104822.54
2026-03-16T17:00:00+00:00,104822.54
2026-03-16T17:15:00+00:00,104822.54
2026-03-16T17:30:00+00:00,104822.54
2026-03-16T17:45:00+00:00,104822.54
2026-03-16T18:00:00+00:00,104822.54
2026-03-16T18:15:00+00:00,104822.54
2026-03-16T18:30:00+00:00,104814.44
2026-03-16T18:45:00+00:00,105028.56
2026-03-16T19:00:00+00:00,105028.56
2026-03-16T19:10:00+00:00,105028.56
2026-03-17T14:00:00+00:00,104868.24
2026-03-17T14:15:00+00:00,104775.9
2026-03-17T14:30:00+00:00,104775.9
2026-03-17T14:45:00+00:00,104775.9
2026-03-17T15:00:00+00:00,104775.9
2026-03-17T15:15:00+00:00,104775.9
2026-03-17T15:30:00+00:00,104775.9
2026-03-17T15:45:00+00:00,104691.66
2026-03-17T16:00:00+00:00,104691.66
2026-03-17T16:15:00+00:00,104691.66
2026-03-17T16:30:00+00:00,104691.66
2026-03-17T16:45:00+00:00,104691.66
2026-03-17T17:00:00+00:00,104691.66
2026-03-17T17:15:00+00:00,104691.66
2026-03-17T17:30:00+00:00,104691.66
2026-03-17T17:45:00+00:00,104687.34
2026-03-17T18:00:00+00:00,104520.38
2026-03-17T18:15:00+00:00,104520.38
2026-03-17T18:30:00+00:00,104520.38
2026-03-17T18:45:00+00:00,104520.38
2026-03-17T19:00:00+00:00,104520.38
2026-03-17T19:10:00+00:00,104520.38
2026-03-18T14:00:00+00:00,104463.76
2026-03-18T14:15:00+00:00,104463.76
2026-03-18T14:30:00+00:00,104442.16
2026-03-18T14:45:00+00:00,104442.16
2026-03-18T15:00:00+00:00,104442.16
2026-03-18T15:15:00+00:00,104442.16
2026-03-18T15:30:00+00:00,104442.16
2026-03-18T15:45:00+00:00,104442.16
2026-03-18T16:00:00+00:00,104442.16
2026-03-18T16:15:00+00:00,104442.16
2026-03-18T16:30:00+00:00,104442.16
2026-03-18T16:45:00+00:00,104442.16
2026-03-18T17:00:00+00:00,104442.16
2026-03-18T17:15:00+00:00,104442.16
2026-03-18T17:30:00+00:00,104442.16
2026-03-18T17:45:00+00:00,104442.16
2026-03-18T18:00:00+00:00,104442.16
2026-03-18T18:15:00+00:00,104442.16
2026-03-18T18:30:00+00:00,104442.16
2026-03-18T18:45:00+00:00,104442.16
2026-03-18T19:00:00+00:00,104442.16
2026-03-18T19:10:00+00:00,104442.16
2026-03-19T14:00:00+00:00,104368.78
2026-03-19T14:15:00+00:00,104327.98
2026-03-19T14:30:00+00:00,104327.98
2026-03-19T14:45:00+00:00,104289.1
2026-03-19T15:00:00+00:00,104289.1
2026-03-19T15:15:00+00:00,104289.1
2026-03-19T15:30:00+00:00,104289.1
2026-03-19T15:45:00+00:00,104289.1
2026-03-19T16:00:00+00:00,104289.1
2026-03-19T16:15:00+00:00,104289.1
2026-03-19T16:30:00+00:00,104289.1
2026-03-19T16:45:00+00:00,104289.1
2026-03-19T17:00:00+00:00,104289.1
2026-03-19T17:15:00+00:00,104289.1
2026-03-19T17:30:00+00:00,104289.1
2026-03-19T17:45:00+00:00,104289.1
2026-03-19T18:00:00+00:00,104289.1
2026-03-19T18:15:00+00:00,104289.1
2026-03-19T18:30:00+00:00,104289.1
2026-03-19T18:45:00+00:00,104289.1
2026-03-19T19:00:00+00:00,104289.1
2026-03-19T19:10:00+00:00,104289.1
2026-03-20T14:00:00+00:00,104259.1
2026-03-20T14:15:00+00:00,104259.1
2026-03-20T14:30:00+00:00,104259.1
2026-03-20T14:45:00+00:00,104259.1
2026-03-20T15:00:00+00:00,104259.1
2026-03-20T15:15:00+00:00,104259.1
2026-03-20T15:30:00+00:00,104259.1
2026-03-20T15:45:00+00:00,104259.1
2026-03-20T16:00:00+00:00,104259.1
2026-03-20T16:15:00+00:00,104259.1
2026-03-20T16:30:00+00:00,104259.1
2026-03-20T16:45:00+00:00,104259.1
2026-03-20T17:00:00+00:00,104259.1
2026-03-20T17:15:00+00:00,104259.1
2026-03-20T17:30:00+00:00,104259.1
2026-03-20T17:45:00+00:00,104259.1
2026-03-20T18:00:00+00:00,104259.1
2026-03-20T18:15:00+00:00,104259.1
2026-03-20T18:30:00+00:00,104259.1
2026-03-20T18:45:00+00:00,104259.1
2026-03-20T19:00:00+00:00,104259.1
2026-03-20T19:10:00+00:00,104259.1
2026-03-23T14:00:00+00:00,104388.1
2026-03-23T14:15:00+00:00,104388.1
2026-03-23T14:30:00+00:00,104388.1
2026-03-23T14:45:00+00:00,104388.1
2026-03-23T15:00:00+00:00,104172.91
2026-03-23T15:15:00+00:00,109008.02
2026-03-23T15:30:00+00:00,109008.02
2026-03-23T15:45:00+00:00,109008.02
2026-03-23T16:00:00+00:00,109008.02
2026-03-23T16:15:00+00:00,109008.02
2026-03-23T16:30:00+00:00,108994.31
2026-03-23T16:45:00+00:00,108994.31
2026-03-23T17:00:00+00:00,108994.31
2026-03-23T17:15:00+00:00,108994.31
2026-03-23T17:30:00+00:00,108994.31
2026-03-23T17:45:00+00:00,108994.31
2026-03-23T18:00:00+00:00,108994.31
2026-03-23T18:15:00+00:00,108994.31
2026-03-23T18:30:00+00:00,108994.31
2026-03-23T18:45:00+00:00,108994.31
2026-03-23T19:00:00+00:00,108994.31
2026-03-23T19:10:00+00:00,108994.31
2026-03-24T14:00:00+00:00,108823.28
2026-03-24T14:15:00+00:00,108827.76
2026-03-24T14:30:00+00:00,108826.08
2026-03-24T14:45:00+00:00,108824.33
2026-03-24T15:00:00+00:00,108838.75
2026-03-24T15:15:00+00:00,108819.36
2026-03-24T15:30:00+00:00,108824.12
2026-03-24T15:45:00+00:00,108823.63
2026-03-24T16:00:00+00:00,108816.77
2026-03-24T16:15:00+00:00,108816.28
2026-03-24T16:30:00+00:00,108824.82
2026-03-24T16:45:00+00:00,108826.08
2026-03-24T17:00:00+00:00,108824.68
2026-03-24T17:15:00+00:00,108809.77
2026-03-24T17:30:00+00:00,108816.56
2026-03-24T17:45:00+00:00,108807.25
2026-03-24T18:00:00+00:00,108825.59
2026-03-24T18:15:00+00:00,108821.25
2026-03-24T18:30:00+00:00,108827.97
2026-03-24T18:45:00+00:00,108833.57
2026-03-24T19:00:00+00:00,108834.48
2026-03-24T19:10:00+00:00,108837.35
2026-03-25T14:00:00+00:00,109123.36
2026-03-25T14:15:00+00:00,109093.15
2026-03-25T14:30:00+00:00,109091.18
2026-03-25T14:45:00+00:00,109071.28
2026-03-25T15:00:00+00:00,109082.32
2026-03-25T15:15:00+00:00,109117.03
2026-03-25T15:30:00+00:00,109091.64
2026-03-25T15:45:00+00:00,109105.68
2026-03-25T16:00:00+00:00,109095.11
2026-03-25T16:15:00+00:00,109111.97
2026-03-25T16:30:00+00:00,109109.14
2026-03-25T16:45:00+00:00,109110.91
2026-03-25T17:00:00+00:00,109112.61
2026-03-25T17:15:00+00:00,109123.24
2026-03-25T17:30:00+00:00,109120.79
2026-03-25T17:45:00+00:00,109106.67
2026-03-25T18:00:00+00:00,109117.14
2026-03-25T18:15:00+00:00,109130.31
2026-03-25T18:30:00+00:00,109127.19
2026-03-25T18:45:00+00:00,109144.78
2026-03-25T19:00:00+00:00,109163.75
2026-03-25T19:10:00+00:00,109229.22
2026-03-26T14:00:00+00:00,109279.55
2026-03-26T14:15:00+00:00,109279.55
2026-03-26T14:30:00+00:00,109279.55
2026-03-26T14:45:00+00:00,109279.55
2026-03-26T15:00:00+00:00,109279.55
2026-03-26T15:15:00+00:00,109279.55
2026-03-26T15:30:00+00:00,109279.55
2026-03-26T15:45:00+00:00,109279.55
2026-03-26T16:00:00+00:00,109279.55
2026-03-26T16:15:00+00:00,109279.55
2026-03-26T16:30:00+00:00,109279.55
2026-03-26T16:45:00+00:00,109279.55
2026-03-26T17:00:00+00:00,109279.55
2026-03-26T17:15:00+00:00,109279.55
2026-03-26T17:30:00+00:00,109279.55
2026-03-26T17:45:00+00:00,109279.55
2026-03-26T18:00:00+00:00,109279.55
2026-03-26T18:15:00+00:00,109279.55
2026-03-26T18:30:00+00:00,109279.55
2026-03-26T18:45:00+00:00,109279.55
2026-03-26T19:00:00+00:00,109279.55
2026-03-26T19:10:00+00:00,109279.55
2026-03-27T14:00:00+00:00,109376.63
2026-03-27T14:15:00+00:00,109381.67
2026-03-27T14:30:00+00:00,109375.58
2026-03-27T14:45:00+00:00,109377.89
2026-03-27T15:00:00+00:00,109347.37
2026-03-27T15:15:00+00:00,109347.65
2026-03-27T15:30:00+00:00,109372.08
2026-03-27T15:45:00+00:00,109369.42
2026-03-27T16:00:00+00:00,109351.22
2026-03-27T16:15:00+00:00,109347.51
2026-03-27T16:30:00+00:00,109344.99
2026-03-27T16:45:00+00:00,109348.7
2026-03-27T17:00:00+00:00,109339.11
2026-03-27T17:15:00+00:00,109338.62
2026-03-27T17:30:00+00:00,109316.5
2026-03-27T17:45:00+00:00,109312.65
2026-03-27T18:00:00+00:00,109310.34
2026-03-27T18:15:00+00:00,109306.35
2026-03-27T18:30:00+00:00,109315.24
2026-03-27T18:45:00+00:00,109323.92
2026-03-27T19:00:00+00:00,109323.29
2026-03-27T19:10:00+00:00,109304.46
2026-03-30T14:00:00+00:00,109967.57
2026-03-30T14:15:00+00:00,109967.57
2026-03-30T14:30:00+00:00,109967.57
2026-03-30T14:45:00+00:00,109967.57
2026-03-30T15:00:00+00:00,109967.57
2026-03-30T15:15:00+00:00,109967.57
2026-03-30T15:30:00+00:00,109967.57
2026-03-30T15:45:00+00:00,109967.57
2026-03-30T16:00:00+00:00,109967.57
2026-03-30T16:15:00+00:00,109967.57
2026-03-30T16:30:00+00:00,109967.57
2026-03-30T16:45:00+00:00,109967.57
2026-03-30T17:00:00+00:00,109967.57
2026-03-30T17:15:00+00:00,109967.57
2026-03-30T17:30:00+00:00,109967.57
2026-03-30T17:45:00+00:00,109967.57
2026-03-30T18:00:00+00:00,109967.57
2026-03-30T18:15:00+00:00,109967.57
2026-03-30T18:30:00+00:00,109967.57
2026-03-30T18:45:00+00:00,109967.57
2026-03-30T19:00:00+00:00,109947.25
2026-03-30T19:10:00+00:00,109947.25
2026-03-31T14:00:00+00:00,108317.25
2026-03-31T14:15:00+00:00,108317.25
2026-03-31T14:30:00+00:00,108317.25
2026-03-31T14:45:00+00:00,108317.25
2026-03-31T15:00:00+00:00,108317.25
2026-03-31T15:15:00+00:00,108317.25
2026-03-31T15:30:00+00:00,108317.25
2026-03-31T15:45:00+00:00,108317.25
2026-03-31T16:00:00+00:00,108317.25
2026-03-31T16:15:00+00:00,108317.25
2026-03-31T16:30:00+00:00,108317.25
2026-03-31T16:45:00+00:00,108317.25
2026-03-31T17:00:00+00:00,108317.25
2026-03-31T17:15:00+00:00,108317.25
2026-03-31T17:30:00+00:00,108317.25
2026-03-31T17:45:00+00:00,108317.25
2026-03-31T18:00:00+00:00,108317.25
2026-03-31T18:15:00+00:00,108317.25
2026-03-31T18:30:00+00:00,108317.25
2026-03-31T18:45:00+00:00,108317.25
2026-03-31T19:00:00+00:00,108317.25
2026-03-31T19:10:00+00:00,108317.25
2026-04-01T14:00:00+00:00,109263.91
2026-04-01T14:15:00+00:00,109236.97
2026-04-01T14:30:00+00:00,109239.63
2026-04-01T14:45:00+00:00,109191.2
2026-04-01T15:00:00+00:00,109147.3
2026-04-01T15:15:00+00:00,109147.3
2026-04-01T15:30:00+00:00,109147.3
2026-04-01T15:45:00+00:00,109147.3
2026-04-01T16:00:00+00:00,109147.3
2026-04-01T16:15:00+00:00,109147.3
2026-04-01T16:30:00+00:00,109147.3
2026-04-01T16:45:00+00:00,109147.3
2026-04-01T17:00:00+00:00,109147.3
2026-04-01T17:15:00+00:00,109147.3
2026-04-01T17:30:00+00:00,109147.3
2026-04-01T17:45:00+00:00,109147.3
2026-04-01T18:00:00+00:00,109147.3
2026-04-01T18:15:00+00:00,109147.3
2026-04-01T18:30:00+00:00,109147.3
2026-04-01T18:45:00+00:00,109147.3
2026-04-01T19:00:00+00:00,109147.3
2026-04-01T19:10:00+00:00,109147.3
2026-04-02T14:00:00+00:00,109602.8
2026-04-02T14:15:00+00:00,109602.8
2026-04-02T14:30:00+00:00,109602.8
2026-04-02T14:45:00+00:00,109561.76
2026-04-02T15:00:00+00:00,109561.76
2026-04-02T15:15:00+00:00,109561.76
2026-04-02T15:30:00+00:00,109561.76
2026-04-02T15:45:00+00:00,109561.76
2026-04-02T16:00:00+00:00,109561.76
2026-04-02T16:15:00+00:00,109561.76
2026-04-02T16:30:00+00:00,109561.76
2026-04-02T16:45:00+00:00,109561.76
2026-04-02T17:00:00+00:00,109561.76
2026-04-02T17:15:00+00:00,109561.76
2026-04-02T17:30:00+00:00,109561.76
2026-04-02T17:45:00+00:00,109561.76
2026-04-02T18:00:00+00:00,109561.76
2026-04-02T18:15:00+00:00,109561.76
2026-04-02T18:30:00+00:00,109561.76
2026-04-02T18:45:00+00:00,109561.76
2026-04-02T19:00:00+00:00,109561.76
2026-04-02T19:10:00+00:00,109561.76
2026-04-06T14:00:00+00:00,109808.76
2026-04-06T14:15:00+00:00,109808.76
2026-04-06T14:30:00+00:00,109808.76
2026-04-06T14:45:00+00:00,109808.76
2026-04-06T15:00:00+00:00,109808.76
2026-04-06T15:15:00+00:00,109808.76
2026-04-06T15:30:00+00:00,109808.76
2026-04-06T15:45:00+00:00,109808.76
2026-04-06T16:00:00+00:00,109808.76
2026-04-06T16:15:00+00:00,109808.76
2026-04-06T16:30:00+00:00,109808.76
2026-04-06T16:45:00+00:00,109808.76
2026-04-06T17:00:00+00:00,109808.76
2026-04-06T17:15:00+00:00,109808.76
2026-04-06T17:30:00+00:00,109808.76
2026-04-06T17:45:00+00:00,109808.76
2026-04-06T18:00:00+00:00,109808.76
2026-04-06T18:15:00+00:00,109808.76
2026-04-06T18:30:00+00:00,109808.76
2026-04-06T18:45:00+00:00,109808.76
2026-04-06T19:00:00+00:00,109808.76
2026-04-06T19:10:00+00:00,109808.76
2026-04-07T14:00:00+00:00,109542.76
2026-04-07T14:15:00+00:00,109542.76
2026-04-07T14:30:00+00:00,109501.72
2026-04-07T14:45:00+00:00,109501.72
2026-04-07T15:00:00+00:00,109501.72
2026-04-07T15:15:00+00:00,109501.72
2026-04-07T15:30:00+00:00,109501.72
2026-04-07T15:45:00+00:00,109501.72
2026-04-07T16:00:00+00:00,109501.72
2026-04-07T16:15:00+00:00,109501.72
2026-04-07T16:30:00+00:00,109501.72
2026-04-07T16:45:00+00:00,109501.72
2026-04-07T17:00:00+00:00,109501.72
2026-04-07T17:15:00+00:00,109501.72
2026-04-07T17:30:00+00:00,109501.72
2026-04-07T17:45:00+00:00,109501.72
2026-04-07T18:00:00+00:00,109501.72
2026-04-07T18:15:00+00:00,109501.72
2026-04-07T18:30:00+00:00,109501.72
2026-04-07T18:45:00+00:00,109501.72
2026-04-07T19:00:00+00:00,109501.72
2026-04-07T19:10:00+00:00,109501.72
2026-04-08T14:00:00+00:00,109602.66
2026-04-08T14:15:00+00:00,109602.66
2026-04-08T14:30:00+00:00,109602.66
2026-04-08T14:45:00+00:00,109602.66
2026-04-08T15:00:00+00:00,109602.66
2026-04-08T15:15:00+00:00,109602.66
2026-04-08T15:30:00+00:00,109602.66
2026-04-08T15:45:00+00:00,109563.78
2026-04-08T16:00:00+00:00,109563.78
2026-04-08T16:15:00+00:00,109563.78
2026-04-08T16:30:00+00:00,109563.78
2026-04-08T16:45:00+00:00,109563.78
2026-04-08T17:00:00+00:00,109563.78
2026-04-08T17:15:00+00:00,109563.78
2026-04-08T17:30:00+00:00,109563.78
2026-04-08T17:45:00+00:00,109563.78
2026-04-08T18:00:00+00:00,109563.78
2026-04-08T18:15:00+00:00,109563.78
2026-04-08T18:30:00+00:00,109563.78
2026-04-08T18:45:00+00:00,109563.78
2026-04-08T19:00:00+00:00,109563.78
2026-04-08T19:10:00+00:00,109563.78
2026-04-09T14:00:00+00:00,109785.84
2026-04-09T14:15:00+00:00,109674.24
2026-04-09T14:30:00+00:00,109662.0
2026-04-09T14:45:00+00:00,109669.92
2026-04-09T15:00:00+00:00,109675.32
2026-04-09T15:15:00+00:00,109676.76
2026-04-09T15:30:00+00:00,109688.08
2026-04-09T15:45:00+00:00,110039.21
2026-04-09T16:00:00+00:00,110037.95
2026-04-09T16:15:00+00:00,110038.31
2026-04-09T16:30:00+00:00,110037.77
2026-04-09T16:45:00+00:00,110043.53
2026-04-09T17:00:00+00:00,110045.51
2026-04-09T17:15:00+00:00,110043.35
2026-04-09T17:30:00+00:00,110045.15
2026-04-09T17:45:00+00:00,110044.79
2026-04-09T18:00:00+00:00,110046.77
2026-04-09T18:15:00+00:00,110049.29
2026-04-09T18:30:00+00:00,109942.95
2026-04-09T18:45:00+00:00,109845.32
2026-04-09T19:00:00+00:00,109846.4
2026-04-09T19:10:00+00:00,109844.42
2026-04-10T14:00:00+00:00,109969.47
2026-04-10T14:15:00+00:00,109969.47
2026-04-10T14:30:00+00:00,109969.47
2026-04-10T14:45:00+00:00,109969.47
2026-04-10T15:00:00+00:00,109969.47
2026-04-10T15:15:00+00:00,109969.47
2026-04-10T15:30:00+00:00,109969.47
2026-04-10T15:45:00+00:00,109969.47
2026-04-10T16:00:00+00:00,109969.47
2026-04-10T16:15:00+00:00,109969.47
2026-04-10T16:30:00+00:00,109969.47
2026-04-10T16:45:00+00:00,109969.47
2026-04-10T17:00:00+00:00,109969.47
2026-04-10T17:15:00+00:00,109969.47
2026-04-10T17:30:00+00:00,109969.47
2026-04-10T17:45:00+00:00,109969.47
2026-04-10T18:00:00+00:00,109969.47
2026-04-10T18:15:00+00:00,109969.47
2026-04-10T18:30:00+00:00,109969.47
2026-04-10T18:45:00+00:00,109969.47
2026-04-10T19:00:00+00:00,109969.47
2026-04-10T19:10:00+00:00,109969.47
2026-04-13T14:00:00+00:00,109662.91
2026-04-13T14:15:00+00:00,109507.12
2026-04-13T14:30:00+00:00,109507.12
2026-04-13T14:45:00+00:00,109507.12
2026-04-13T15:00:00+00:00,109507.12
2026-04-13T15:15:00+00:00,109507.12
2026-04-13T15:30:00+00:00,109507.12
2026-04-13T15:45:00+00:00,109507.12
2026-04-13T16:00:00+00:00,109507.12
2026-04-13T16:15:00+00:00,109507.12
2026-04-13T16:30:00+00:00,109507.12
2026-04-13T16:45:00+00:00,109507.12
2026-04-13T17:00:00+00:00,109507.12
2026-04-13T17:15:00+00:00,109507.12
2026-04-13T17:30:00+00:00,109507.12
2026-04-13T17:45:00+00:00,109507.12
2026-04-13T18:00:00+00:00,109507.12
2026-04-13T18:15:00+00:00,109500.1
2026-04-13T18:30:00+00:00,109443.94
2026-04-13T18:45:00+00:00,109428.77
2026-04-13T19:00:00+00:00,109428.77
2026-04-13T19:10:00+00:00,109428.77
2026-04-14T14:00:00+00:00,109232.5
2026-04-14T14:15:00+00:00,109377.89
2026-04-14T14:30:00+00:00,109382.77
2026-04-14T14:45:00+00:00,109375.33
2026-04-14T15:00:00+00:00,109373.73
2026-04-14T15:15:00+00:00,109383.65
2026-04-14T15:30:00+00:00,109518.57
2026-04-14T15:45:00+00:00,109521.29
2026-04-14T16:00:00+00:00,109526.73
2026-04-14T16:15:00+00:00,109529.37
2026-04-14T16:30:00+00:00,109522.57
2026-04-14T16:45:00+00:00,109530.09
2026-04-14T17:00:00+00:00,109538.01
2026-04-14T17:15:00+00:00,109533.53
2026-04-14T17:30:00+00:00,109521.61
2026-04-14T17:45:00+00:00,109516.33
2026-04-14T18:00:00+00:00,109319.0
2026-04-14T18:15:00+00:00,109312.68
2026-04-14T18:30:00+00:00,109329.0
2026-04-14T18:45:00+00:00,109328.6
2026-04-14T19:00:00+00:00,109325.32
2026-04-14T19:10:00+00:00,109319.24
2026-04-15T14:00:00+00:00,109773.2
2026-04-15T14:15:00+00:00,109741.96
2026-04-15T14:30:00+00:00,109724.36
2026-04-15T14:45:00+00:00,109725.4
2026-04-15T15:00:00+00:00,109713.04
2026-04-15T15:15:00+00:00,109710.9
2026-04-15T15:30:00+00:00,109779.83
2026-04-15T15:45:00+00:00,109794.1
2026-04-15T16:00:00+00:00,109800.78
2026-04-15T16:15:00+00:00,109770.46
2026-04-15T16:30:00+00:00,109786.42
2026-04-15T16:45:00+00:00,109846.62
2026-04-15T17:00:00+00:00,109856.94
2026-04-15T17:15:00+00:00,109854.1
2026-04-15T17:30:00+00:00,109852.68
2026-04-15T17:45:00+00:00,109943.28
2026-04-15T18:00:00+00:00,109808.96
2026-04-15T18:15:00+00:00,109772.08
2026-04-15T18:30:00+00:00,109773.0
2026-04-15T18:45:00+00:00,109780.2
2026-04-15T19:00:00+00:00,109773.0
2026-04-15T19:10:00+00:00,109769.8
2026-04-16T14:00:00+00:00,109972.43
2026-04-16T14:15:00+00:00,109914.99
2026-04-16T14:30:00+00:00,109945.51
2026-04-16T14:45:00+00:00,109921.6
2026-04-16T15:00:00+00:00,109928.68
2026-04-16T15:15:00+00:00,109869.36
2026-04-16T15:30:00+00:00,109908.64
2026-04-16T15:45:00+00:00,109882.36
2026-04-16T16:00:00+00:00,109848.68
2026-04-16T16:15:00+00:00,109844.0
2026-04-16T16:30:00+00:00,109896.04
2026-04-16T16:45:00+00:00,109926.52
2026-04-16T17:00:00+00:00,109954.6
2026-04-16T17:15:00+00:00,109983.2
2026-04-16T17:30:00+00:00,109964.8
2026-04-16T17:45:00+00:00,109965.68
2026-04-16T18:00:00+00:00,109969.48
2026-04-16T18:15:00+00:00,109974.18
2026-04-16T18:30:00+00:00,109929.04
2026-04-16T18:45:00+00:00,109916.24
2026-04-16T19:00:00+00:00,109910.68
2026-04-16T19:10:00+00:00,109900.88
2026-04-17T14:00:00+00:00,109392.29
2026-04-17T14:15:00+00:00,109381.28
2026-04-17T14:30:00+00:00,109381.28
2026-04-17T14:45:00+00:00,109345.52
2026-04-17T15:00:00+00:00,109345.52
2026-04-17T15:15:00+00:00,109340.12
2026-04-17T15:30:00+00:00,109101.63
2026-04-17T15:45:00+00:00,109101.63
2026-04-17T16:00:00+00:00,109101.63
2026-04-17T16:15:00+00:00,109101.63
2026-04-17T16:30:00+00:00,109101.63
2026-04-17T16:45:00+00:00,109101.63
2026-04-17T17:00:00+00:00,109101.63
2026-04-17T17:15:00+00:00,109101.63
2026-04-17T17:30:00+00:00,109101.63
2026-04-17T17:45:00+00:00,109101.63
2026-04-17T18:00:00+00:00,109101.63
2026-04-17T18:15:00+00:00,109101.63
2026-04-17T18:30:00+00:00,109101.63
2026-04-17T18:45:00+00:00,109101.63
2026-04-17T19:00:00+00:00,109101.63
2026-04-17T19:10:00+00:00,109101.63
2026-04-20T14:00:00+00:00,109150.63
2026-04-20T14:15:00+00:00,109145.77
2026-04-20T14:30:00+00:00,109056.23
2026-04-20T14:45:00+00:00,109056.23
2026-04-20T15:00:00+00:00,109056.23
2026-04-20T15:15:00+00:00,109056.23
2026-04-20T15:30:00+00:00,109056.23
2026-04-20T15:45:00+00:00,109056.23
2026-04-20T16:00:00+00:00,109056.23
2026-04-20T16:15:00+00:00,109056.23
2026-04-20T16:30:00+00:00,109056.23
2026-04-20T16:45:00+00:00,109056.23
2026-04-20T17:00:00+00:00,109056.23
2026-04-20T17:15:00+00:00,109056.23
2026-04-20T17:30:00+00:00,109056.23
2026-04-20T17:45:00+00:00,109056.23
2026-04-20T18:00:00+00:00,109056.23
2026-04-20T18:15:00+00:00,109056.23
2026-04-20T18:30:00+00:00,109048.95
2026-04-20T18:45:00+00:00,109088.64
2026-04-20T19:00:00+00:00,109119.21
2026-04-20T19:10:00+00:00,109119.21
2026-04-21T14:00:00+00:00,108860.23
2026-04-21T14:15:00+00:00,108790.39
2026-04-21T14:30:00+00:00,108785.31
2026-04-21T14:45:00+00:00,108886.05
2026-04-21T15:00:00+00:00,108886.05
2026-04-21T15:15:00+00:00,108886.05
2026-04-21T15:30:00+00:00,108886.05
2026-04-21T15:45:00+00:00,108886.05
2026-04-21T16:00:00+00:00,108886.05
2026-04-21T16:15:00+00:00,108886.05
2026-04-21T16:30:00+00:00,108886.05
2026-04-21T16:45:00+00:00,108886.05
2026-04-21T17:00:00+00:00,108886.05
2026-04-21T17:15:00+00:00,108886.05
2026-04-21T17:30:00+00:00,108886.05
2026-04-21T17:45:00+00:00,108879.89
2026-04-21T18:00:00+00:00,108997.0
2026-04-21T18:15:00+00:00,108997.0
2026-04-21T18:30:00+00:00,108997.0
2026-04-21T18:45:00+00:00,108997.0
2026-04-21T19:00:00+00:00,108997.0
2026-04-21T19:10:00+00:00,108997.0
2026-04-22T14:00:00+00:00,109406.34
2026-04-22T14:15:00+00:00,109344.52
2026-04-22T14:30:00+00:00,109570.56
2026-04-22T14:45:00+00:00,109580.76
2026-04-22T15:00:00+00:00,109583.16
2026-04-22T15:15:00+00:00,109581.76
2026-04-22T15:30:00+00:00,109575.56
2026-04-22T15:45:00+00:00,109586.96
2026-04-22T16:00:00+00:00,109584.96
2026-04-22T16:15:00+00:00,109583.96
2026-04-22T16:30:00+00:00,109593.16
2026-04-22T16:45:00+00:00,109595.16
2026-04-22T17:00:00+00:00,109594.56
2026-04-22T17:15:00+00:00,109586.76
2026-04-22T17:30:00+00:00,109588.96
2026-04-22T17:45:00+00:00,109589.96
2026-04-22T18:00:00+00:00,109594.56
2026-04-22T18:15:00+00:00,109594.36
2026-04-22T18:30:00+00:00,109599.96
2026-04-22T18:45:00+00:00,109596.16
2026-04-22T19:00:00+00:00,109606.96
2026-04-22T19:10:00+00:00,109602.36
2026-04-23T14:00:00+00:00,109184.15
2026-04-23T14:15:00+00:00,109184.15
2026-04-23T14:30:00+00:00,109184.15
2026-04-23T14:45:00+00:00,109184.15
2026-04-23T15:00:00+00:00,109184.15
2026-04-23T15:15:00+00:00,109184.15
2026-04-23T15:30:00+00:00,109184.15
2026-04-23T15:45:00+00:00,109184.15
2026-04-23T16:00:00+00:00,109184.15
2026-04-23T16:15:00+00:00,109184.15
2026-04-23T16:30:00+00:00,109184.15
2026-04-23T16:45:00+00:00,109184.15
2026-04-23T17:00:00+00:00,109184.15
2026-04-23T17:15:00+00:00,109184.15
2026-04-23T17:30:00+00:00,109184.15
2026-04-23T17:45:00+00:00,109176.17
2026-04-23T18:00:00+00:00,109176.17
2026-04-23T18:15:00+00:00,109176.17
2026-04-23T18:30:00+00:00,109176.17
2026-04-23T18:45:00+00:00,109176.17
2026-04-23T19:00:00+00:00,109176.17
2026-04-23T19:10:00+00:00,109176.17
2026-04-24T14:00:00+00:00,110078.35
2026-04-24T14:15:00+00:00,110166.54
2026-04-24T14:30:00+00:00,110175.03
2026-04-24T14:45:00+00:00,110167.97
2026-04-24T15:00:00+00:00,110164.9
2026-04-24T15:15:00+00:00,110160.47
2026-04-24T15:30:00+00:00,110165.55
2026-04-24T15:45:00+00:00,110134.22
2026-04-24T16:00:00+00:00,110109.87
2026-04-24T16:15:00+00:00,110136.89
2026-04-24T16:30:00+00:00,110120.25
2026-04-24T16:45:00+00:00,110142.51
2026-04-24T17:00:00+00:00,110136.24
2026-04-24T17:15:00+00:00,110148.65
2026-04-24T17:30:00+00:00,110164.37
2026-04-24T17:45:00+00:00,110153.93
2026-04-24T18:00:00+00:00,110141.59
2026-04-24T18:15:00+00:00,110156.15
2026-04-24T18:30:00+00:00,110172.95
2026-04-24T18:45:00+00:00,110162.82
2026-04-24T19:00:00+00:00,110161.45
2026-04-24T19:10:00+00:00,110167.66
2026-04-27T14:00:00+00:00,110742.97
2026-04-27T14:15:00+00:00,110756.28
2026-04-27T14:30:00+00:00,110756.77
2026-04-27T14:45:00+00:00,110709.63
2026-04-27T15:00:00+00:00,110724.92
2026-04-27T15:15:00+00:00,110730.75
2026-04-27T15:30:00+00:00,110729.87
2026-04-27T15:45:00+00:00,110732.18
2026-04-27T16:00:00+00:00,110729.98
2026-04-27T16:15:00+00:00,110732.29
2026-04-27T16:30:00+00:00,110737.02
2026-04-27T16:45:00+00:00,110742.41
2026-04-27T17:00:00+00:00,110744.72
2026-04-27T17:15:00+00:00,110750.44
2026-04-27T17:30:00+00:00,110742.83
2026-04-27T17:45:00+00:00,110739.91
2026-04-27T18:00:00+00:00,110741.83
2026-04-27T18:15:00+00:00,110744.58
2026-04-27T18:30:00+00:00,110686.48
2026-04-27T18:45:00+00:00,111083.65
2026-04-27T19:00:00+00:00,111085.85
2026-04-27T19:10:00+00:00,111087.28
2026-04-28T14:00:00+00:00,110911.59
2026-04-28T14:15:00+00:00,110911.59
2026-04-28T14:30:00+00:00,110911.59
2026-04-28T14:45:00+00:00,110911.59
2026-04-28T15:00:00+00:00,110911.59
2026-04-28T15:15:00+00:00,110911.59
2026-04-28T15:30:00+00:00,110911.59
2026-04-28T15:45:00+00:00,110911.59
2026-04-28T16:00:00+00:00,110870.55
2026-04-28T16:15:00+00:00,110870.55
2026-04-28T16:30:00+00:00,110870.55
2026-04-28T16:45:00+00:00,110870.55
2026-04-28T17:00:00+00:00,110870.55
2026-04-28T17:15:00+00:00,110870.55
2026-04-28T17:30:00+00:00,110870.55
2026-04-28T17:45:00+00:00,110870.55
2026-04-28T18:00:00+00:00,110870.55
2026-04-28T18:15:00+00:00,110870.55
2026-04-28T18:30:00+00:00,110870.55
2026-04-28T18:45:00+00:00,110870.55
2026-04-28T19:00:00+00:00,110870.55
2026-04-28T19:10:00+00:00,110870.55
2026-04-29T14:00:00+00:00,110812.11
2026-04-29T14:15:00+00:00,111004.73
2026-04-29T14:30:00+00:00,110972.83
2026-04-29T14:45:00+00:00,110970.55
2026-04-29T15:00:00+00:00,110956.59
2026-04-29T15:15:00+00:00,110981.99
2026-04-29T15:30:00+00:00,110981.41
2026-04-29T15:45:00+00:00,110976.49
2026-04-29T16:00:00+00:00,110999.47
2026-04-29T16:15:00+00:00,110991.09
2026-04-29T16:30:00+00:00,111010.01
2026-04-29T16:45:00+00:00,111014.09
2026-04-29T17:00:00+00:00,111016.53
2026-04-29T17:15:00+00:00,111018.07
2026-04-29T17:30:00+00:00,111018.93
2026-04-29T17:45:00+00:00,111017.55
2026-04-29T18:00:00+00:00,111002.47
2026-04-29T18:15:00+00:00,110833.88
2026-04-29T18:30:00+00:00,109837.84
2026-04-29T18:45:00+00:00,109847.9
2026-04-29T19:00:00+00:00,109839.88
2026-04-29T19:10:00+00:00,109844.52
2026-04-30T14:00:00+00:00,109536.72
2026-04-30T14:15:00+00:00,109497.02
2026-04-30T14:30:00+00:00,109369.92
2026-04-30T14:45:00+00:00,109848.24
2026-04-30T15:00:00+00:00,109806.24
2026-04-30T15:15:00+00:00,109774.64
2026-04-30T15:30:00+00:00,109777.84
2026-04-30T15:45:00+00:00,109808.84
2026-04-30T16:00:00+00:00,109794.24
2026-04-30T16:15:00+00:00,109764.84
2026-04-30T16:30:00+00:00,109781.44
2026-04-30T16:45:00+00:00,109789.64
2026-04-30T17:00:00+00:00,109806.04
2026-04-30T17:15:00+00:00,109788.04
2026-04-30T17:30:00+00:00,109682.24
2026-04-30T17:45:00+00:00,109620.64
2026-04-30T18:00:00+00:00,109618.84
2026-04-30T18:15:00+00:00,109614.44
2026-04-30T18:30:00+00:00,109598.44
2026-04-30T18:45:00+00:00,109593.24
2026-04-30T19:00:00+00:00,109588.24
2026-04-30T19:10:00+00:00,109503.07
2026-05-01T14:00:00+00:00,109888.07
2026-05-01T14:15:00+00:00,109888.07
2026-05-01T14:30:00+00:00,109888.07
2026-05-01T14:45:00+00:00,109855.67
2026-05-01T15:00:00+00:00,109845.13
2026-05-01T15:15:00+00:00,109845.13
2026-05-01T15:30:00+00:00,109845.13
2026-05-01T15:45:00+00:00,109845.13
2026-05-01T16:00:00+00:00,109845.13
2026-05-01T16:15:00+00:00,109845.13
2026-05-01T16:30:00+00:00,109845.13
2026-05-01T16:45:00+00:00,109845.13
2026-05-01T17:00:00+00:00,109845.13
2026-05-01T17:15:00+00:00,109845.13
2026-05-01T17:30:00+00:00,109845.13
2026-05-01T17:45:00+00:00,109833.79
2026-05-01T18:00:00+00:00,109666.27
2026-05-01T18:15:00+00:00,109796.95
2026-05-01T18:30:00+00:00,109796.95
2026-05-01T18:45:00+00:00,109796.95
2026-05-01T19:00:00+00:00,109796.95
2026-05-01T19:10:00+00:00,109796.95
2026-05-04T14:00:00+00:00,110230.71
2026-05-04T14:15:00+00:00,110230.71
2026-05-04T14:30:00+00:00,110230.71
2026-05-04T14:45:00+00:00,110230.71
2026-05-04T15:00:00+00:00,110225.51
2026-05-04T15:15:00+00:00,110413.42
2026-05-04T15:30:00+00:00,110413.42
2026-05-04T15:45:00+00:00,110413.42
2026-05-04T16:00:00+00:00,110413.42
2026-05-04T16:15:00+00:00,110413.42
2026-05-04T16:30:00+00:00,110413.42
2026-05-04T16:45:00+00:00,110413.42
2026-05-04T17:00:00+00:00,110413.42
2026-05-04T17:15:00+00:00,110413.42
2026-05-04T17:30:00+00:00,110413.42
2026-05-04T17:45:00+00:00,110413.42
2026-05-04T18:00:00+00:00,110408.56
2026-05-04T18:15:00+00:00,110395.06
2026-05-04T18:30:00+00:00,110522.07
2026-05-04T18:45:00+00:00,110610.34
2026-05-04T19:00:00+00:00,110554.31
2026-05-04T19:10:00+00:00,110554.31
2026-05-05T14:00:00+00:00,110559.2
2026-05-05T14:15:00+00:00,110559.27
2026-05-05T14:30:00+00:00,110560.11
2026-05-05T14:45:00+00:00,110561.23
2026-05-05T15:00:00+00:00,110511.99
2026-05-05T15:15:00+00:00,110630.41
2026-05-05T15:30:00+00:00,110630.97
2026-05-05T15:45:00+00:00,110630.83
2026-05-05T16:00:00+00:00,110631.67
2026-05-05T16:15:00+00:00,110631.95
2026-05-05T16:30:00+00:00,110632.44
2026-05-05T16:45:00+00:00,110633.07
2026-05-05T17:00:00+00:00,110633.63
2026-05-05T17:15:00+00:00,110634.19
2026-05-05T17:30:00+00:00,110627.12
2026-05-05T17:45:00+00:00,110563.56
2026-05-05T18:00:00+00:00,110580.83
2026-05-05T18:15:00+00:00,110581.18
2026-05-05T18:30:00+00:00,110581.39
2026-05-05T18:45:00+00:00,110581.88
2026-05-05T19:00:00+00:00,110582.09
2026-05-05T19:10:00+00:00,110582.51
2026-05-06T14:00:00+00:00,109757.56
2026-05-06T14:15:00+00:00,109737.78
2026-05-06T14:30:00+00:00,109737.78
2026-05-06T14:45:00+00:00,109737.78
2026-05-06T15:00:00+00:00,109732.58
2026-05-06T15:15:00+00:00,109769.49
2026-05-06T15:30:00+00:00,109769.49
2026-05-06T15:45:00+00:00,109769.49
2026-05-06T16:00:00+00:00,109769.49
2026-05-06T16:15:00+00:00,109769.49
2026-05-06T16:30:00+00:00,109769.49
2026-05-06T16:45:00+00:00,109769.49
2026-05-06T17:00:00+00:00,109769.49
2026-05-06T17:15:00+00:00,109769.49
2026-05-06T17:30:00+00:00,109769.49
2026-05-06T17:45:00+00:00,109756.79
2026-05-06T18:00:00+00:00,109590.95
2026-05-06T18:15:00+00:00,109590.95
2026-05-06T18:30:00+00:00,109585.87
2026-05-06T18:45:00+00:00,109574.71
2026-05-06T19:00:00+00:00,109574.71
2026-05-06T19:10:00+00:00,109574.71
2026-05-07T14:00:00+00:00,109954.01
2026-05-07T14:15:00+00:00,109901.0
2026-05-07T14:30:00+00:00,109851.61
2026-05-07T14:45:00+00:00,109844.49
2026-05-07T15:00:00+00:00,109956.59
2026-05-07T15:15:00+00:00,109961.09
2026-05-07T15:30:00+00:00,109910.49
2026-05-07T15:45:00+00:00,109912.29
2026-05-07T16:00:00+00:00,109913.39
2026-05-07T16:15:00+00:00,109908.99
2026-05-07T16:30:00+00:00,109914.69
2026-05-07T16:45:00+00:00,109913.89
2026-05-07T17:00:00+00:00,109913.49
2026-05-07T17:15:00+00:00,109912.99
2026-05-07T17:30:00+00:00,109899.49
2026-05-07T17:45:00+00:00,109907.99
2026-05-07T18:00:00+00:00,109917.99
2026-05-07T18:15:00+00:00,109917.99
2026-05-07T18:30:00+00:00,109913.69
2026-05-07T18:45:00+00:00,110045.8
2026-05-07T19:00:00+00:00,110055.8
2026-05-07T19:10:00+00:00,110055.8
2026-05-08T14:00:00+00:00,110311.82
2026-05-08T14:15:00+00:00,110311.82
2026-05-08T14:30:00+00:00,110311.82
2026-05-08T14:45:00+00:00,110311.82
2026-05-08T15:00:00+00:00,110311.82
2026-05-08T15:15:00+00:00,110311.82
2026-05-08T15:30:00+00:00,110311.82
2026-05-08T15:45:00+00:00,110311.82
2026-05-08T16:00:00+00:00,110311.82
2026-05-08T16:15:00+00:00,110311.82
2026-05-08T16:30:00+00:00,110311.82
2026-05-08T16:45:00+00:00,110311.82
2026-05-08T17:00:00+00:00,110311.82
2026-05-08T17:15:00+00:00,110311.82
2026-05-08T17:30:00+00:00,110311.82
2026-05-08T17:45:00+00:00,110311.82
2026-05-08T18:00:00+00:00,110311.82
2026-05-08T18:15:00+00:00,110311.82
2026-05-08T18:30:00+00:00,110311.82
2026-05-08T18:45:00+00:00,110311.82
2026-05-08T19:00:00+00:00,110311.82
2026-05-08T19:10:00+00:00,110311.82
2026-05-11T14:00:00+00:00,110615.62
2026-05-11T14:15:00+00:00,110615.62
2026-05-11T14:30:00+00:00,110615.62
2026-05-11T14:45:00+00:00,110615.62
2026-05-11T15:00:00+00:00,110615.62
2026-05-11T15:15:00+00:00,110615.62
2026-05-11T15:30:00+00:00,110615.62
2026-05-11T15:45:00+00:00,110615.62
2026-05-11T16:00:00+00:00,110615.62
2026-05-11T16:15:00+00:00,110615.62
2026-05-11T16:30:00+00:00,110615.62
2026-05-11T16:45:00+00:00,110615.62
2026-05-11T17:00:00+00:00,110615.62
2026-05-11T17:15:00+00:00,110615.62
2026-05-11T17:30:00+00:00,110611.3
2026-05-11T17:45:00+00:00,110736.33
2026-05-11T18:00:00+00:00,110736.33
2026-05-11T18:15:00+00:00,110729.05
2026-05-11T18:30:00+00:00,110699.93
2026-05-11T18:45:00+00:00,110678.7
2026-05-11T19:00:00+00:00,110678.7
2026-05-11T19:10:00+00:00,110678.7
2026-05-12T14:00:00+00:00,110826.09
2026-05-12T14:15:00+00:00,110826.09
2026-05-12T14:30:00+00:00,110826.09
2026-05-12T14:45:00+00:00,110826.09
2026-05-12T15:00:00+00:00,110826.09
2026-05-12T15:15:00+00:00,110806.65
2026-05-12T15:30:00+00:00,110806.65
2026-05-12T15:45:00+00:00,110806.65
2026-05-12T16:00:00+00:00,110806.65
2026-05-12T16:15:00+00:00,110806.65
2026-05-12T16:30:00+00:00,110806.65
2026-05-12T16:45:00+00:00,110806.65
2026-05-12T17:00:00+00:00,110806.65
2026-05-12T17:15:00+00:00,110806.65
2026-05-12T17:30:00+00:00,110806.65
2026-05-12T17:45:00+00:00,110806.65
2026-05-12T18:00:00+00:00,110806.65
2026-05-12T18:15:00+00:00,110806.65
2026-05-12T18:30:00+00:00,110806.65
2026-05-12T18:45:00+00:00,110806.65
2026-05-12T19:00:00+00:00,110806.65
2026-05-12T19:10:00+00:00,110806.65
2026-05-13T14:00:00+00:00,111279.16
2026-05-13T14:15:00+00:00,111327.8
2026-05-13T14:30:00+00:00,111359.46
2026-05-13T14:45:00+00:00,111359.46
2026-05-13T15:00:00+00:00,111331.81
2026-05-13T15:15:00+00:00,111104.6
2026-05-13T15:30:00+00:00,111071.05
2026-05-13T15:45:00+00:00,111338.85
2026-05-13T16:00:00+00:00,111347.46
2026-05-13T16:15:00+00:00,111348.86
2026-05-13T16:30:00+00:00,111348.4
2026-05-13T16:45:00+00:00,111351.37
2026-05-13T17:00:00+00:00,111354.41
2026-05-13T17:15:00+00:00,111354.97
2026-05-13T17:30:00+00:00,111354.27
2026-05-13T17:45:00+00:00,111360.81
2026-05-13T18:00:00+00:00,111367.24
2026-05-13T18:15:00+00:00,111350.87
2026-05-13T18:30:00+00:00,111063.81
2026-05-13T18:45:00+00:00,111066.42
2026-05-13T19:00:00+00:00,111069.76
2026-05-13T19:10:00+00:00,111069.81
2026-05-14T14:00:00+00:00,110663.19
2026-05-14T14:15:00+00:00,110447.56
2026-05-14T14:30:00+00:00,110447.56
2026-05-14T14:45:00+00:00,110447.56
2026-05-14T15:00:00+00:00,110447.56
2026-05-14T15:15:00+00:00,110447.56
2026-05-14T15:30:00+00:00,110447.56
2026-05-14T15:45:00+00:00,110447.56
2026-05-14T16:00:00+00:00,110447.56
2026-05-14T16:15:00+00:00,110447.56
2026-05-14T16:30:00+00:00,110447.56
2026-05-14T16:45:00+00:00,110447.56
2026-05-14T17:00:00+00:00,110447.56
2026-05-14T17:15:00+00:00,110447.56
2026-05-14T17:30:00+00:00,110447.56
2026-05-14T17:45:00+00:00,110447.56
2026-05-14T18:00:00+00:00,110447.56
2026-05-14T18:15:00+00:00,110447.56
2026-05-14T18:30:00+00:00,110447.56
2026-05-14T18:45:00+00:00,110447.56
2026-05-14T19:00:00+00:00,110447.56
2026-05-14T19:10:00+00:00,110447.56
2026-05-15T14:00:00+00:00,109600.81
2026-05-15T14:15:00+00:00,109600.81
2026-05-15T14:30:00+00:00,109561.93
2026-05-15T14:45:00+00:00,109561.93
2026-05-15T15:00:00+00:00,109561.93
2026-05-15T15:15:00+00:00,109561.93
2026-05-15T15:30:00+00:00,109561.93
2026-05-15T15:45:00+00:00,109561.93
2026-05-15T16:00:00+00:00,109561.93
2026-05-15T16:15:00+00:00,109561.93
2026-05-15T16:30:00+00:00,109561.93
2026-05-15T16:45:00+00:00,109561.93
2026-05-15T17:00:00+00:00,109561.93
2026-05-15T17:15:00+00:00,109561.93
2026-05-15T17:30:00+00:00,109561.93
2026-05-15T17:45:00+00:00,109561.93
2026-05-15T18:00:00+00:00,109561.93
2026-05-15T18:15:00+00:00,109561.93
2026-05-15T18:30:00+00:00,109561.93
2026-05-15T18:45:00+00:00,109561.93
2026-05-15T19:00:00+00:00,109561.93
2026-05-15T19:10:00+00:00,109561.93
2026-05-18T14:00:00+00:00,109655.56
2026-05-18T14:15:00+00:00,109655.56
2026-05-18T14:30:00+00:00,109597.59
2026-05-18T14:45:00+00:00,109597.59
2026-05-18T15:00:00+00:00,109597.59
2026-05-18T15:15:00+00:00,109597.59
2026-05-18T15:30:00+00:00,109597.59
2026-05-18T15:45:00+00:00,109597.59
2026-05-18T16:00:00+00:00,109597.59
2026-05-18T16:15:00+00:00,109597.59
2026-05-18T16:30:00+00:00,109564.48
2026-05-18T16:45:00+00:00,109564.48
2026-05-18T17:00:00+00:00,109564.48
2026-05-18T17:15:00+00:00,109564.48
2026-05-18T17:30:00+00:00,109564.48
2026-05-18T17:45:00+00:00,109558.24
2026-05-18T18:00:00+00:00,109571.32
2026-05-18T18:15:00+00:00,109690.63
2026-05-18T18:30:00+00:00,109690.63
2026-05-18T18:45:00+00:00,109690.63
2026-05-18T19:00:00+00:00,109690.63
2026-05-18T19:10:00+00:00,109690.63
2026-05-19T14:00:00+00:00,109949.95
2026-05-19T14:15:00+00:00,109949.95
2026-05-19T14:30:00+00:00,109949.95
2026-05-19T14:45:00+00:00,109949.95
2026-05-19T15:00:00+00:00,109949.95
2026-05-19T15:15:00+00:00,109949.95
2026-05-19T15:30:00+00:00,109949.95
2026-05-19T15:45:00+00:00,109949.95
2026-05-19T16:00:00+00:00,109949.95
2026-05-19T16:15:00+00:00,109949.95
2026-05-19T16:30:00+00:00,109949.95
2026-05-19T16:45:00+00:00,109949.95
2026-05-19T17:00:00+00:00,109949.95
2026-05-19T17:15:00+00:00,109949.95
2026-05-19T17:30:00+00:00,109949.95
2026-05-19T17:45:00+00:00,109949.95
2026-05-19T18:00:00+00:00,109949.95
2026-05-19T18:15:00+00:00,109949.95
2026-05-19T18:30:00+00:00,109943.71
2026-05-19T18:45:00+00:00,110063.98
2026-05-19T19:00:00+00:00,110063.98
2026-05-19T19:10:00+00:00,110063.98
2026-05-20T14:00:00+00:00,109895.82
2026-05-20T14:15:00+00:00,109895.28
2026-05-20T14:30:00+00:00,109875.3
2026-05-20T14:45:00+00:00,109882.68
2026-05-20T15:00:00+00:00,109871.34
2026-05-20T15:15:00+00:00,109856.58
2026-05-20T15:30:00+00:00,109867.2
2026-05-20T15:45:00+00:00,109856.76
2026-05-20T16:00:00+00:00,109867.38
2026-05-20T16:15:00+00:00,109867.56
2026-05-20T16:30:00+00:00,109883.76
2026-05-20T16:45:00+00:00,109872.78
2026-05-20T17:00:00+00:00,109882.14
2026-05-20T17:15:00+00:00,109880.7
2026-05-20T17:30:00+00:00,109877.64
2026-05-20T17:45:00+00:00,109881.6
2026-05-20T18:00:00+00:00,109881.6
2026-05-20T18:15:00+00:00,109875.3
2026-05-20T18:30:00+00:00,109876.2
2026-05-20T18:45:00+00:00,109879.26
2026-05-20T19:00:00+00:00,109877.28
2026-05-20T19:10:00+00:00,109877.1
2026-05-21T14:00:00+00:00,110017.54
2026-05-21T14:15:00+00:00,110032.02
2026-05-21T14:30:00+00:00,110025.62
2026-05-21T14:45:00+00:00,110027.7
2026-05-21T15:00:00+00:00,110026.26
2026-05-21T15:15:00+00:00,110023.1
2026-05-21T15:30:00+00:00,110030.9
2026-05-21T15:45:00+00:00,110030.62
2026-05-21T16:00:00+00:00,110027.5
2026-05-21T16:15:00+00:00,110023.1
2026-05-21T16:30:00+00:00,110015.58
2026-05-21T16:45:00+00:00,110020.74
2026-05-21T17:00:00+00:00,110026.42
2026-05-21T17:15:00+00:00,109955.82
2026-05-21T17:30:00+00:00,109884.56
2026-05-21T17:45:00+00:00,109884.56
2026-05-21T18:00:00+00:00,109835.95
2026-05-21T18:15:00+00:00,109829.79
2026-05-21T18:30:00+00:00,109956.34
2026-05-21T18:45:00+00:00,109956.34
2026-05-21T19:00:00+00:00,109956.34
2026-05-21T19:10:00+00:00,109956.34
2026-05-22T14:00:00+00:00,110021.39
2026-05-22T14:15:00+00:00,110021.39
2026-05-22T14:30:00+00:00,110021.39
2026-05-22T14:45:00+00:00,110021.39
2026-05-22T15:00:00+00:00,110021.39
2026-05-22T15:15:00+00:00,110021.39
2026-05-22T15:30:00+00:00,110021.39
2026-05-22T15:45:00+00:00,110021.39
2026-05-22T16:00:00+00:00,110021.39
2026-05-22T16:15:00+00:00,110021.39
2026-05-22T16:30:00+00:00,110021.39
2026-05-22T16:45:00+00:00,110021.39
2026-05-22T17:00:00+00:00,110021.39
2026-05-22T17:15:00+00:00,110021.39
2026-05-22T17:30:00+00:00,110001.37
2026-05-22T17:45:00+00:00,109832.28
2026-05-22T18:00:00+00:00,109832.28
2026-05-22T18:15:00+00:00,109832.28
2026-05-22T18:30:00+00:00,109832.28
2026-05-22T18:45:00+00:00,109832.28
2026-05-22T19:00:00+00:00,109832.28
2026-05-22T19:10:00+00:00,109832.28
2026-05-26T14:00:00+00:00,108789.49
2026-05-26T14:15:00+00:00,108785.17
2026-05-26T14:30:00+00:00,108594.44
2026-05-26T14:45:00+00:00,108594.44
2026-05-26T15:00:00+00:00,108594.44
2026-05-26T15:15:00+00:00,108594.44
2026-05-26T15:30:00+00:00,108594.44
2026-05-26T15:45:00+00:00,108594.44
2026-05-26T16:00:00+00:00,108594.44
2026-05-26T16:15:00+00:00,108594.44
2026-05-26T16:30:00+00:00,108594.44
2026-05-26T16:45:00+00:00,108594.44
2026-05-26T17:00:00+00:00,108594.44
2026-05-26T17:15:00+00:00,108594.44
2026-05-26T17:30:00+00:00,108594.44
2026-05-26T17:45:00+00:00,108594.44
2026-05-26T18:00:00+00:00,108594.44
2026-05-26T18:15:00+00:00,108594.44
2026-05-26T18:30:00+00:00,108594.44
2026-05-26T18:45:00+00:00,108594.44
2026-05-26T19:00:00+00:00,108594.44
2026-05-26T19:10:00+00:00,108594.44
2026-05-27T14:00:00+00:00,108688.52
2026-05-27T14:15:00+00:00,108764.32
2026-05-27T14:30:00+00:00,108780.98
2026-05-27T14:45:00+00:00,108787.72
2026-05-27T15:00:00+00:00,108797.76
2026-05-27T15:15:00+00:00,108758.79
2026-05-27T15:30:00+00:00,108745.65
2026-05-27T15:45:00+00:00,108779.09
2026-05-27T16:00:00+00:00,108782.35
2026-05-27T16:15:00+00:00,108775.47
2026-05-27T16:30:00+00:00,108776.09
2026-05-27T16:45:00+00:00,108770.33
2026-05-27T17:00:00+00:00,108778.33
2026-05-27T17:15:00+00:00,108798.37
2026-05-27T17:30:00+00:00,108788.41
2026-05-27T17:45:00+00:00,108901.38
2026-05-27T18:00:00+00:00,108903.24
2026-05-27T18:15:00+00:00,108896.88
2026-05-27T18:30:00+00:00,108998.19
2026-05-27T18:45:00+00:00,108997.47
2026-05-27T19:00:00+00:00,109000.35
2026-05-27T19:10:00+00:00,109001.01
2026-05-28T14:00:00+00:00,109357.95
2026-05-28T14:15:00+00:00,109225.63
2026-05-28T14:30:00+00:00,109172.0
2026-05-28T14:45:00+00:00,109135.67
2026-05-28T15:00:00+00:00,109169.31
2026-05-28T15:15:00+00:00,109214.93
2026-05-28T15:30:00+00:00,109210.23
2026-05-28T15:45:00+00:00,109189.71
2026-05-28T16:00:00+00:00,109182.41
2026-05-28T16:15:00+00:00,109195.37
2026-05-28T16:30:00+00:00,109174.13
2026-05-28T16:45:00+00:00,109181.03
2026-05-28T17:00:00+00:00,109158.01
2026-05-28T17:15:00+00:00,109218.65
2026-05-28T17:30:00+00:00,109209.59
2026-05-28T17:45:00+00:00,109209.71
2026-05-28T18:00:00+00:00,109203.03
2026-05-28T18:15:00+00:00,109209.81
2026-05-28T18:30:00+00:00,109218.07
2026-05-28T18:45:00+00:00,109243.09
2026-05-28T19:00:00+00:00,109219.71
2026-05-28T19:10:00+00:00,109224.27
2026-05-29T14:00:00+00:00,109744.93
2026-05-29T14:15:00+00:00,109793.11
2026-05-29T14:30:00+00:00,109727.12
2026-05-29T14:45:00+00:00,109705.32
2026-05-29T15:00:00+00:00,109455.79
2026-05-29T15:15:00+00:00,109425.99
2026-05-29T15:30:00+00:00,109510.61
2026-05-29T15:45:00+00:00,109514.73
2026-05-29T16:00:00+00:00,109521.91
2026-05-29T16:15:00+00:00,109519.33
2026-05-29T16:30:00+00:00,109535.99
2026-05-29T16:45:00+00:00,109526.17
2026-05-29T17:00:00+00:00,109527.03
2026-05-29T17:15:00+00:00,109526.21
2026-05-29T17:30:00+00:00,109547.23
2026-05-29T17:45:00+00:00,109559.69
2026-05-29T18:00:00+00:00,109580.13
2026-05-29T18:15:00+00:00,109560.26
2026-05-29T18:30:00+00:00,109545.1
2026-05-29T18:45:00+00:00,109475.9
2026-05-29T19:00:00+00:00,109477.84
2026-05-29T19:10:00+00:00,109467.08
2026-06-01T14:00:00+00:00,109939.78
2026-06-01T14:15:00+00:00,109939.78
2026-06-01T14:30:00+00:00,109939.78
2026-06-01T14:45:00+00:00,109898.74
2026-06-01T15:00:00+00:00,109898.74
2026-06-01T15:15:00+00:00,109898.74
2026-06-01T15:30:00+00:00,109898.74
2026-06-01T15:45:00+00:00,109898.74
2026-06-01T16:00:00+00:00,109898.74
2026-06-01T16:15:00+00:00,109898.74
2026-06-01T16:30:00+00:00,109898.74
2026-06-01T16:45:00+00:00,109898.74
2026-06-01T17:00:00+00:00,109898.74
2026-06-01T17:15:00+00:00,109898.74
2026-06-01T17:30:00+00:00,109898.74
2026-06-01T17:45:00+00:00,109898.74
2026-06-01T18:00:00+00:00,109898.74
2026-06-01T18:15:00+00:00,109898.74
2026-06-01T18:30:00+00:00,109886.42
2026-06-01T18:45:00+00:00,109971.14
2026-06-01T19:00:00+00:00,109952.97
2026-06-01T19:10:00+00:00,109952.97
2026-06-02T14:00:00+00:00,109995.61
2026-06-02T14:15:00+00:00,109915.59
2026-06-02T14:30:00+00:00,109815.78
2026-06-02T14:45:00+00:00,109815.78
2026-06-02T15:00:00+00:00,109815.78
2026-06-02T15:15:00+00:00,109815.78
2026-06-02T15:30:00+00:00,109815.78
2026-06-02T15:45:00+00:00,109815.78
2026-06-02T16:00:00+00:00,109815.78
2026-06-02T16:15:00+00:00,109815.78
2026-06-02T16:30:00+00:00,109815.78
2026-06-02T16:45:00+00:00,109815.78
2026-06-02T17:00:00+00:00,109815.78
2026-06-02T17:15:00+00:00,109815.78
2026-06-02T17:30:00+00:00,109803.36
2026-06-02T17:45:00+00:00,109626.35
2026-06-02T18:00:00+00:00,109655.54
2026-06-02T18:15:00+00:00,109649.6
2026-06-02T18:30:00+00:00,109613.91
2026-06-02T18:45:00+00:00,109699.88
2026-06-02T19:00:00+00:00,109699.88
2026-06-02T19:10:00+00:00,109699.88
2026-06-03T14:00:00+00:00,109499.78
2026-06-03T14:15:00+00:00,109440.25
2026-06-03T14:30:00+00:00,109427.55
2026-06-03T14:45:00+00:00,109278.11
2026-06-03T15:00:00+00:00,109272.46
2026-06-03T15:15:00+00:00,109295.63
2026-06-03T15:30:00+00:00,109231.75
2026-06-03T15:45:00+00:00,109231.75
2026-06-03T16:00:00+00:00,109231.75
2026-06-03T16:15:00+00:00,109231.75
2026-06-03T16:30:00+00:00,109231.75
2026-06-03T16:45:00+00:00,109231.75
2026-06-03T17:00:00+00:00,109231.75
2026-06-03T17:15:00+00:00,109231.75
2026-06-03T17:30:00+00:00,109226.67
2026-06-03T17:45:00+00:00,109198.61
2026-06-03T18:00:00+00:00,109016.28
2026-06-03T18:15:00+00:00,108961.8
2026-06-03T18:30:00+00:00,108961.8
2026-06-03T18:45:00+00:00,108961.8
2026-06-03T19:00:00+00:00,108961.8
2026-06-03T19:10:00+00:00,108961.8
2026-06-04T14:00:00+00:00,109386.81
2026-06-04T14:15:00+00:00,110408.51
2026-06-04T14:30:00+00:00,110512.42
2026-06-04T14:45:00+00:00,110673.06
2026-06-04T15:00:00+00:00,110673.06
2026-06-04T15:15:00+00:00,110673.06
2026-06-04T15:30:00+00:00,110673.06
2026-06-04T15:45:00+00:00,110673.06
2026-06-04T16:00:00+00:00,110673.06
2026-06-04T16:15:00+00:00,110673.06
2026-06-04T16:30:00+00:00,110673.06
2026-06-04T16:45:00+00:00,110673.06
2026-06-04T17:00:00+00:00,110673.06
2026-06-04T17:15:00+00:00,110673.06
2026-06-04T17:30:00+00:00,110665.78
2026-06-04T17:45:00+00:00,110666.55
2026-06-04T18:00:00+00:00,110649.17
2026-06-04T18:15:00+00:00,110649.17
2026-06-04T18:30:00+00:00,110649.17
2026-06-04T18:45:00+00:00,110649.17
2026-06-04T19:00:00+00:00,110649.17
2026-06-04T19:10:00+00:00,110649.17
2026-06-05T14:00:00+00:00,110155.03
2026-06-05T14:15:00+00:00,110103.73
2026-06-05T14:30:00+00:00,110134.72
2026-06-05T14:45:00+00:00,110023.45
2026-06-05T15:00:00+00:00,110023.45
2026-06-05T15:15:00+00:00,110016.17
2026-06-05T15:30:00+00:00,109986.21
2026-06-05T15:45:00+00:00,109952.03
2026-06-05T16:00:00+00:00,109952.03
2026-06-05T16:15:00+00:00,109952.03
2026-06-05T16:30:00+00:00,109952.03
2026-06-05T16:45:00+00:00,109952.03
2026-06-05T17:00:00+00:00,109952.03
2026-06-05T17:15:00+00:00,109952.03
2026-06-05T17:30:00+00:00,109947.17
2026-06-05T17:45:00+00:00,109784.91
2026-06-05T18:00:00+00:00,109600.44
2026-06-05T18:15:00+00:00,109635.29
2026-06-05T18:30:00+00:00,109635.29
2026-06-05T18:45:00+00:00,109635.29
2026-06-05T19:00:00+00:00,109629.65
2026-06-05T19:10:00+00:00,109629.65
2026-06-08T14:00:00+00:00,110079.19
2026-06-08T14:15:00+00:00,110406.46
2026-06-08T14:30:00+00:00,110413.04
2026-06-08T14:45:00+00:00,110396.66
2026-06-08T15:00:00+00:00,110389.38
2026-06-08T15:15:00+00:00,110387.42
2026-06-08T15:30:00+00:00,110404.92
2026-06-08T15:45:00+00:00,110361.22
2026-06-08T16:00:00+00:00,110371.44
2026-06-08T16:15:00+00:00,110366.68
2026-06-08T16:30:00+00:00,110374.8
2026-06-08T16:45:00+00:00,110379.7
2026-06-08T17:00:00+00:00,110386.0
2026-06-08T17:15:00+00:00,110393.98
2026-06-08T17:30:00+00:00,110392.58
2026-06-08T17:45:00+00:00,110399.86
2026-06-08T18:00:00+00:00,110394.54
2026-06-08T18:15:00+00:00,110391.18
2026-06-08T18:30:00+00:00,110385.58
2026-06-08T18:45:00+00:00,110394.68
2026-06-08T19:00:00+00:00,110398.74
2026-06-08T19:10:00+00:00,110403.5
2026-06-09T14:00:00+00:00,110120.95
2026-06-09T14:15:00+00:00,110172.69
2026-06-09T14:30:00+00:00,110194.35
2026-06-09T14:45:00+00:00,110264.67
2026-06-09T15:00:00+00:00,110270.89
2026-06-09T15:15:00+00:00,110281.23
2026-06-09T15:30:00+00:00,110301.44
2026-06-09T15:45:00+00:00,110305.24
2026-06-09T16:00:00+00:00,110315.24
2026-06-09T16:15:00+00:00,110259.47
2026-06-09T16:30:00+00:00,110259.07
2026-06-09T16:45:00+00:00,110257.27
2026-06-09T17:00:00+00:00,110264.27
2026-06-09T17:15:00+00:00,110265.87
2026-06-09T17:30:00+00:00,110252.17
2026-06-09T17:45:00+00:00,109953.48
2026-06-09T18:00:00+00:00,109956.88
2026-06-09T18:15:00+00:00,109958.08
2026-06-09T18:30:00+00:00,109945.08
2026-06-09T18:45:00+00:00,109953.68
2026-06-09T19:00:00+00:00,109944.08
2026-06-09T19:10:00+00:00,109946.68
2026-06-10T14:00:00+00:00,109958.25
2026-06-10T14:15:00+00:00,110787.72
2026-06-10T14:30:00+00:00,110787.72
2026-06-10T14:45:00+00:00,110782.68
2026-06-10T15:00:00+00:00,110872.35
2026-06-10T15:15:00+00:00,110872.35
2026-06-10T15:30:00+00:00,110872.35
2026-06-10T15:45:00+00:00,110872.35
2026-06-10T16:00:00+00:00,110872.35
2026-06-10T16:15:00+00:00,110872.35
2026-06-10T16:30:00+00:00,110872.35
2026-06-10T16:45:00+00:00,110872.35
2026-06-10T17:00:00+00:00,110872.35
2026-06-10T17:15:00+00:00,110872.35
2026-06-10T17:30:00+00:00,110872.35
2026-06-10T17:45:00+00:00,110872.35
2026-06-10T18:00:00+00:00,110872.35
2026-06-10T18:15:00+00:00,110872.35
2026-06-10T18:30:00+00:00,110867.31
2026-06-10T18:45:00+00:00,110924.21
2026-06-10T19:00:00+00:00,110979.38
2026-06-10T19:10:00+00:00,110979.38
2026-06-11T14:00:00+00:00,110899.1
2026-06-11T14:15:00+00:00,110837.23
2026-06-11T14:30:00+00:00,110837.23
2026-06-11T14:45:00+00:00,110837.23
2026-06-11T15:00:00+00:00,110837.23
2026-06-11T15:15:00+00:00,110837.23
2026-06-11T15:30:00+00:00,110837.23
2026-06-11T15:45:00+00:00,110837.23
2026-06-11T16:00:00+00:00,110837.23
2026-06-11T16:15:00+00:00,110837.23
2026-06-11T16:30:00+00:00,110837.23
2026-06-11T16:45:00+00:00,110837.23
2026-06-11T17:00:00+00:00,110837.23
2026-06-11T17:15:00+00:00,110837.23
2026-06-11T17:30:00+00:00,110837.23
2026-06-11T17:45:00+00:00,110837.23
2026-06-11T18:00:00+00:00,110837.23
2026-06-11T18:15:00+00:00,110837.23
2026-06-11T18:30:00+00:00,110837.23
2026-06-11T18:45:00+00:00,110837.23
2026-06-11T19:00:00+00:00,110837.23
2026-06-11T19:10:00+00:00,110837.23
2026-06-12T14:00:00+00:00,112020.55
2026-06-12T14:15:00+00:00,112020.27
2026-06-12T14:30:00+00:00,111976.82
2026-06-12T14:45:00+00:00,111977.98
2026-06-12T15:00:00+00:00,111906.58
2026-06-12T15:15:00+00:00,111907.86
2026-06-12T15:30:00+00:00,111909.5
2026-06-12T15:45:00+00:00,111909.82
2026-06-12T16:00:00+00:00,111910.86
2026-06-12T16:15:00+00:00,111911.7
2026-06-12T16:30:00+00:00,111911.7
2026-06-12T16:45:00+00:00,111913.22
2026-06-12T17:00:00+00:00,111913.94
2026-06-12T17:15:00+00:00,111914.3
2026-06-12T17:30:00+00:00,111915.22
2026-06-12T17:45:00+00:00,111915.46
2026-06-12T18:00:00+00:00,111916.82
2026-06-12T18:15:00+00:00,111917.7
2026-06-12T18:30:00+00:00,111890.14
2026-06-12T18:45:00+00:00,111773.39
2026-06-12T19:00:00+00:00,111773.39
2026-06-12T19:10:00+00:00,111773.39
2026-06-15T14:00:00+00:00,110854.25
2026-06-15T14:15:00+00:00,110706.21
2026-06-15T14:30:00+00:00,110706.21
2026-06-15T14:45:00+00:00,110706.21
2026-06-15T15:00:00+00:00,110706.21
2026-06-15T15:15:00+00:00,110706.21
2026-06-15T15:30:00+00:00,110706.21
2026-06-15T15:45:00+00:00,110706.21
2026-06-15T16:00:00+00:00,110706.21
2026-06-15T16:15:00+00:00,110706.21
2026-06-15T16:30:00+00:00,110706.21
2026-06-15T16:45:00+00:00,110706.21
2026-06-15T17:00:00+00:00,110706.21
2026-06-15T17:15:00+00:00,110706.21
2026-06-15T17:30:00+00:00,110706.21
2026-06-15T17:45:00+00:00,110706.21
2026-06-15T18:00:00+00:00,110699.97
2026-06-15T18:15:00+00:00,110719.71
2026-06-15T18:30:00+00:00,110639.7
2026-06-15T18:45:00+00:00,110639.7
2026-06-15T19:00:00+00:00,110639.7
2026-06-15T19:10:00+00:00,110639.7
2026-06-16T14:00:00+00:00,110895.02
2026-06-16T14:15:00+00:00,110772.6
2026-06-16T14:30:00+00:00,110832.8
2026-06-16T14:45:00+00:00,110822.2
2026-06-16T15:00:00+00:00,110835.6
2026-06-16T15:15:00+00:00,110819.64
2026-06-16T15:30:00+00:00,110893.96
2026-06-16T15:45:00+00:00,110840.15
2026-06-16T16:00:00+00:00,110827.75
2026-06-16T16:15:00+00:00,110820.35
2026-06-16T16:30:00+00:00,110822.95
2026-06-16T16:45:00+00:00,110832.15
2026-06-16T17:00:00+00:00,110834.35
2026-06-16T17:15:00+00:00,110837.15
2026-06-16T17:30:00+00:00,110837.89
2026-06-16T17:45:00+00:00,110847.4
2026-06-16T18:00:00+00:00,110633.87
2026-06-16T18:15:00+00:00,110639.27
2026-06-16T18:30:00+00:00,110639.27
2026-06-16T18:45:00+00:00,110643.67
2026-06-16T19:00:00+00:00,110655.87
2026-06-16T19:10:00+00:00,110661.87
2026-06-17T14:00:00+00:00,110213.07
2026-06-17T14:15:00+00:00,110189.79
2026-06-17T14:30:00+00:00,110165.94
2026-06-17T14:45:00+00:00,110173.4
2026-06-17T15:00:00+00:00,110221.76
2026-06-17T15:15:00+00:00,110214.27
2026-06-17T15:30:00+00:00,110197.47
2026-06-17T15:45:00+00:00,110193.67
2026-06-17T16:00:00+00:00,110181.87
2026-06-17T16:15:00+00:00,110186.27
2026-06-17T16:30:00+00:00,110181.07
2026-06-17T16:45:00+00:00,110192.87
2026-06-17T17:00:00+00:00,110192.47
2026-06-17T17:15:00+00:00,110199.27
2026-06-17T17:30:00+00:00,110195.27
2026-06-17T17:45:00+00:00,110200.27
2026-06-17T18:00:00+00:00,110227.89
2026-06-17T18:15:00+00:00,110777.65
2026-06-17T18:30:00+00:00,110784.15
2026-06-17T18:45:00+00:00,110670.77
2026-06-17T19:00:00+00:00,110705.77
2026-06-17T19:10:00+00:00,110739.55
2026-06-18T14:00:00+00:00,110617.21
2026-06-18T14:15:00+00:00,110617.21
2026-06-18T14:30:00+00:00,110611.27
2026-06-18T14:45:00+00:00,110415.5
2026-06-18T15:00:00+00:00,110415.5
2026-06-18T15:15:00+00:00,110410.64
2026-06-18T15:30:00+00:00,110372.21
2026-06-18T15:45:00+00:00,110372.21
2026-06-18T16:00:00+00:00,110372.21
2026-06-18T16:15:00+00:00,110372.21
2026-06-18T16:30:00+00:00,110372.21
2026-06-18T16:45:00+00:00,110372.21
2026-06-18T17:00:00+00:00,110372.21
2026-06-18T17:15:00+00:00,110372.21
2026-06-18T17:30:00+00:00,110366.27
2026-06-18T17:45:00+00:00,110538.11
2026-06-18T18:00:00+00:00,110538.11
2026-06-18T18:15:00+00:00,110538.11
2026-06-18T18:30:00+00:00,110538.11
2026-06-18T18:45:00+00:00,110538.11
2026-06-18T19:00:00+00:00,110499.23
2026-06-18T19:10:00+00:00,110752.13
2026-06-22T14:00:00+00:00,111118.67
2026-06-22T14:15:00+00:00,111118.67
2026-06-22T14:30:00+00:00,111118.67
2026-06-22T14:45:00+00:00,111118.67
2026-06-22T15:00:00+00:00,111118.67
2026-06-22T15:15:00+00:00,111118.67
2026-06-22T15:30:00+00:00,111118.67
2026-06-22T15:45:00+00:00,111118.67
2026-06-22T16:00:00+00:00,111118.67
2026-06-22T16:15:00+00:00,111075.47
2026-06-22T16:30:00+00:00,111075.47
2026-06-22T16:45:00+00:00,111075.47
2026-06-22T17:00:00+00:00,111075.47
2026-06-22T17:15:00+00:00,111075.47
2026-06-22T17:30:00+00:00,111075.47
2026-06-22T17:45:00+00:00,111075.47
2026-06-22T18:00:00+00:00,111075.47
2026-06-22T18:15:00+00:00,111075.47
2026-06-22T18:30:00+00:00,111075.47
2026-06-22T18:45:00+00:00,111075.47
2026-06-22T19:00:00+00:00,111075.47
2026-06-22T19:10:00+00:00,111075.47
2026-06-23T14:00:00+00:00,110975.43
2026-06-23T14:15:00+00:00,110938.38
2026-06-23T14:30:00+00:00,110884.66
2026-06-23T14:45:00+00:00,110882.12
2026-06-23T15:00:00+00:00,110860.87
2026-06-23T15:15:00+00:00,110860.87
2026-06-23T15:30:00+00:00,110860.87
2026-06-23T15:45:00+00:00,110860.87
2026-06-23T16:00:00+00:00,110860.87
2026-06-23T16:15:00+00:00,110860.87
2026-06-23T16:30:00+00:00,110860.87
2026-06-23T16:45:00+00:00,110860.87
2026-06-23T17:00:00+00:00,110860.87
2026-06-23T17:15:00+00:00,110860.87
2026-06-23T17:30:00+00:00,110860.87
2026-06-23T17:45:00+00:00,110860.87
2026-06-23T18:00:00+00:00,110858.33
2026-06-23T18:15:00+00:00,110877.48
2026-06-23T18:30:00+00:00,110875.84
2026-06-23T18:45:00+00:00,110834.8
2026-06-23T19:00:00+00:00,110834.8
2026-06-23T19:10:00+00:00,110834.8
2026-06-24T14:00:00+00:00,111262.16
2026-06-24T14:15:00+00:00,111262.16
2026-06-24T14:30:00+00:00,111262.16
2026-06-24T14:45:00+00:00,111262.16
2026-06-24T15:00:00+00:00,111262.16
2026-06-24T15:15:00+00:00,111262.16
2026-06-24T15:30:00+00:00,111262.16
2026-06-24T15:45:00+00:00,111262.16
2026-06-24T16:00:00+00:00,111262.16
2026-06-24T16:15:00+00:00,111262.16
2026-06-24T16:30:00+00:00,111262.16
2026-06-24T16:45:00+00:00,111262.16
2026-06-24T17:00:00+00:00,111201.61
2026-06-24T17:15:00+00:00,111201.61
2026-06-24T17:30:00+00:00,111201.61
2026-06-24T17:45:00+00:00,111201.61
2026-06-24T18:00:00+00:00,111201.61
2026-06-24T18:15:00+00:00,111201.61
2026-06-24T18:30:00+00:00,111201.61
2026-06-24T18:45:00+00:00,111201.61
2026-06-24T19:00:00+00:00,111201.61
2026-06-24T19:10:00+00:00,111201.61
2026-06-25T14:00:00+00:00,111169.61
2026-06-25T14:15:00+00:00,111156.65
2026-06-25T14:30:00+00:00,111126.35
2026-06-25T14:45:00+00:00,111093.26
2026-06-25T15:00:00+00:00,111093.26
2026-06-25T15:15:00+00:00,111093.26
2026-06-25T15:30:00+00:00,111093.26
2026-06-25T15:45:00+00:00,111093.26
2026-06-25T16:00:00+00:00,111093.26
2026-06-25T16:15:00+00:00,111093.26
2026-06-25T16:30:00+00:00,111093.26
2026-06-25T16:45:00+00:00,111093.26
2026-06-25T17:00:00+00:00,111093.26
2026-06-25T17:15:00+00:00,111093.26
2026-06-25T17:30:00+00:00,111093.26
2026-06-25T17:45:00+00:00,111085.16
2026-06-25T18:00:00+00:00,111096.26
2026-06-25T18:15:00+00:00,111209.43
2026-06-25T18:30:00+00:00,111209.43
2026-06-25T18:45:00+00:00,111209.43
2026-06-25T19:00:00+00:00,111209.43
2026-06-25T19:10:00+00:00,111209.43
2026-06-26T14:00:00+00:00,111337.98
2026-06-26T14:15:00+00:00,111858.64
2026-06-26T14:30:00+00:00,111812.41
2026-06-26T14:45:00+00:00,111805.27
2026-06-26T15:00:00+00:00,111803.47
2026-06-26T15:15:00+00:00,111797.13
2026-06-26T15:30:00+00:00,111836.19
2026-06-26T15:45:00+00:00,111832.45
2026-06-26T16:00:00+00:00,111839.69
2026-06-26T16:15:00+00:00,111831.67
2026-06-26T16:30:00+00:00,111838.31
2026-06-26T16:45:00+00:00,111834.51
2026-06-26T17:00:00+00:00,111835.11
2026-06-26T17:15:00+00:00,111848.83
2026-06-26T17:30:00+00:00,111849.23
2026-06-26T17:45:00+00:00,111834.51
2026-06-26T18:00:00+00:00,111801.28
2026-06-26T18:15:00+00:00,111803.88
2026-06-26T18:30:00+00:00,111797.06
2026-06-26T18:45:00+00:00,111797.76
2026-06-26T19:00:00+00:00,111788.9
2026-06-26T19:10:00+00:00,111790.9
2026-06-29T14:00:00+00:00,113580.94
2026-06-29T14:15:00+00:00,113580.94
2026-06-29T14:30:00+00:00,113573.66
2026-06-29T14:45:00+00:00,113552.02
2026-06-29T15:00:00+00:00,113544.46
2026-06-29T15:15:00+00:00,113451.97
2026-06-29T15:30:00+00:00,113451.97
2026-06-29T15:45:00+00:00,113451.97
2026-06-29T16:00:00+00:00,113451.97
2026-06-29T16:15:00+00:00,113451.97
2026-06-29T16:30:00+00:00,113451.97
2026-06-29T16:45:00+00:00,113451.97
2026-06-29T17:00:00+00:00,113451.97
2026-06-29T17:15:00+00:00,113451.97
2026-06-29T17:30:00+00:00,113451.97
2026-06-29T17:45:00+00:00,113451.97
2026-06-29T18:00:00+00:00,113451.97
2026-06-29T18:15:00+00:00,113451.97
2026-06-29T18:30:00+00:00,113451.97
2026-06-29T18:45:00+00:00,113451.97
2026-06-29T19:00:00+00:00,113451.97
2026-06-29T19:10:00+00:00,113451.97
2026-06-30T14:00:00+00:00,113956.81
2026-06-30T14:15:00+00:00,114474.21
2026-06-30T14:30:00+00:00,114456.31
2026-06-30T14:45:00+00:00,114465.71
2026-06-30T15:00:00+00:00,114470.31
2026-06-30T15:15:00+00:00,114468.11
2026-06-30T15:30:00+00:00,114472.71
2026-06-30T15:45:00+00:00,114471.51
2026-06-30T16:00:00+00:00,114472.71
2026-06-30T16:15:00+00:00,114469.71
2026-06-30T16:30:00+00:00,114470.11
2026-06-30T16:45:00+00:00,114471.11
2026-06-30T17:00:00+00:00,114473.91
2026-06-30T17:15:00+00:00,114472.71
2026-06-30T17:30:00+00:00,114465.47
2026-06-30T17:45:00+00:00,114447.59
2026-06-30T18:00:00+00:00,114418.66
2026-06-30T18:15:00+00:00,114421.46
2026-06-30T18:30:00+00:00,114424.86
2026-06-30T18:45:00+00:00,114425.06
2026-06-30T19:00:00+00:00,114424.46
2026-06-30T19:10:00+00:00,114426.26
2026-07-01T14:00:00+00:00,114660.93
2026-07-01T14:15:00+00:00,114668.45
2026-07-01T14:30:00+00:00,114676.25
2026-07-01T14:45:00+00:00,114677.25
2026-07-01T15:00:00+00:00,114676.55
2026-07-01T15:15:00+00:00,114683.45
2026-07-01T15:30:00+00:00,114677.25
2026-07-01T15:45:00+00:00,114677.85
2026-07-01T16:00:00+00:00,114674.05
2026-07-01T16:15:00+00:00,114678.85
2026-07-01T16:30:00+00:00,114679.55
2026-07-01T16:45:00+00:00,114685.95
2026-07-01T17:00:00+00:00,114693.55
2026-07-01T17:15:00+00:00,114694.65
2026-07-01T17:30:00+00:00,114697.85
2026-07-01T17:45:00+00:00,114700.75
2026-07-01T18:00:00+00:00,114692.23
2026-07-01T18:15:00+00:00,114685.26
2026-07-01T18:30:00+00:00,114681.96
2026-07-01T18:45:00+00:00,114679.56
2026-07-01T19:00:00+00:00,114680.76
2026-07-01T19:10:00+00:00,114693.16
2026-07-02T14:00:00+00:00,114548.91
2026-07-02T14:15:00+00:00,114548.91
2026-07-02T14:30:00+00:00,114515.09
2026-07-02T14:45:00+00:00,114515.09
2026-07-02T15:00:00+00:00,114515.09
2026-07-02T15:15:00+00:00,114515.09
2026-07-02T15:30:00+00:00,114515.09
2026-07-02T15:45:00+00:00,114515.09
2026-07-02T16:00:00+00:00,114515.09
2026-07-02T16:15:00+00:00,114515.09
2026-07-02T16:30:00+00:00,114515.09
2026-07-02T16:45:00+00:00,114515.09
2026-07-02T17:00:00+00:00,114515.09
2026-07-02T17:15:00+00:00,114515.09
2026-07-02T17:30:00+00:00,114515.09
2026-07-02T17:45:00+00:00,114508.93
2026-07-02T18:00:00+00:00,114486.49
2026-07-02T18:15:00+00:00,114486.49
2026-07-02T18:30:00+00:00,114486.49
2026-07-02T18:45:00+00:00,114486.49
2026-07-02T19:00:00+00:00,114486.49
2026-07-02T19:10:00+00:00,114486.49
2026-07-06T14:00:00+00:00,115028.94
2026-07-06T14:15:00+00:00,115080.54
2026-07-06T14:30:00+00:00,115082.06
2026-07-06T14:45:00+00:00,115080.22
2026-07-06T15:00:00+00:00,115071.12
2026-07-06T15:15:00+00:00,115233.14
2026-07-06T15:30:00+00:00,115394.42
2026-07-06T15:45:00+00:00,115391.54
2026-07-06T16:00:00+00:00,115397.06
2026-07-06T16:15:00+00:00,115396.26
2026-07-06T16:30:00+00:00,115393.54
2026-07-06T16:45:00+00:00,115395.06
2026-07-06T17:00:00+00:00,115396.82
2026-07-06T17:15:00+00:00,115385.78
2026-07-06T17:30:00+00:00,115390.1
2026-07-06T17:45:00+00:00,115394.9
2026-07-06T18:00:00+00:00,115390.1
2026-07-06T18:15:00+00:00,115519.29
2026-07-06T18:30:00+00:00,115506.11
2026-07-06T18:45:00+00:00,115482.44
2026-07-06T19:00:00+00:00,115479.4
2026-07-06T19:10:00+00:00,115483.24
2026-07-07T14:00:00+00:00,115899.36
2026-07-07T14:15:00+00:00,116043.97
2026-07-07T14:30:00+00:00,116045.49
2026-07-07T14:45:00+00:00,116045.49
2026-07-07T15:00:00+00:00,116047.57
2026-07-07T15:15:00+00:00,116038.65
2026-07-07T15:30:00+00:00,115911.67
2026-07-07T15:45:00+00:00,115956.19
2026-07-07T16:00:00+00:00,115959.79
2026-07-07T16:15:00+00:00,115961.31
2026-07-07T16:30:00+00:00,115963.55
2026-07-07T16:45:00+00:00,115964.35
2026-07-07T17:00:00+00:00,115965.87
2026-07-07T17:15:00+00:00,115966.19
2026-07-07T17:30:00+00:00,115967.63
2026-07-07T17:45:00+00:00,115969.87
2026-07-07T18:00:00+00:00,115971.07
2026-07-07T18:15:00+00:00,115966.85
2026-07-07T18:30:00+00:00,115810.81
2026-07-07T18:45:00+00:00,115621.73
2026-07-07T19:00:00+00:00,115612.69
2026-07-07T19:10:00+00:00,115607.01
2026-07-08T14:00:00+00:00,115955.32
2026-07-08T14:15:00+00:00,115973.66
2026-07-08T14:30:00+00:00,115949.42
2026-07-08T14:45:00+00:00,116132.55
2026-07-08T15:00:00+00:00,116103.22
2026-07-08T15:15:00+00:00,116105.88
2026-07-08T15:30:00+00:00,116104.83
2026-07-08T15:45:00+00:00,116119.11
2026-07-08T16:00:00+00:00,116112.88
2026-07-08T16:15:00+00:00,116116.03
2026-07-08T16:30:00+00:00,116119.04
2026-07-08T16:45:00+00:00,116119.39
2026-07-08T17:00:00+00:00,116110.43
2026-07-08T17:15:00+00:00,116122.05
2026-07-08T17:30:00+00:00,116104.83
2026-07-08T17:45:00+00:00,116097.42
2026-07-08T18:00:00+00:00,116263.86
2026-07-08T18:15:00+00:00,116265.73
2026-07-08T18:30:00+00:00,116094.19
2026-07-08T18:45:00+00:00,116090.69
2026-07-08T19:00:00+00:00,116085.93
2026-07-08T19:10:00+00:00,116074.66
2026-07-09T14:00:00+00:00,116012.66
2026-07-09T14:15:00+00:00,116146.24
2026-07-09T14:30:00+00:00,115701.37
2026-07-09T14:45:00+00:00,115690.7
2026-07-09T15:00:00+00:00,115684.54
2026-07-09T15:15:00+00:00,115656.47
2026-07-09T15:30:00+00:00,115763.58
2026-07-09T15:45:00+00:00,115766.63
2026-07-09T16:00:00+00:00,115708.3
2026-07-09T16:15:00+00:00,115727.69
2026-07-09T16:30:00+00:00,115739.17
2026-07-09T16:45:00+00:00,115727.96
2026-07-09T17:00:00+00:00,115737.18
2026-07-09T17:15:00+00:00,115744.85
2026-07-09T17:30:00+00:00,115730.41
2026-07-09T17:45:00+00:00,115735.15
2026-07-09T18:00:00+00:00,115632.03
2026-07-09T18:15:00+00:00,115713.25
2026-07-09T18:30:00+00:00,115704.48
2026-07-09T18:45:00+00:00,115689.08
2026-07-09T19:00:00+00:00,115711.04
2026-07-09T19:10:00+00:00,115724.91
2026-07-10T14:00:00+00:00,115792.44
2026-07-10T14:15:00+00:00,115609.47
2026-07-10T14:30:00+00:00,115607.45
2026-07-10T14:45:00+00:00,114689.29
2026-07-10T15:00:00+00:00,114677.25
2026-07-10T15:15:00+00:00,114669.06
2026-07-10T15:30:00+00:00,114641.05
2026-07-10T15:45:00+00:00,114641.05
2026-07-10T16:00:00+00:00,114641.05
2026-07-10T16:15:00+00:00,114641.05
2026-07-10T16:30:00+00:00,114641.05
2026-07-10T16:45:00+00:00,114641.05
2026-07-10T17:00:00+00:00,114641.05
2026-07-10T17:15:00+00:00,114641.05
2026-07-10T17:30:00+00:00,114627.95
2026-07-10T17:45:00+00:00,114910.22
2026-07-10T18:00:00+00:00,114910.22
2026-07-10T18:15:00+00:00,114910.22
2026-07-10T18:30:00+00:00,114910.22
2026-07-10T18:45:00+00:00,114910.22
2026-07-10T19:00:00+00:00,114910.22
2026-07-10T19:10:00+00:00,114910.22
2026-07-13T14:00:00+00:00,114908.19
2026-07-13T14:15:00+00:00,115049.04
2026-07-13T14:30:00+00:00,115330.78
2026-07-13T14:45:00+00:00,115335.41
2026-07-13T15:00:00+00:00,115150.75
2026-07-13T15:15:00+00:00,115166.87
2026-07-13T15:30:00+00:00,115170.12
2026-07-13T15:45:00+00:00,115172.98
2026-07-13T16:00:00+00:00,115178.31
2026-07-13T16:15:00+00:00,115182.21
2026-07-13T16:30:00+00:00,115183.77
2026-07-13T16:45:00+00:00,115191.05
2026-07-13T17:00:00+00:00,115191.96
2026-07-13T17:15:00+00:00,115197.55
2026-07-13T17:30:00+00:00,115199.37
2026-07-13T17:45:00+00:00,115193.86
2026-07-13T18:00:00+00:00,115463.44
2026-07-13T18:15:00+00:00,115460.71
2026-07-13T18:30:00+00:00,115453.56
2026-07-13T18:45:00+00:00,115461.23
2026-07-13T19:00:00+00:00,115466.17
2026-07-13T19:10:00+00:00,115461.62
2026-07-14T14:00:00+00:00,115841.7
2026-07-14T14:15:00+00:00,115989.81
2026-07-14T14:30:00+00:00,115989.81
2026-07-14T14:45:00+00:00,115989.81
2026-07-14T15:00:00+00:00,115989.81
2026-07-14T15:15:00+00:00,115983.33
2026-07-14T15:30:00+00:00,116131.81
2026-07-14T15:45:00+00:00,116131.81
2026-07-14T16:00:00+00:00,116131.81
2026-07-14T16:15:00+00:00,116131.81
2026-07-14T16:30:00+00:00,116131.81
2026-07-14T16:45:00+00:00,116131.81
2026-07-14T17:00:00+00:00,116131.81
2026-07-14T17:15:00+00:00,116131.81
2026-07-14T17:30:00+00:00,116125.33
2026-07-14T17:45:00+00:00,116209.93
2026-07-14T18:00:00+00:00,116153.8
2026-07-14T18:15:00+00:00,116153.8
2026-07-14T18:30:00+00:00,116153.8
2026-07-14T18:45:00+00:00,116153.8
2026-07-14T19:00:00+00:00,116153.8
2026-07-14T19:10:00+00:00,116153.8
2026-07-15T14:00:00+00:00,116389.7
2026-07-15T14:15:00+00:00,116323.39
2026-07-15T14:30:00+00:00,116323.39
2026-07-15T14:45:00+00:00,116323.39
2026-07-15T15:00:00+00:00,116323.39
2026-07-15T15:15:00+00:00,116323.39
2026-07-15T15:30:00+00:00,116323.39
2026-07-15T15:45:00+00:00,116301.79
2026-07-15T16:00:00+00:00,116092.79
2026-07-15T16:15:00+00:00,116119.69
2026-07-15T16:30:00+00:00,116121.89
2026-07-15T16:45:00+00:00,116128.49
2026-07-15T17:00:00+00:00,116120.69
2026-07-15T17:15:00+00:00,116105.29
2026-07-15T17:30:00+00:00,116073.35
2026-07-15T17:45:00+00:00,116015.03
2026-07-15T18:00:00+00:00,116028.64
2026-07-15T18:15:00+00:00,116012.96
2026-07-15T18:30:00+00:00,116097.44
2026-07-15T18:45:00+00:00,116309.71
2026-07-15T19:00:00+00:00,116334.51
2026-07-15T19:10:00+00:00,116321.01
2026-07-16T14:00:00+00:00,116042.15
2026-07-16T14:15:00+00:00,116180.61
2026-07-16T14:30:00+00:00,116182.83
2026-07-16T14:45:00+00:00,116186.66
2026-07-16T15:00:00+00:00,116187.21
2026-07-16T15:15:00+00:00,116176.47
2026-07-16T15:30:00+00:00,116176.72
2026-07-16T15:45:00+00:00,116171.72
2026-07-16T16:00:00+00:00,116179.24
2026-07-16T16:15:00+00:00,116167.5
2026-07-16T16:30:00+00:00,116263.36
2026-07-16T16:45:00+00:00,116270.43
2026-07-16T17:00:00+00:00,116269.52
2026-07-16T17:15:00+00:00,116260.18
2026-07-16T17:30:00+00:00,116260.91
2026-07-16T17:45:00+00:00,116405.26
2026-07-16T18:00:00+00:00,116406.1
2026-07-16T18:15:00+00:00,116407.34
2026-07-16T18:30:00+00:00,116136.51
2026-07-16T18:45:00+00:00,116143.15
2026-07-16T19:00:00+00:00,116144.07
2026-07-16T19:10:00+00:00,116157.29
2026-07-17T14:00:00+00:00,115872.15
2026-07-17T14:15:00+00:00,115866.64
2026-07-17T14:30:00+00:00,115861.33
2026-07-17T14:45:00+00:00,115844.4
2026-07-17T15:00:00+00:00,116071.73
2026-07-17T15:15:00+00:00,116071.31
2026-07-17T15:30:00+00:00,116094.88
2026-07-17T15:45:00+00:00,116093.95
2026-07-17T16:00:00+00:00,116096.63
2026-07-17T16:15:00+00:00,116099.86
2026-07-17T16:30:00+00:00,116099.87
2026-07-17T16:45:00+00:00,116095.1
2026-07-17T17:00:00+00:00,116090.05
2026-07-17T17:15:00+00:00,116096.02
2026-07-17T17:30:00+00:00,116097.03
2026-07-17T17:45:00+00:00,116079.44
2026-07-17T18:00:00+00:00,115723.06
2026-07-17T18:15:00+00:00,115728.79
2026-07-17T18:30:00+00:00,115738.05
2026-07-17T18:45:00+00:00,115729.81
2026-07-17T19:00:00+00:00,115736.08
2026-07-17T19:10:00+00:00,115728.18
2026-07-20T14:00:00+00:00,115340.37
2026-07-20T14:15:00+00:00,115446.45
2026-07-20T14:30:00+00:00,115454.35
2026-07-20T14:45:00+00:00,115439.55
2026-07-20T15:00:00+00:00,115356.08
2026-07-20T15:15:00+00:00,115318.48
2026-07-20T15:30:00+00:00,115258.0
2026-07-20T15:45:00+00:00,115283.11
2026-07-20T16:00:00+00:00,115283.11
2026-07-20T16:15:00+00:00,115283.11
2026-07-20T16:30:00+00:00,115283.11
2026-07-20T16:45:00+00:00,115283.11
2026-07-20T17:00:00+00:00,115283.11
2026-07-20T17:15:00+00:00,115283.11
2026-07-20T17:30:00+00:00,115275.49
2026-07-20T17:45:00+00:00,115245.55
2026-07-20T18:00:00+00:00,115082.98
2026-07-20T18:15:00+00:00,115063.0
2026-07-20T18:30:00+00:00,115063.0
2026-07-20T18:45:00+00:00,115063.0
2026-07-20T19:00:00+00:00,115063.0
2026-07-20T19:10:00+00:00,115063.0
2026-07-21T14:00:00+00:00,115027.48
2026-07-21T14:15:00+00:00,114995.1
2026-07-21T14:30:00+00:00,115114.45
2026-07-21T14:45:00+00:00,115137.39
2026-07-21T15:00:00+00:00,115138.21
2026-07-21T15:15:00+00:00,115107.83
2026-07-21T15:30:00+00:00,115088.59
2026-07-21T15:45:00+00:00,115088.51
2026-07-21T16:00:00+00:00,115084.53
2026-07-21T16:15:00+00:00,115068.99
2026-07-21T16:30:00+00:00,115046.91
2026-07-21T16:45:00+00:00,115044.33
2026-07-21T17:00:00+00:00,115039.29
2026-07-21T17:15:00+00:00,115059.39
2026-07-21T17:30:00+00:00,115069.13
2026-07-21T17:45:00+00:00,115071.43
2026-07-21T18:00:00+00:00,115084.39
2026-07-21T18:15:00+00:00,115102.25
2026-07-21T18:30:00+00:00,115095.33
2026-07-21T18:45:00+00:00,115097.55
2026-07-21T19:00:00+00:00,115103.07
2026-07-21T19:10:00+00:00,115105.03
2026-07-22T14:00:00+00:00,115159.59
2026-07-22T14:15:00+00:00,115073.74
2026-07-22T14:30:00+00:00,115210.83
2026-07-22T14:45:00+00:00,115174.22
2026-07-22T15:00:00+00:00,115176.86
2026-07-22T15:15:00+00:00,115182.98
2026-07-22T15:30:00+00:00,115180.7
2026-07-22T15:45:00+00:00,115178.3
2026-07-22T16:00:00+00:00,115173.02
2026-07-22T16:15:00+00:00,115178.54
2026-07-22T16:30:00+00:00,115183.22
2026-07-22T16:45:00+00:00,115180.46
2026-07-22T17:00:00+00:00,115173.62
2026-07-22T17:15:00+00:00,115183.1
2026-07-22T17:30:00+00:00,115178.18
2026-07-22T17:45:00+00:00,115178.2
2026-07-22T18:00:00+00:00,115152.24
2026-07-22T18:15:00+00:00,115322.77
2026-07-22T18:30:00+00:00,115324.69
2026-07-22T18:45:00+00:00,115323.61
2026-07-22T19:00:00+00:00,115325.29
2026-07-22T19:10:00+00:00,115333.09
2026-07-23T14:00:00+00:00,115625.14
2026-07-23T14:15:00+00:00,115630.9
2026-07-23T14:30:00+00:00,115621.48
2026-07-23T14:45:00+00:00,115505.61
2026-07-23T15:00:00+00:00,115647.66
2026-07-23T15:15:00+00:00,115637.91
2026-07-23T15:30:00+00:00,115614.81
2026-07-23T15:45:00+00:00,115636.86
2026-07-23T16:00:00+00:00,115644.51
2026-07-23T16:15:00+00:00,115658.31
2026-07-23T16:30:00+00:00,115668.21
2026-07-23T16:45:00+00:00,115664.16
2026-07-23T17:00:00+00:00,115664.76
2026-07-23T17:15:00+00:00,115663.26
2026-07-23T17:30:00+00:00,115664.61
2026-07-23T17:45:00+00:00,115658.91
2026-07-23T18:00:00+00:00,115652.76
2026-07-23T18:15:00+00:00,115634.43
2026-07-23T18:30:00+00:00,115364.43
2026-07-23T18:45:00+00:00,115362.78
2026-07-23T19:00:00+00:00,115360.23
2026-07-23T19:10:00+00:00,115356.48
2026-07-24T14:00:00+00:00,115268.3
2026-07-24T14:15:00+00:00,115388.98
2026-07-24T14:30:00+00:00,115388.98
2026-07-24T14:45:00+00:00,115388.98
2026-07-24T15:00:00+00:00,115388.98
2026-07-24T15:15:00+00:00,115388.98
2026-07-24T15:30:00+00:00,115388.98
2026-07-24T15:45:00+00:00,115388.98
2026-07-24T16:00:00+00:00,115388.98
2026-07-24T16:15:00+00:00,115388.98
2026-07-24T16:30:00+00:00,115388.98
2026-07-24T16:45:00+00:00,115388.98
2026-07-24T17:00:00+00:00,115388.98
2026-07-24T17:15:00+00:00,115388.98
2026-07-24T17:30:00+00:00,115380.34
2026-07-24T17:45:00+00:00,115344.34
2026-07-24T18:00:00+00:00,115316.73
2026-07-24T18:15:00+00:00,115316.73
2026-07-24T18:30:00+00:00,115316.73
2026-07-24T18:45:00+00:00,115316.73
2026-07-24T19:00:00+00:00,115316.73
2026-07-24T19:10:00+00:00,115316.73
2026-07-27T14:00:00+00:00,115746.77
2026-07-27T14:15:00+00:00,115801.2
2026-07-27T14:30:00+00:00,115801.2
2026-07-27T14:45:00+00:00,115801.2
2026-07-27T15:00:00+00:00,115801.2
2026-07-27T15:15:00+00:00,115794.18
2026-07-27T15:30:00+00:00,115889.73
2026-07-27T15:45:00+00:00,115919.54
2026-07-27T16:00:00+00:00,115919.54
2026-07-27T16:15:00+00:00,115919.54
2026-07-27T16:30:00+00:00,115919.54
2026-07-27T16:45:00+00:00,115919.54
2026-07-27T17:00:00+00:00,115919.54
2026-07-27T17:15:00+00:00,115919.54
2026-07-27T17:30:00+00:00,115919.54
2026-07-27T17:45:00+00:00,115914.5
2026-07-27T18:00:00+00:00,115905.97
2026-07-27T18:15:00+00:00,116022.44
2026-07-27T18:30:00+00:00,116007.06
2026-07-27T18:45:00+00:00,116158.83
2026-07-27T19:00:00+00:00,116119.75
2026-07-27T19:10:00+00:00,116119.75
2026-07-28T14:00:00+00:00,115344.47
2026-07-28T14:15:00+00:00,115335.53
2026-07-28T14:30:00+00:00,115335.65
2026-07-28T14:45:00+00:00,115327.19
2026-07-28T15:00:00+00:00,115126.68
2026-07-28T15:15:00+00:00,115124.46
2026-07-28T15:30:00+00:00,115119.48
2026-07-28T15:45:00+00:00,115070.76
2026-07-28T16:00:00+00:00,115069.92
2026-07-28T16:15:00+00:00,115071.6
2026-07-28T16:30:00+00:00,115074.06
2026-07-28T16:45:00+00:00,115073.04
2026-07-28T17:00:00+00:00,115071.48
2026-07-28T17:15:00+00:00,115079.34
2026-07-28T17:30:00+00:00,115077.66
2026-07-28T17:45:00+00:00,114971.98
2026-07-28T18:00:00+00:00,115014.65
2026-07-28T18:15:00+00:00,115016.81
2026-07-28T18:30:00+00:00,115018.07
2026-07-28T18:45:00+00:00,115017.65
2026-07-28T19:00:00+00:00,115018.07
2026-07-28T19:10:00+00:00,115015.97
2026-07-29T14:00:00+00:00,114924.33
2026-07-29T14:15:00+00:00,114841.11
2026-07-29T14:30:00+00:00,114832.25
2026-07-29T14:45:00+00:00,114811.04
2026-07-29T15:00:00+00:00,114811.4
2026-07-29T15:15:00+00:00,114813.8
2026-07-29T15:30:00+00:00,114814.64
2026-07-29T15:45:00+00:00,114815.18
2026-07-29T16:00:00+00:00,114816.62
2026-07-29T16:15:00+00:00,114795.99
2026-07-29T16:30:00+00:00,114800.85
2026-07-29T16:45:00+00:00,114800.55
2026-07-29T17:00:00+00:00,114803.43
2026-07-29T17:15:00+00:00,114804.09
2026-07-29T17:30:00+00:00,114794.67
2026-07-29T17:45:00+00:00,114721.63
2026-07-29T18:00:00+00:00,114551.23
2026-07-29T18:15:00+00:00,114507.9
2026-07-29T18:30:00+00:00,114511.86
2026-07-29T18:45:00+00:00,114488.1
2026-07-29T19:00:00+00:00,114475.26
2026-07-29T19:10:00+00:00,114503.82
2026-07-30T14:00:00+00:00,114535.85
2026-07-30T14:15:00+00:00,114559.7
2026-07-30T14:30:00+00:00,114560.75
2026-07-30T14:45:00+00:00,114561.73
2026-07-30T15:00:00+00:00,114560.54
2026-07-30T15:15:00+00:00,114561.31
2026-07-30T15:30:00+00:00,114563.34
2026-07-30T15:45:00+00:00,114565.58
2026-07-30T16:00:00+00:00,114566.35
2026-07-30T16:15:00+00:00,114564.95
2026-07-30T16:30:00+00:00,114565.02
2026-07-30T16:45:00+00:00,114567.61
2026-07-30T17:00:00+00:00,114565.02
2026-07-30T17:15:00+00:00,114569.57
2026-07-30T17:30:00+00:00,114570.9
2026-07-30T17:45:00+00:00,114565.79
2026-07-30T18:00:00+00:00,114567.75
2026-07-30T18:15:00+00:00,114569.99
2026-07-30T18:30:00+00:00,114569.29
2026-07-30T18:45:00+00:00,114570.76
2026-07-30T19:00:00+00:00,114567.4
2026-07-30T19:10:00+00:00,114562.78
2026-07-31T14:00:00+00:00,115113.41
2026-07-31T14:15:00+00:00,115086.53
2026-07-31T14:30:00+00:00,115136.23
2026-07-31T14:45:00+00:00,115151.77
2026-07-31T15:00:00+00:00,115162.48
2026-07-31T15:15:00+00:00,115165.7
2026-07-31T15:30:00+00:00,115148.9
2026-07-31T15:45:00+00:00,115159.82
2026-07-31T16:00:00+00:00,115165.14
2026-07-31T16:15:00+00:00,115159.47
2026-07-31T16:30:00+00:00,115165.7
2026-07-31T16:45:00+00:00,115163.53
2026-07-31T17:00:00+00:00,115168.99
2026-07-31T17:15:00+00:00,115173.61
2026-07-31T17:30:00+00:00,115179.35
2026-07-31T17:45:00+00:00,115179.56
2026-07-31T18:00:00+00:00,115180.89
2026-07-31T18:15:00+00:00,115181.52
2026-07-31T18:30:00+00:00,115183.62
2026-07-31T18:45:00+00:00,115183.9
2026-07-31T19:00:00+00:00,115185.65
2026-07-31T19:10:00+00:00,115186.35
2026-08-03T14:00:00+00:00,114888.91
2026-08-03T14:15:00+00:00,114874.94
2026-08-03T14:30:00+00:00,114877.32
2026-08-03T14:45:00+00:00,114875.64
2026-08-03T15:00:00+00:00,114879.98
2026-08-03T15:15:00+00:00,114877.95
2026-08-03T15:30:00+00:00,114880.61
2026-08-03T15:45:00+00:00,114850.79
2026-08-03T16:00:00+00:00,114799.41
2026-08-03T16:15:00+00:00,114800.67
2026-08-03T16:30:00+00:00,114801.79
2026-08-03T16:45:00+00:00,114802.98
2026-08-03T17:00:00+00:00,114804.03
2026-08-03T17:15:00+00:00,114805.01
2026-08-03T17:30:00+00:00,114806.13
2026-08-03T17:45:00+00:00,114806.69
2026-08-03T18:00:00+00:00,114807.74
2026-08-03T18:15:00+00:00,114805.99
2026-08-03T18:30:00+00:00,114807.46
2026-08-03T18:45:00+00:00,114808.44
2026-08-03T19:00:00+00:00,114809.14
2026-08-03T19:10:00+00:00,114809.7
2026-08-04T14:00:00+00:00,113478.03
2026-08-04T14:15:00+00:00,113657.31
2026-08-04T14:30:00+00:00,113667.67
2026-08-04T14:45:00+00:00,113655.0
2026-08-04T15:00:00+00:00,113658.22
2026-08-04T15:15:00+00:00,113660.39
2026-08-04T15:30:00+00:00,113659.83
2026-08-04T15:45:00+00:00,113640.79
2026-08-04T16:00:00+00:00,113643.1
2026-08-04T16:15:00+00:00,113646.67
2026-08-04T16:30:00+00:00,113635.05
2026-08-04T16:45:00+00:00,113641.14
2026-08-04T17:00:00+00:00,113637.08
2026-08-04T17:15:00+00:00,113630.85
2026-08-04T17:30:00+00:00,113634.56
2026-08-04T17:45:00+00:00,113624.62
2026-08-04T18:00:00+00:00,113638.55
2026-08-04T18:15:00+00:00,113627.35
2026-08-04T18:30:00+00:00,113624.2
2026-08-04T18:45:00+00:00,113626.65
2026-08-04T19:00:00+00:00,113614.47
2026-08-04T19:10:00+00:00,113607.75
2026-08-05T14:00:00+00:00,113592.18
2026-08-05T14:15:00+00:00,113590.64
2026-08-05T14:30:00+00:00,113636.21
2026-08-05T14:45:00+00:00,113637.05
2026-08-05T15:00:00+00:00,113586.49
2026-08-05T15:15:00+00:00,113712.48
2026-08-05T15:30:00+00:00,113740.11
2026-08-05T15:45:00+00:00,113736.75
2026-08-05T16:00:00+00:00,113755.58
2026-08-05T16:15:00+00:00,113754.46
2026-08-05T16:30:00+00:00,113738.71
2026-08-05T16:45:00+00:00,113743.96
2026-08-05T17:00:00+00:00,113740.6
2026-08-05T17:15:00+00:00,113747.95
2026-08-05T17:30:00+00:00,113744.73
2026-08-05T17:45:00+00:00,113717.86
2026-08-05T18:00:00+00:00,113657.66
2026-08-05T18:15:00+00:00,113667.02
2026-08-05T18:30:00+00:00,113664.57
2026-08-05T18:45:00+00:00,113673.46
2026-08-05T19:00:00+00:00,113684.38
2026-08-05T19:10:00+00:00,113679.55
2026-08-06T14:00:00+00:00,114044.74
2026-08-06T14:15:00+00:00,114028.36
2026-08-06T14:30:00+00:00,114011.42
2026-08-06T14:45:00+00:00,114006.24
2026-08-06T15:00:00+00:00,114028.22
2026-08-06T15:15:00+00:00,114053.77
2026-08-06T15:30:00+00:00,114086.04
2026-08-06T15:45:00+00:00,114090.94
2026-08-06T16:00:00+00:00,114098.4
2026-08-06T16:15:00+00:00,114124.44
2026-08-06T16:30:00+00:00,114106.38
2026-08-06T16:45:00+00:00,114120.94
2026-08-06T17:00:00+00:00,114096.44
2026-08-06T17:15:00+00:00,114116.18
2026-08-06T17:30:00+00:00,114110.08
2026-08-06T17:45:00+00:00,114036.64
2026-08-06T18:00:00+00:00,114071.24
2026-08-06T18:15:00+00:00,114067.67
2026-08-06T18:30:00+00:00,114064.03
2026-08-06T18:45:00+00:00,114074.25
2026-08-06T19:00:00+00:00,114064.94
2026-08-06T19:10:00+00:00,114053.53
2026-08-07T14:00:00+00:00,114147.28
2026-08-07T14:15:00+00:00,114161.12
2026-08-07T14:30:00+00:00,114148.32
2026-08-07T14:45:00+00:00,114155.76
2026-08-07T15:00:00+00:00,114163.12
2026-08-07T15:15:00+00:00,114164.72
2026-08-07T15:30:00+00:00,114166.32
2026-08-07T15:45:00+00:00,114177.44
2026-08-07T16:00:00+00:00,114186.64
2026-08-07T16:15:00+00:00,114173.44
2026-08-07T16:30:00+00:00,114202.4
2026-08-07T16:45:00+00:00,114182.96
2026-08-07T17:00:00+00:00,114195.92
2026-08-07T17:15:00+00:00,114191.52
2026-08-07T17:30:00+00:00,114189.28
2026-08-07T17:45:00+00:00,114186.08
2026-08-07T18:00:00+00:00,114191.76
2026-08-07T18:15:00+00:00,114201.76
2026-08-07T18:30:00+00:00,114208.56
2026-08-07T18:45:00+00:00,114207.36
2026-08-07T19:00:00+00:00,114194.32
2026-08-07T19:10:00+00:00,114169.92
2026-08-10T14:00:00+00:00,113328.94
2026-08-10T14:15:00+00:00,113409.13
2026-08-10T14:30:00+00:00,113281.63
2026-08-10T14:45:00+00:00,113285.57
2026-08-10T15:00:00+00:00,113074.61
2026-08-10T15:15:00+00:00,113106.03
2026-08-10T15:30:00+00:00,113116.2
2026-08-10T15:45:00+00:00,113127.64
2026-08-10T16:00:00+00:00,113121.56
2026-08-10T16:15:00+00:00,113127.88
2026-08-10T16:30:00+00:00,113126.2
2026-08-10T16:45:00+00:00,113145.08
2026-08-10T17:00:00+00:00,113144.36
2026-08-10T17:15:00+00:00,113150.2
2026-08-10T17:30:00+00:00,113154.36
2026-08-10T17:45:00+00:00,113153.64
2026-08-10T18:00:00+00:00,113099.32
2026-08-10T18:15:00+00:00,113076.23
2026-08-10T18:30:00+00:00,113074.71
2026-08-10T18:45:00+00:00,112910.74
2026-08-10T19:00:00+00:00,112884.17
2026-08-10T19:10:00+00:00,112887.21
2026-08-11T14:00:00+00:00,113116.16
2026-08-11T14:15:00+00:00,113108.06
2026-08-11T14:30:00+00:00,112893.62
2026-08-11T14:45:00+00:00,112887.68
2026-08-11T15:00:00+00:00,112797.73
2026-08-11T15:15:00+00:00,112797.73
2026-08-11T15:30:00+00:00,112797.73
2026-08-11T15:45:00+00:00,112797.73
2026-08-11T16:00:00+00:00,112797.73
2026-08-11T16:15:00+00:00,112797.73
2026-08-11T16:30:00+00:00,112797.73
2026-08-11T16:45:00+00:00,112797.73
2026-08-11T17:00:00+00:00,112797.73
2026-08-11T17:15:00+00:00,112797.73
2026-08-11T17:30:00+00:00,112797.73
2026-08-11T17:45:00+00:00,112797.73
2026-08-11T18:00:00+00:00,112790.71
2026-08-11T18:15:00+00:00,112862.34
2026-08-11T18:30:00+00:00,112811.55
2026-08-11T18:45:00+00:00,112811.55
2026-08-11T19:00:00+00:00,112811.55
2026-08-11T19:10:00+00:00,112811.55
2026-08-12T14:00:00+00:00,112894.95
2026-08-12T14:15:00+00:00,112884.59
2026-08-12T14:30:00+00:00,112726.65
2026-08-12T14:45:00+00:00,112881.43
2026-08-12T15:00:00+00:00,112879.76
2026-08-12T15:15:00+00:00,112879.6
2026-08-12T15:30:00+00:00,112872.31
2026-08-12T15:45:00+00:00,112863.53
2026-08-12T16:00:00+00:00,112861.38
2026-08-12T16:15:00+00:00,112862.03
2026-08-12T16:30:00+00:00,112871.15
2026-08-12T16:45:00+00:00,112873.21
2026-08-12T17:00:00+00:00,112882.14
2026-08-12T17:15:00+00:00,112888.5
2026-08-12T17:30:00+00:00,112889.26
2026-08-12T17:45:00+00:00,112822.19
2026-08-12T18:00:00+00:00,112860.98
2026-08-12T18:15:00+00:00,112853.7
2026-08-12T18:30:00+00:00,112852.9
2026-08-12T18:45:00+00:00,112851.12
2026-08-12T19:00:00+00:00,112854.56
2026-08-12T19:10:00+00:00,112856.8
2026-08-13T14:00:00+00:00,112843.53
2026-08-13T14:15:00+00:00,112860.61
2026-08-13T14:30:00+00:00,112847.92
2026-08-13T14:45:00+00:00,112862.89
2026-08-13T15:00:00+00:00,112857.05
2026-08-13T15:15:00+00:00,112631.57
2026-08-13T15:30:00+00:00,112645.03
2026-08-13T15:45:00+00:00,112646.42
2026-08-13T16:00:00+00:00,112649.44
2026-08-13T16:15:00+00:00,112667.07
2026-08-13T16:30:00+00:00,112667.83
2026-08-13T16:45:00+00:00,112667.89
2026-08-13T17:00:00+00:00,112662.6
2026-08-13T17:15:00+00:00,112675.73
2026-08-13T17:30:00+00:00,112684.66
2026-08-13T17:45:00+00:00,112691.9
2026-08-13T18:00:00+00:00,112678.81
2026-08-13T18:15:00+00:00,112473.67
2026-08-13T18:30:00+00:00,112480.93
2026-08-13T18:45:00+00:00,112489.12
2026-08-13T19:00:00+00:00,112489.12
2026-08-13T19:10:00+00:00,112486.11
2026-08-14T14:00:00+00:00,113044.55
2026-08-14T14:15:00+00:00,112928.16
2026-08-14T14:30:00+00:00,112923.45
2026-08-14T14:45:00+00:00,113076.75
2026-08-14T15:00:00+00:00,113078.01
2026-08-14T15:15:00+00:00,113070.82
2026-08-14T15:30:00+00:00,113121.69
2026-08-14T15:45:00+00:00,113104.92
2026-08-14T16:00:00+00:00,113106.53
2026-08-14T16:15:00+00:00,113106.95
2026-08-14T16:30:00+00:00,113107.79
2026-08-14T16:45:00+00:00,113107.79
2026-08-14T17:00:00+00:00,113107.44
2026-08-14T17:15:00+00:00,113107.09
2026-08-14T17:30:00+00:00,113093.79
2026-08-14T17:45:00+00:00,112878.56
2026-08-14T18:00:00+00:00,112880.94
2026-08-14T18:15:00+00:00,112878.08
2026-08-14T18:30:00+00:00,112993.08
2026-08-14T18:45:00+00:00,112994.9
2026-08-14T19:00:00+00:00,112995.95
2026-08-14T19:10:00+00:00,112996.37
2026-08-17T14:00:00+00:00,113045.93
2026-08-17T14:15:00+00:00,112920.33
2026-08-17T14:30:00+00:00,112921.94
2026-08-17T14:45:00+00:00,112922.92
2026-08-17T15:00:00+00:00,112923.55
2026-08-17T15:15:00+00:00,112919.83
2026-08-17T15:30:00+00:00,112922.21
2026-08-17T15:45:00+00:00,112916.96
2026-08-17T16:00:00+00:00,112924.17
2026-08-17T16:15:00+00:00,112925.64
2026-08-17T16:30:00+00:00,112927.95
2026-08-17T16:45:00+00:00,112928.02
2026-08-17T17:00:00+00:00,112928.65
2026-08-17T17:15:00+00:00,112925.78
2026-08-17T17:30:00+00:00,112919.97
2026-08-17T17:45:00+00:00,112917.01
2026-08-17T18:00:00+00:00,113020.5
2026-08-17T18:15:00+00:00,113013.42
2026-08-17T18:30:00+00:00,112856.49
2026-08-17T18:45:00+00:00,112854.18
2026-08-17T19:00:00+00:00,112856.77
2026-08-17T19:10:00+00:00,112853.2
2026-08-18T14:00:00+00:00,112303.78
2026-08-18T14:15:00+00:00,112332.55
2026-08-18T14:30:00+00:00,112256.09
2026-08-18T14:45:00+00:00,112256.09
2026-08-18T15:00:00+00:00,112212.36
2026-08-18T15:15:00+00:00,112207.5
2026-08-18T15:30:00+00:00,112103.64
2026-08-18T15:45:00+00:00,112187.88
2026-08-18T16:00:00+00:00,112187.88
2026-08-18T16:15:00+00:00,112187.88
2026-08-18T16:30:00+00:00,112187.88
2026-08-18T16:45:00+00:00,112187.88
2026-08-18T17:00:00+00:00,112187.88
2026-08-18T17:15:00+00:00,112187.88
2026-08-18T17:30:00+00:00,112182.68
2026-08-18T17:45:00+00:00,112153.48
2026-08-18T18:00:00+00:00,112200.99
2026-08-18T18:15:00+00:00,112200.99
2026-08-18T18:30:00+00:00,112200.99
2026-08-18T18:45:00+00:00,112200.99
2026-08-18T19:00:00+00:00,112200.99
2026-08-18T19:10:00+00:00,112200.99
2026-08-19T14:00:00+00:00,112404.72
2026-08-19T14:15:00+00:00,112404.72
2026-08-19T14:30:00+00:00,112404.72
2026-08-19T14:45:00+00:00,112404.72
2026-08-19T15:00:00+00:00,112404.72
2026-08-19T15:15:00+00:00,112404.72
2026-08-19T15:30:00+00:00,112404.72
2026-08-19T15:45:00+00:00,112404.72
2026-08-19T16:00:00+00:00,112404.72
2026-08-19T16:15:00+00:00,112404.72
2026-08-19T16:30:00+00:00,112404.72
2026-08-19T16:45:00+00:00,112404.72
2026-08-19T17:00:00+00:00,112404.72
2026-08-19T17:15:00+00:00,112404.72
2026-08-19T17:30:00+00:00,112404.72
2026-08-19T17:45:00+00:00,112404.72
2026-08-19T18:00:00+00:00,112404.72
2026-08-19T18:15:00+00:00,112404.72
2026-08-19T18:30:00+00:00,112404.72
2026-08-19T18:45:00+00:00,112404.72
2026-08-19T19:00:00+00:00,112404.72
2026-08-19T19:10:00+00:00,112404.72
2026-08-20T14:00:00+00:00,112540.66
2026-08-20T14:15:00+00:00,112746.98
2026-08-20T14:30:00+00:00,112729.62
2026-08-20T14:45:00+00:00,112638.74
2026-08-20T15:00:00+00:00,112623.35
2026-08-20T15:15:00+00:00,112585.32
2026-08-20T15:30:00+00:00,112571.07
2026-08-20T15:45:00+00:00,112614.2
2026-08-20T16:00:00+00:00,112590.45
2026-08-20T16:15:00+00:00,112601.28
2026-08-20T16:30:00+00:00,112608.12
2026-08-20T16:45:00+00:00,112591.59
2026-08-20T17:00:00+00:00,112588.74
2026-08-20T17:15:00+00:00,112607.93
2026-08-20T17:30:00+00:00,112603.44
2026-08-20T17:45:00+00:00,112689.26
2026-08-20T18:00:00+00:00,112672.8
2026-08-20T18:15:00+00:00,112699.4
2026-08-20T18:30:00+00:00,112694.08
2026-08-20T18:45:00+00:00,112697.69
2026-08-20T19:00:00+00:00,112690.66
2026-08-20T19:10:00+00:00,112677.17
2026-08-21T14:00:00+00:00,112766.25
2026-08-21T14:15:00+00:00,113098.98
2026-08-21T14:30:00+00:00,113098.98
2026-08-21T14:45:00+00:00,113091.7
2026-08-21T15:00:00+00:00,113084.49
2026-08-21T15:15:00+00:00,113024.26
2026-08-21T15:30:00+00:00,112916.57
2026-08-21T15:45:00+00:00,113001.28
2026-08-21T16:00:00+00:00,113001.28
2026-08-21T16:15:00+00:00,113001.28
2026-08-21T16:30:00+00:00,113001.28
2026-08-21T16:45:00+00:00,113001.28
2026-08-21T17:00:00+00:00,113001.28
2026-08-21T17:15:00+00:00,113001.28
2026-08-21T17:30:00+00:00,113001.28
2026-08-21T17:45:00+00:00,113001.28
2026-08-21T18:00:00+00:00,113001.28
2026-08-21T18:15:00+00:00,112995.34
2026-08-21T18:30:00+00:00,113183.91
2026-08-21T18:45:00+00:00,113183.91
2026-08-21T19:00:00+00:00,113183.91
2026-08-21T19:10:00+00:00,113104.51